work_id,category,state,district,sanctioned_amt,norm_cost,norm_duration,shap_norm_cost,shap_norm_duration,primary_driver
1,Health Centre Infrastructure,Maharashtra,Hingoli,3701564.12,1.2354560306462286,1.334841628959276,-0.010615951834625253,-0.11530226743289479,Timeline Duration
2,Rural Roads,Maharashtra,Hingoli,3782079.38,1.095447214759367,1.1554404145077721,0.4062568140760921,0.7527312448983093,Timeline Duration
3,Health Centre Infrastructure,Maharashtra,Hingoli,4803380.36,1.6032047644901128,2.4479638009049776,-0.12577672313906582,-3.3136130145328657,Timeline Duration
4,Irrigation Facilities,Maharashtra,Hingoli,4041622.24,1.2347224829848993,1.1697247706422018,0.10751248244239842,0.701616147940476,Timeline Duration
5,Drinking Water Supply,Maharashtra,Hingoli,520435.51,0.34635936588988614,0.8802816901408451,-1.3388632692035378,0.8033160681198365,Cost Multiplier
6,Sports Infrastructure,Maharashtra,Hingoli,2451616.08,1.2336762730600428,1.3296703296703296,-0.003212968180372429,-0.09930688355028156,Timeline Duration
7,Community Hall Construction,Maharashtra,Hingoli,1544712.46,0.8641582399657056,5.394495412844036,0.45171551174733215,-4.8422050545220445,Timeline Duration
8,Health Centre Infrastructure,Jammu And Kashmir,Baramullah,3099032.22,1.0343514042290776,0.918552036199095,0.5127239724570528,1.0521996368238635,Timeline Duration
9,Health Centre Infrastructure,Jammu And Kashmir,Baramullah,1448370.15,0.4834166256251377,0.8687782805429864,-0.1707732992433335,0.8543213947126346,Timeline Duration
10,Sanitation & Drainage,Jammu And Kashmir,Baramullah,1623381.8,1.423458642209887,1.353448275862069,0.11770509392526579,-0.23323414036929593,Timeline Duration
11,Street Lighting,Jammu And Kashmir,Baramullah,852718.65,1.2470194189595716,0.6212121212121212,0.011599661227852354,0.41152866492478907,Timeline Duration
12,Health Centre Infrastructure,Jammu And Kashmir,Baramullah,4797753.22,1.601326616814451,1.0633484162895928,-0.11405549886284581,0.9409261069324492,Timeline Duration
13,Community Hall Construction,Bihar,Aurangabad,1513541.53,0.8467202916715006,0.6834862385321101,0.32912116651901246,0.6254176175173664,Timeline Duration
14,Community Hall Construction,Bihar,Aurangabad,1695454.75,0.9484879747143979,1.311926605504587,0.5764609315207404,0.1999492508914086,Cost Multiplier
15,Electrification,Bihar,Aurangabad,1603359.34,1.5492485649544925,1.0,0.24625609138757523,1.0387729652619409,Timeline Duration
16,Irrigation Facilities,Bihar,Aurangabad,5033863.17,1.5378537783057715,0.6880733944954128,0.28834504798036265,0.7531084575789279,Timeline Duration
17,Electrification,Bihar,Aurangabad,1007683.35,0.9736756726761172,1.105263157894737,0.6043661949847596,0.8637457870394915,Timeline Duration
18,Electrification,Bihar,Aurangabad,339492.01,0.32803470574850435,0.7578947368421053,-1.2907253551269893,0.8462142101546696,Cost Multiplier
19,Drinking Water Supply,Bihar,Aurangabad,1232134.25,0.8200079151424744,1.176056338028169,0.46122612420787074,0.6885243871791454,Timeline Duration
20,Street Lighting,West Bengal,Tamluk,338980.39,0.49572637935911096,0.7121212121212122,0.05217585642305245,0.7356482894281379,Timeline Duration
21,Irrigation Facilities,West Bengal,Tamluk,1338351.07,0.4088685330116099,1.18348623853211,-0.7335685897878204,0.6669093580912009,Cost Multiplier
22,Drinking Water Supply,West Bengal,Tamluk,2452679.5,1.6323031384832347,0.9436619718309859,-0.2568323392536948,1.1188753681903527,Timeline Duration
23,Community Hall Construction,West Bengal,Tamluk,1189124.32,0.6652316247074336,1.1376146788990826,0.460469380158724,0.7014136697638994,Timeline Duration
24,Rural Roads,West Bengal,Tamluk,1324662.91,0.3836773767700608,0.46632124352331605,-0.8764237906793966,-0.5513965443539399,Cost Multiplier
25,School Infrastructure,West Bengal,Tamluk,2343135.31,1.0837462003718983,1.2166666666666666,0.4359655411942145,0.6824787848657169,Timeline Duration
26,Health Centre Infrastructure,West Bengal,Tamluk,4455536.62,1.487106371385541,1.2895927601809956,0.19697721401224205,0.13064086500182814,Cost Multiplier
27,Drinking Water Supply,West Bengal,Murshidabad,2439038.52,1.6232248164007992,0.6619718309859155,-0.13459185678896884,0.6661677793122459,Timeline Duration
28,Community Hall Construction,West Bengal,Murshidabad,2386040.24,1.3348221029341278,0.9724770642201835,0.3680874674122854,1.1525959517917577,Timeline Duration
29,Street Lighting,West Bengal,Murshidabad,735151.1,1.0750881285046243,0.5454545454545454,0.46766626517768556,-0.10231820007566841,Cost Multiplier
30,Rural Roads,West Bengal,Murshidabad,3585304.79,1.038453123707022,1.0155440414507773,0.550343471448116,0.9567521880301315,Timeline Duration
31,Electrification,West Bengal,Murshidabad,1372673.12,1.3263476304142812,1.063157894736842,0.35969780130846685,0.9898407686796404,Timeline Duration
32,Rural Roads,West Bengal,Murshidabad,4683771.98,1.356614828655174,1.005181347150259,0.16591745340123057,1.0224780748830335,Timeline Duration
33,Street Lighting,West Bengal,Murshidabad,639562.98,0.9352996509548044,1.196969696969697,0.4104961317349992,0.6418204075106445,Timeline Duration
34,Sports Infrastructure,West Bengal,Murshidabad,2784886.91,1.401381289693001,0.9395604395604396,0.3389254758828856,1.181666304503751,Timeline Duration
35,Irrigation Facilities,West Bengal,Kanthi,5186839.6,1.5845883384084904,1.353211009174312,-0.0698177833091395,-0.1897874490048537,Timeline Duration
36,Irrigation Facilities,West Bengal,Kanthi,3842118.24,1.173773670944163,0.9862385321100917,0.26469289492526654,1.1078612018630096,Timeline Duration
37,Community Hall Construction,West Bengal,Kanthi,2331930.59,1.304551550245532,1.188073394495413,0.1340587874167077,0.6099402402345394,Timeline Duration
38,Rural Roads,West Bengal,Kanthi,5714978.18,1.6552949583230472,0.8134715025906736,-0.3950557168522494,1.0168542000744776,Timeline Duration
39,Irrigation Facilities,West Bengal,Kanthi,2888846.36,0.8825474868183346,0.37155963302752293,0.47746896756603285,-1.6550915821911774,Timeline Duration
40,Irrigation Facilities,West Bengal,Kanthi,4166525.06,1.2728805073830962,1.4495412844036697,-0.06492082247077204,-0.8435821060902224,Timeline Duration
41,Irrigation Facilities,West Bengal,Kanthi,1414707.93,0.43219568388658386,0.7844036697247706,-0.4673379240577866,0.9026066657576494,Timeline Duration
42,Sports Infrastructure,Uttar Pradesh,Badaun,2195006.55,1.1045479437165309,1.0934065934065933,0.3013833094819908,0.8921368387454833,Timeline Duration
43,Street Lighting,Uttar Pradesh,Badaun,548227.22,0.8017298429466989,0.7575757575757576,0.548526077785471,0.9046341859739795,Timeline Duration
44,Sanitation & Drainage,Uttar Pradesh,Badaun,1218541.93,1.068475722195244,1.456896551724138,0.4650731791335545,-0.7989123490638778,Timeline Duration
45,Drinking Water Supply,Uttar Pradesh,Badaun,2333150.39,1.5527543260953514,0.9366197183098591,0.316842449191824,1.1661766797618183,Timeline Duration
46,Electrification,Uttar Pradesh,Badaun,473496.92,0.4575171675616846,4.578947368421052,-0.23859653391504018,-4.43179632539291,Timeline Duration
47,Street Lighting,Uttar Pradesh,Badaun,943389.73,1.379617196078715,0.6818181818181818,0.2650207741228475,0.7477927196754067,Timeline Duration
48,Sanitation & Drainage,Uttar Pradesh,Badaun,1289303.74,1.1305230544881857,3.7758620689655173,0.36277998353007535,-3.6162793434979554,Timeline Duration
49,Sanitation & Drainage,Uttar Pradesh,Badaun,1195467.9,1.0482433114252634,1.1206896551724137,0.5261614148196869,0.7699153552055886,Timeline Duration
50,Rural Roads,Kerala,Attingal,2193454.56,0.6353155095473519,0.8341968911917098,0.3628381839711155,0.8960934764291993,Timeline Duration
51,Sanitation & Drainage,Kerala,Attingal,1570423.68,1.3770224350347244,0.7327586206896551,0.23465544996516216,0.8683205763626878,Timeline Duration
52,Drinking Water Supply,Kerala,Attingal,497161.45,0.33087005259671143,2.8732394366197185,-1.2288194767409517,-3.3601058822639662,Timeline Duration
53,Street Lighting,Kerala,Attingal,968127.56,1.4157939050001402,1.5909090909090908,-0.0019011257289503875,-1.7619732910962742,Timeline Duration
54,Community Hall Construction,Kerala,Attingal,1172297.41,0.6558181491861308,0.9770642201834863,0.3936426166828193,1.0254115295922444,Timeline Duration
55,Sanitation & Drainage,Kerala,Idukki,653059.53,0.5726337648087634,0.7672413793103449,0.19185001891843054,0.9324643014310862,Timeline Duration
56,Sanitation & Drainage,Kerala,Idukki,1714904.1,1.5037097629813074,1.0344827586206897,0.29640689507363105,1.0634437323613155,Timeline Duration
57,Sanitation & Drainage,Kerala,Idukki,1285780.28,1.127433516594216,1.2413793103448276,0.2969450791901214,0.6134095420829585,Timeline Duration
58,Sports Infrastructure,Kerala,Idukki,3403289.26,1.7125671693351232,1.2197802197802199,-1.2374117192166245,0.4162072845901163,Cost Multiplier
59,Electrification,Kerala,Idukki,559690.08,0.5408014483261531,0.5789473684210527,-0.09529630312324545,0.15521498833680453,Timeline Duration
60,Rural Roads,Maharashtra,Nandurbar,5058620.95,1.4651866535389544,1.1761658031088082,0.4638522480685624,0.6895264784590075,Timeline Duration
61,Rural Roads,Maharashtra,Nandurbar,3135146.95,0.9080687233589542,1.4041450777202074,0.5964123744912886,-0.32148139695766803,Cost Multiplier
62,Rural Roads,Maharashtra,Nandurbar,4798561.05,1.3898625091986525,1.2279792746113989,0.20624343514276516,0.5792493567692818,Timeline Duration
63,Rural Roads,Maharashtra,Nandurbar,854848.42,0.2475995944671171,1.0569948186528497,-2.5000448033262384,0.7880224120198034,Cost Multiplier
64,Street Lighting,Maharashtra,Nandurbar,636216.37,0.9304055541062316,0.8939393939393939,0.5171177443187466,1.0245751046440903,Timeline Duration
65,Rural Roads,Maharashtra,Nandurbar,5122852.27,1.4837907105998396,0.8808290155440415,0.4114744829946109,0.9773255063337656,Timeline Duration
66,Rural Roads,Maharashtra,Nandurbar,3078462.88,0.8916506632486649,1.150259067357513,0.5237225880084108,0.6675317703516627,Timeline Duration
67,Community Hall Construction,Kerala,Kottayam,2824806.12,1.580280827736415,0.8853211009174312,0.1094225765330514,1.053099920735507,Timeline Duration
68,Street Lighting,Kerala,Kottayam,811248.33,1.186373044741689,0.9848484848484849,0.24449568629173135,1.0944743910121228,Timeline Duration
69,Drinking Water Supply,Kerala,Kottayam,1850418.36,1.2314873168447,0.9929577464788732,0.14900113573817073,1.0537998119676317,Timeline Duration
70,Sanitation & Drainage,Kerala,Kottayam,554733.7,0.48641698421780183,0.5258620689655172,-0.04687591287655094,-0.2578577953076768,Timeline Duration
71,Electrification,Kerala,Kottayam,427059.71,0.41264713801921765,0.631578947368421,-0.6598071215237586,0.47912042491145507,Cost Multiplier
72,Rural Roads,Uttar Pradesh,Ghazipur,2040578.18,0.5910361626994033,0.7409326424870466,0.3122206721084475,0.9238094131778524,Timeline Duration
73,Street Lighting,Uttar Pradesh,Ghazipur,345041.38,0.5045899971867728,1.0757575757575757,0.15875475166364797,0.9335087328914912,Timeline Duration
74,Health Centre Infrastructure,Uttar Pradesh,Ghazipur,1217304.75,0.40629486502635526,0.3574660633484163,-0.7977241705465639,-1.6001454285599013,Timeline Duration
75,Street Lighting,Uttar Pradesh,Ghazipur,1162020.54,1.699343832353013,1.1818181818181819,-0.9379391767094016,0.5996206918027429,Cost Multiplier
76,Rural Roads,Uttar Pradesh,Ghazipur,3740068.56,1.0832791370605968,0.9067357512953368,0.3450576976779487,1.0150058409736682,Timeline Duration
77,Irrigation Facilities,Uttar Pradesh,Ghazipur,3151868.71,0.9629012630466947,1.444954128440367,0.6273181675101691,-0.7041818080397683,Timeline Duration
78,Irrigation Facilities,Uttar Pradesh,Ghazipur,1749001.29,0.5343228751464392,1.1238532110091743,0.06527871624626147,0.788478605361539,Timeline Duration
79,Rural Roads,Jammu And Kashmir,Srinagar,3083163.5,0.8930121579634169,0.8911917098445595,0.5783891169136223,1.0382952507807224,Timeline Duration
80,School Infrastructure,Jammu And Kashmir,Srinagar,3328707.52,1.5395927463315657,1.1055555555555556,0.18098160154786352,0.8081450669765075,Timeline Duration
81,Health Centre Infrastructure,Jammu And Kashmir,Srinagar,3120036.55,1.0413619341907152,1.3212669683257918,0.5426568806228034,0.12628258952345717,Cost Multiplier
82,School Infrastructure,Jammu And Kashmir,Srinagar,926476.4,0.4285135706628206,0.7055555555555556,-0.4979462003367676,0.7238819851643331,Timeline Duration
83,Sports Infrastructure,Jammu And Kashmir,Srinagar,726548.82,0.36560620064695115,1.2252747252747254,-1.0987362744739122,0.5785491599263951,Cost Multiplier
84,Sanitation & Drainage,Jammu And Kashmir,Srinagar,1247519.98,1.0938850594853935,0.3706896551724138,0.37319360109963523,-1.5164065017984563,Timeline Duration
85,Street Lighting,Jammu And Kashmir,Srinagar,1016090.03,1.4859344272829187,0.9696969696969697,0.4355621518214913,1.1600996697035493,Timeline Duration
86,Drinking Water Supply,Uttarakhand,Nainital Udham Singh Nag.,401074.44,0.26692238720036837,1.1619718309859155,-2.129008452255304,0.6804881471057668,Cost Multiplier
87,Community Hall Construction,Uttarakhand,Nainital Udham Singh Nag.,2705369.41,1.5134643685095022,1.2155963302752293,0.19459192333356812,0.5490884437916477,Timeline Duration
88,Sanitation & Drainage,Uttarakhand,Nainital Udham Singh Nag.,1396115.86,1.224181019180632,1.4482758620689655,0.0567614947721314,-0.8205404775335969,Timeline Duration
89,Rural Roads,Uttarakhand,Nainital Udham Singh Nag.,4459229.81,1.2915780935662013,0.5854922279792746,-0.005376441787506096,0.252243437016081,Timeline Duration
90,Sanitation & Drainage,Uttarakhand,Nainital Udham Singh Nag.,1670796.25,1.4650338949434882,0.9741379310344828,0.581685533884598,1.1629730194202137,Timeline Duration
91,Sanitation & Drainage,Uttarakhand,Nainital Udham Singh Nag.,861611.04,0.7555016824208874,0.7844827586206896,0.5700965360853958,0.9883539981941547,Timeline Duration
92,Irrigation Facilities,Uttarakhand,Nainital Udham Singh Nag.,3403797.83,1.0398660386024132,0.8715596330275229,0.5462510591741869,0.9511337006516171,Timeline Duration
93,Rural Roads,Bihar,Bhagalpur,5462283.32,1.5821040353522535,0.8704663212435233,0.10499531399409556,0.9705846233709575,Timeline Duration
94,Health Centre Infrastructure,Bihar,Bhagalpur,3436330.5,1.146930081956427,1.0180995475113122,0.15968969132961905,0.9615389980484441,Timeline Duration
95,Health Centre Infrastructure,Bihar,Bhagalpur,1503961.16,0.5019710113733481,0.5158371040723982,0.08495657382811882,-0.31164560387209816,Timeline Duration
96,Rural Roads,Bihar,Bhagalpur,2053625.13,0.5948151011093646,0.8031088082901554,0.3778172173907261,0.9966664989702586,Timeline Duration
97,Electrification,Bihar,Bhagalpur,902338.48,0.8718860210358196,1.1894736842105262,0.5709997950881353,0.6225545182298042,Timeline Duration
98,Health Centre Infrastructure,Bihar,Bhagalpur,1549268.93,0.5170932018493116,0.8597285067873304,0.14414603928248046,1.0090704598549889,Timeline Duration
99,Rural Roads,Uttarakhand,Almora,4130793.9,1.1964494178596492,1.3523316062176165,0.17631621173546386,-0.1953907279677025,Timeline Duration
100,Sanitation & Drainage,Uttarakhand,Almora,903316.71,0.7920712043846384,1.3189655172413792,0.6968515178675235,0.17583590459121462,Cost Multiplier
101,Rural Roads,Uttarakhand,Almora,5608064.32,1.6243282655625764,0.9430051813471503,-0.15252233010246363,1.1219428786599783,Timeline Duration
102,Community Hall Construction,Uttarakhand,Almora,2253749.03,1.2608144528653675,1.073394495412844,-0.07529179294083112,0.875074970737515,Timeline Duration
103,Sanitation & Drainage,Uttarakhand,Almora,428475.09,0.37570740896082433,0.4482758620689655,-1.006484437145159,-0.6751025302462803,Cost Multiplier
104,Electrification,Uttarakhand,Almora,1222675.89,1.1814125634413035,0.8315789473684211,0.16992018513457965,0.8481045805303352,Timeline Duration
105,Community Hall Construction,Uttarakhand,Almora,1137790.2,0.6365137863147865,0.8853211009174312,0.37920699975005673,1.0480382433759852,Timeline Duration
106,Sports Infrastructure,Uttarakhand,Almora,1591929.49,0.8010738941627331,1.2307692307692308,0.5790087403007075,0.6501627980028085,Timeline Duration
107,School Infrastructure,Uttar Pradesh,Hamirpur,1898523.75,0.8781046026651819,1.1166666666666667,0.7058476563275761,0.8543126517450498,Timeline Duration
108,School Infrastructure,Uttar Pradesh,Hamirpur,3295616.87,1.5242876693894507,0.7722222222222223,0.2719616088337173,0.9654112989232314,Timeline Duration
109,Irrigation Facilities,Uttar Pradesh,Hamirpur,2892381.64,0.8836275208839743,1.1376146788990826,0.6716921934372683,0.7906335692623151,Timeline Duration
110,Electrification,Uttar Pradesh,Hamirpur,1756379.5,1.6971045429469906,0.4421052631578947,-0.780347539359743,-0.6742941768204338,Cost Multiplier
111,Drinking Water Supply,Uttar Pradesh,Hamirpur,812595.03,0.5407968785913032,8.669014084507042,-0.07993600900428723,-6.5894924500133705,Timeline Duration
112,Irrigation Facilities,Uttar Pradesh,Hamirpur,5418955.56,1.6555001598140515,1.114678899082569,-0.5254440478227949,0.7474733757700848,Timeline Duration
113,School Infrastructure,Uttar Pradesh,Hamirpur,3630234.9,1.6790550944889555,1.05,-0.6503013226620526,0.998750163083703,Timeline Duration
114,Rural Roads,Uttar Pradesh,Kannauj,3877857.97,1.1231886710079875,0.8393782383419689,0.3036035887215339,0.8652078038413199,Timeline Duration
115,Sanitation & Drainage,Uttar Pradesh,Kannauj,1014964.13,0.8899689908939099,9.46551724137931,0.3415012785210458,-7.027567240766534,Timeline Duration
116,Community Hall Construction,Uttar Pradesh,Kannauj,1623916.87,0.908467550154815,1.0871559633027523,0.4781605913668478,0.9013980352565857,Timeline Duration
117,Sports Infrastructure,Uttar Pradesh,Kannauj,1295023.78,0.6516681479893577,0.8956043956043956,0.345906323238599,1.0028061077372425,Timeline Duration
118,Sanitation & Drainage,Uttar Pradesh,Kannauj,466982.84,0.40947284203981893,0.6810344827586207,-0.7750817617884845,0.6619852068013451,Cost Multiplier
119,Street Lighting,Uttar Pradesh,Kannauj,1047331.37,1.531621897182068,1.196969696969697,0.2502478458856468,0.6282441032939873,Timeline Duration
120,Drinking Water Supply,Uttar Pradesh,Kannauj,2126819.13,1.4154370927327369,0.9014084507042254,0.42530563468589316,1.1300444993156649,Timeline Duration
121,Drinking Water Supply,Uttar Pradesh,Kannauj,2493755.14,1.6596397293778902,1.0492957746478873,-0.4246775750796907,1.0040084871235582,Timeline Duration
122,Drinking Water Supply,Uttar Pradesh,Firozabad,669576.26,0.44561526716061617,0.7323943661971831,-0.2896572212182058,0.8536081102402043,Timeline Duration
123,School Infrastructure,Uttar Pradesh,Firozabad,3669895.18,1.697398754614877,0.8277777777777777,-0.8095691834304711,0.9242338332258545,Timeline Duration
124,Street Lighting,Uttar Pradesh,Firozabad,1076917.5,1.5748887808627081,1.0454545454545454,0.13942256087929825,1.0086919289395997,Timeline Duration
125,Street Lighting,Uttar Pradesh,Firozabad,971011.56,1.4200114789962988,1.0303030303030303,0.3473753898747286,1.0506640068996724,Timeline Duration
126,Health Centre Infrastructure,Uttar Pradesh,Firozabad,1391189.84,0.46433178566734157,1.0542986425339367,-0.05698322563236905,0.9919312684116851,Timeline Duration
127,Community Hall Construction,Uttar Pradesh,Firozabad,750335.84,0.41976025679082646,0.9128440366972477,-0.6431282247738425,0.9123544434904753,Timeline Duration
128,Community Hall Construction,Uttar Pradesh,Firozabad,940250.92,0.526004419070547,2.36697247706422,-0.03325259802486363,-3.2483432905126506,Timeline Duration
129,Sports Infrastructure,Uttar Pradesh,Firozabad,2126373.8,1.0700112983092038,0.7142857142857143,0.40309062612553204,0.6917279415264369,Timeline Duration
130,Sanitation & Drainage,Manipur,Outer Manipur,1852213.13,1.6241088739033076,0.6982758620689655,-0.1240050656524239,0.8472685099628396,Timeline Duration
131,Community Hall Construction,Manipur,Outer Manipur,1966522.94,1.1001316081069126,0.8853211009174312,0.22322705861793515,0.9656023758495573,Timeline Duration
132,Rural Roads,Manipur,Outer Manipur,2550117.57,0.7386199253611184,5.0310880829015545,0.5182989090742277,-4.737187490378189,Timeline Duration
133,Irrigation Facilities,Manipur,Outer Manipur,4029089.91,1.2308938348094116,0.6651376146788991,0.22866559122856814,0.6536138945957203,Timeline Duration
134,Community Hall Construction,Manipur,Outer Manipur,2322077.39,1.2990393761739705,1.298165137614679,-0.0904061047710921,0.09211395991137793,Timeline Duration
135,Electrification,Bihar,Gopalganj,411370.86,0.3974877612395331,0.8421052631578947,-0.9202525396669597,0.8902081407018264,Cost Multiplier
136,Rural Roads,Bihar,Gopalganj,5072641.39,1.4692475550707726,1.0518134715025906,0.49879636761452434,1.038109548664112,Timeline Duration
137,Rural Roads,Bihar,Gopalganj,4546150.66,1.3167539805506299,0.7409326424870466,0.2490349840951787,0.8795056737509389,Timeline Duration
138,Sanitation & Drainage,Bihar,Gopalganj,1182843.14,1.0371733193089137,0.4396551724137931,0.5031053771356663,-0.7724914497483404,Timeline Duration
139,Rural Roads,Bihar,Gopalganj,4955811.74,1.4354088378374472,0.6683937823834197,0.42582644952555704,0.6944678767399921,Timeline Duration
140,Street Lighting,Bihar,Gopalganj,318949.72,0.4664334414542452,1.9696969696969697,-0.04073708745822956,-2.549396160872136,Timeline Duration
141,Street Lighting,Madhya Pradesh,Bhopal,1139564.37,1.6665038328227373,0.4696969696969697,-0.5261557102565808,-0.5322930816177782,Timeline Duration
142,Irrigation Facilities,Madhya Pradesh,Bhopal,4165782.9,1.272653776238136,0.7935779816513762,0.022383826329007355,0.9459889852695803,Timeline Duration
143,Drinking Water Supply,Madhya Pradesh,Bhopal,1093823.63,0.727959663786534,1.204225352112676,0.44701106325382006,0.5796030860284263,Timeline Duration
144,Drinking Water Supply,Madhya Pradesh,Bhopal,755296.56,0.5026636971416734,4.598591549295775,0.024426711513111654,-4.417753668424364,Timeline Duration
145,Health Centre Infrastructure,Madhya Pradesh,Bhopal,1001002.26,0.33410046097148355,1.3484162895927603,-1.3045052335467164,-0.1442278401520512,Cost Multiplier
146,Sports Infrastructure,Maharashtra,Wardha,1290202.43,0.64924199931639,1.0604395604395604,0.28062128650844964,0.8813621213012649,Timeline Duration
147,Irrigation Facilities,Maharashtra,Wardha,2687135.93,0.8209246066518915,1.165137614678899,0.4679549403606766,0.7341208555759723,Timeline Duration
148,Sports Infrastructure,Maharashtra,Wardha,1396556.33,0.7027602822350599,1.032967032967033,0.5757028827774853,1.0256804701706177,Timeline Duration
149,Sports Infrastructure,Maharashtra,Wardha,1018636.92,0.5125876801505401,0.45604395604395603,-0.01075274598631207,-0.8918266246793674,Timeline Duration
150,Community Hall Construction,Maharashtra,Wardha,2585270.3,1.4462773429584503,2.7339449541284404,0.32623440708388274,-3.479227061821495,Timeline Duration
151,Health Centre Infrastructure,Maharashtra,Wardha,2886627.98,0.9634581032526165,0.46153846153846156,0.5914724823100607,-0.6562702164363019,Timeline Duration
152,Electrification,Maharashtra,Wardha,1458294.28,1.4090792152502412,0.9894736842105263,0.3338193196781701,1.1556822502361472,Timeline Duration
153,Electrification,Maharashtra,Wardha,1193891.34,1.153599445278808,0.5894736842105263,0.20580199973128654,0.2860903006219476,Timeline Duration
154,Sanitation & Drainage,Assam,Diphu,2935322.7,2.573831039001336,2.3879310344827585,-5.265795412835515,-2.2586859661830934,Cost Multiplier
155,Sports Infrastructure,Assam,Diphu,3074704.35,1.5472201517251842,5.763736263736264,0.009189749671042033,-5.122560400645275,Timeline Duration
156,Health Centre Infrastructure,Assam,Diphu,3806717.42,1.2705526207405131,0.8280542986425339,-0.014018515137591154,0.854054352503822,Timeline Duration
157,Irrigation Facilities,Assam,Diphu,4499153.88,1.3744991788358585,0.8990825688073395,0.33799345014078286,1.1432239352675984,Timeline Duration
158,School Infrastructure,Assam,Diphu,3550650.0,1.6422455117841575,0.8833333333333333,-0.38117154112025864,0.9737319125981349,Timeline Duration
159,Sanitation & Drainage,Assam,Diphu,1682311.33,1.4751308666735756,0.6896551724137931,0.5127260262922464,0.7444025684708345,Timeline Duration
160,Community Hall Construction,Assam,Diphu,2901300.95,1.6230743180273368,0.5504587155963303,-0.1987822171260719,-0.014146982100789162,Cost Multiplier
161,Drinking Water Supply,Assam,Diphu,1150444.48,0.7656418767126781,3.3943661971830985,0.5277115349132689,-3.735033649602903,Timeline Duration
162,Sports Infrastructure,Andhra Pradesh,Anantapur,3234546.31,1.627654129581706,0.7692307692307693,-0.2907624582683511,0.9247536723667628,Timeline Duration
163,Street Lighting,Andhra Pradesh,Anantapur,1044165.48,1.5269920860382753,0.9545454545454546,0.36181778942777865,1.2151053781140726,Timeline Duration
164,Drinking Water Supply,Andhra Pradesh,Anantapur,1425330.18,0.9485833457607787,0.5563380281690141,0.514078520081335,0.042113705712716804,Cost Multiplier
165,Sanitation & Drainage,Andhra Pradesh,Anantapur,1979049.74,1.7353252671467856,3.336206896551724,-1.216747810369867,-3.563053751514587,Timeline Duration
166,Community Hall Construction,Andhra Pradesh,Anantapur,1793233.96,1.0031885822428936,1.2431192660550459,0.6238466391384018,0.6399033090683879,Timeline Duration
167,Sports Infrastructure,Maharashtra,Shirur,3492407.3,1.7574122053693197,0.7692307692307693,-1.6166676954735633,0.8659410380238223,Cost Multiplier
168,School Infrastructure,Maharashtra,Shirur,2870745.2,1.3277761593443211,1.5333333333333334,0.14649223552297275,-1.3347935263975996,Timeline Duration
169,Rural Roads,Maharashtra,Shirur,3248060.54,0.9407731870272923,0.9844559585492227,0.4848481237146148,1.0595607772030515,Timeline Duration
170,Sanitation & Drainage,Maharashtra,Shirur,601990.27,0.527853800232184,0.4224137931034483,-0.1451889064849961,-1.0736555209679395,Timeline Duration
171,Sports Infrastructure,Maharashtra,Shirur,661030.86,0.33263694686750256,1.0879120879120878,-1.2451138700507418,0.8822576515002352,Cost Multiplier
172,Drinking Water Supply,Rajasthan,Sikar,2215868.12,1.4747008268878772,6.823943661971831,0.152659907115016,-5.871100598726852,Timeline Duration
173,Community Hall Construction,Rajasthan,Sikar,2447352.94,1.3691222567113204,1.188073394495413,0.1853768600924673,0.6429841186067442,Timeline Duration
174,School Infrastructure,Rajasthan,Sikar,3140295.81,1.452448621983889,0.7277777777777777,0.534549696435638,0.9109514763395882,Timeline Duration
175,Street Lighting,Rajasthan,Sikar,1163594.23,1.7016452033731289,0.7727272727272727,-0.9721139240498868,0.8939674869952452,Cost Multiplier
176,Drinking Water Supply,Rajasthan,Sikar,1788845.91,1.1905097234089892,1.2464788732394365,0.3167886670653339,0.5301962986423595,Timeline Duration
177,Community Hall Construction,Rajasthan,Sikar,663217.56,0.37102369159626625,2.9357798165137616,-1.138144676698633,-3.480037180022385,Timeline Duration
178,Community Hall Construction,Rajasthan,Sikar,1356832.1,0.7590523607642631,1.055045871559633,0.5753473516715633,1.0004750556971223,Timeline Duration
179,School Infrastructure,Rajasthan,Sikar,3017807.78,1.3957954971997555,1.0722222222222222,0.2348918227746133,0.9362147830881908,Timeline Duration
180,Irrigation Facilities,Punjab,Ludhiana,3691046.93,1.127621128248589,3.0137614678899083,0.2881919561974931,-3.4808570252161197,Timeline Duration
181,Rural Roads,Punjab,Ludhiana,3645868.4,1.0559948596740425,1.3937823834196892,0.5553134810262133,-0.33464638805422003,Cost Multiplier
182,Rural Roads,Punjab,Ludhiana,4244911.42,1.2295025896413707,0.9326424870466321,0.16614500931346846,1.0359362232219702,Timeline Duration
183,Rural Roads,Punjab,Ludhiana,3388243.13,0.9813758852639576,0.5958549222797928,0.5886062813830829,0.28585472106811843,Cost Multiplier
184,Drinking Water Supply,Punjab,Ludhiana,1505905.28,1.0022075508856638,0.7112676056338029,0.5173038603265613,0.6987303991166975,Timeline Duration
185,Sports Infrastructure,Punjab,Ludhiana,947433.48,0.4767574393535168,0.6703296703296703,-0.1174806503664303,0.5635964458800454,Timeline Duration
186,Health Centre Infrastructure,Punjab,Ludhiana,1762150.1,0.5881456858158801,0.46153846153846156,0.2508848567487667,-0.7114754871642683,Timeline Duration
187,Rural Roads,Uttar Pradesh,Dhaurahra,5226478.68,1.5138052213502755,0.30569948186528495,0.28818326088488033,-2.0951754384949655,Timeline Duration
188,Health Centre Infrastructure,Uttar Pradesh,Dhaurahra,4465292.36,1.4903625051240583,3.583710407239819,0.056865660486380226,-3.8303993320735303,Timeline Duration
189,Sports Infrastructure,Uttar Pradesh,Dhaurahra,2899697.29,1.4591549528951964,1.2747252747252746,0.3552258641751252,0.22796581869400234,Cost Multiplier
190,Electrification,Uttar Pradesh,Dhaurahra,998146.02,0.9644602120819891,1.105263157894737,0.5891307199473269,0.8454257250894942,Timeline Duration
191,Community Hall Construction,Uttar Pradesh,Dhaurahra,3297100.97,1.8444966587661376,1.0229357798165137,-2.8041257897062524,0.8458076168013686,Cost Multiplier
192,Sanitation & Drainage,Uttar Pradesh,Bahraich,1134379.42,0.9946780165602688,1.2758620689655173,0.6385282670554164,0.46329387111666653,Cost Multiplier
193,Irrigation Facilities,Uttar Pradesh,Bahraich,4981897.03,1.5219780339630888,1.275229357798165,0.04090667065728806,0.2221908239470874,Timeline Duration
194,Sports Infrastructure,Uttar Pradesh,Bahraich,1461901.45,0.7356425613006554,0.8846153846153846,0.6086833590279357,1.1083107947954165,Timeline Duration
195,Rural Roads,Uttar Pradesh,Bahraich,3187291.89,0.923172062963316,1.461139896373057,0.46432047809575383,-0.694127952449903,Timeline Duration
196,Rural Roads,Uttar Pradesh,Bahraich,2897886.23,0.8393481681347001,0.5595854922279793,0.27392074183980947,-0.07234409181243688,Cost Multiplier
197,Sanitation & Drainage,Uttar Pradesh,Bahraich,854016.46,0.7488423922065002,1.0689655172413792,0.5323962518971801,0.8859954503963693,Timeline Duration
198,Rural Roads,Odisha,Keonjhar,7199067.99,2.085148984500906,1.0414507772020725,-4.560130404118047,0.7600242463814283,Cost Multiplier
199,Drinking Water Supply,Odisha,Keonjhar,2273129.66,1.5128094307459774,0.8098591549295775,0.3401209112703099,1.009369119179501,Timeline Duration
200,Rural Roads,Odisha,Keonjhar,5637124.55,1.632745314708109,1.1243523316062176,-0.36736012167640897,0.7022916955622538,Timeline Duration
201,Electrification,Odisha,Keonjhar,440989.75,0.4261070617813848,1.4631578947368422,-0.3073781687189925,-0.560081381342881,Timeline Duration
202,Irrigation Facilities,Odisha,Keonjhar,4233826.87,1.2934413250493655,0.40825688073394495,0.0007905440929765766,-1.0744921650023374,Timeline Duration
203,Rural Roads,Odisha,Keonjhar,2814509.01,0.8151986635245195,0.927461139896373,0.5310669399974545,0.9994881522402232,Timeline Duration
204,Sanitation & Drainage,Odisha,Keonjhar,2201686.58,1.9305438743606278,1.206896551724138,-3.545537022126851,0.35587232240123295,Cost Multiplier
205,Irrigation Facilities,Odisha,Keonjhar,3736399.77,1.1414764981693604,1.1422018348623852,0.38274929982251177,0.7913157432943462,Timeline Duration
206,Rural Roads,Tamil Nadu,Nilgiris,4756030.13,1.3775437889461035,0.8082901554404145,0.24819728904797758,0.9582294561290545,Timeline Duration
207,Irrigation Facilities,Tamil Nadu,Nilgiris,1211058.24,0.3699803564848064,1.0779816513761469,-1.137162158483672,0.8238873317290331,Cost Multiplier
208,Community Hall Construction,Tamil Nadu,Nilgiris,2598454.54,1.4536530001948047,0.5,0.45684542043185006,-0.3166844843163448,Cost Multiplier
209,School Infrastructure,Tamil Nadu,Nilgiris,2239320.29,1.0357297102501508,0.6777777777777778,0.4981253129600372,0.5925701649761725,Timeline Duration
210,Drinking Water Supply,Tamil Nadu,Nilgiris,1936073.93,1.2884926678249524,0.4647887323943662,-0.07503192890881573,-0.7212705032291222,Timeline Duration
211,Health Centre Infrastructure,Tamil Nadu,Nilgiris,2574785.66,0.859375757961591,3.927601809954751,0.5298025465466386,-3.7129424205587114,Timeline Duration
212,Irrigation Facilities,Tamil Nadu,Nilgiris,1968350.06,0.60133429824621,0.9403669724770642,0.22053376986844084,1.0150228003867998,Timeline Duration
213,Electrification,Meghalaya,Shillong,328825.93,0.31772858863461406,1.4736842105263157,-1.2552129686020783,-0.8563736107705205,Cost Multiplier
214,Community Hall Construction,Meghalaya,Shillong,1801515.72,1.0078216458911395,1.3669724770642202,0.5932037131154144,-0.2034095146046158,Cost Multiplier
215,Sanitation & Drainage,Meghalaya,Shillong,795919.77,0.6979004416041904,6.922413793103448,0.3705355414464653,-5.814141815086909,Timeline Duration
216,Sanitation & Drainage,Meghalaya,Shillong,1002201.04,0.8787777044314139,6.474137931034483,0.4949036910980653,-5.659493891586005,Timeline Duration
217,Irrigation Facilities,Meghalaya,Shillong,4175082.92,1.2754949481993754,1.2568807339449541,-0.061249048464560016,0.3984890605675688,Timeline Duration
218,Health Centre Infrastructure,Meghalaya,Shillong,4552439.08,1.5194491121054978,0.8597285067873304,0.19873022783884858,1.0072780649164128,Timeline Duration
219,School Infrastructure,Meghalaya,Shillong,2813206.45,1.301163354944797,1.2277777777777779,0.00977251028784096,0.5763926464872798,Timeline Duration
220,Sports Infrastructure,Manipur,Inner Manipur,2650604.85,1.3338092939506556,0.6593406593406593,0.29709672911838214,0.5972263609798459,Timeline Duration
221,Health Centre Infrastructure,Manipur,Inner Manipur,2393584.23,0.7988968922178793,1.1357466063348416,0.5600489775188947,0.7430875429656139,Timeline Duration
222,Electrification,Manipur,Inner Manipur,320551.12,0.30973304003989227,1.3789473684210527,-1.3813026914162205,-0.39988728850472244,Cost Multiplier
223,Health Centre Infrastructure,Manipur,Inner Manipur,3967206.66,1.324118462904509,1.3076923076923077,0.17142064914865268,0.039006135014565194,Cost Multiplier
224,Street Lighting,Manipur,Inner Manipur,986608.96,1.442821183797853,1.6515151515151516,0.12080062010150254,-2.049744729685717,Timeline Duration
225,Rural Roads,Uttarakhand,Garhwal,1017220.33,0.29462924104335014,1.3264248704663213,-1.6883008074962096,0.0679395553560759,Cost Multiplier
226,Irrigation Facilities,Uttarakhand,Garhwal,1383784.56,0.42274854164484366,1.2201834862385321,-0.5191270821952729,0.6224467937236382,Timeline Duration
227,Irrigation Facilities,Uttarakhand,Garhwal,1051093.95,0.32111099324176456,0.8669724770642202,-1.3605535507265794,0.8752205988789101,Cost Multiplier
228,School Infrastructure,Uttarakhand,Garhwal,760162.21,0.35158998425652377,6.155555555555556,-0.9509497334932231,-5.074628756330549,Timeline Duration
229,Sanitation & Drainage,Uttarakhand,Garhwal,1925586.06,1.6884457608345036,0.6896551724137931,-0.6712997959096992,0.7317391959527744,Timeline Duration
230,Sanitation & Drainage,Uttarakhand,Garhwal,441750.5,0.387347922051078,0.9396551724137931,-1.0220375954372574,0.9222154280911007,Cost Multiplier
231,Health Centre Infrastructure,Maharashtra,Mumbai South Central,4378340.08,1.461340795592132,0.6606334841628959,0.5868728940357403,0.6673029194706479,Timeline Duration
232,Electrification,Maharashtra,Mumbai South Central,1147296.22,1.1085768349425111,8.578947368421053,0.14371898223396393,-6.638618219474328,Timeline Duration
233,Sanitation & Drainage,Maharashtra,Mumbai South Central,906497.02,0.7948598519809134,1.3103448275862069,0.6967374029922916,0.18558045135568563,Cost Multiplier
234,School Infrastructure,Maharashtra,Mumbai South Central,3452734.62,1.5969577212839279,0.9,-0.00022587376596170712,1.1160406221401962,Timeline Duration
235,Drinking Water Supply,Maharashtra,Mumbai South Central,781402.06,0.5200373856246873,1.1267605633802817,0.13684263171373692,0.7946238672514102,Timeline Duration
236,Sports Infrastructure,Madhya Pradesh,Ratlam,3144655.94,1.5824204498264367,0.7857142857142857,0.1402231230186655,1.0199749330632508,Timeline Duration
237,Street Lighting,Madhya Pradesh,Ratlam,836359.08,1.2230951134740182,0.9393939393939394,0.13872925668455097,1.0743574830571894,Timeline Duration
238,Sanitation & Drainage,Madhya Pradesh,Ratlam,2927060.49,2.566586338938632,0.9827586206896551,-6.5831251799605335,0.7255577041955852,Cost Multiplier
239,School Infrastructure,Madhya Pradesh,Ratlam,940865.47,0.43516879875521153,0.7888888888888889,-0.3856572573148501,0.9566760552100587,Timeline Duration
240,Sports Infrastructure,Madhya Pradesh,Ratlam,2525688.28,1.2709501008746156,0.41208791208791207,-0.005533101397406644,-1.0413862908290215,Timeline Duration
241,Electrification,Madhya Pradesh,Ratlam,1168138.87,1.1287160793381865,0.9368421052631579,0.3104216877990168,1.076556366606308,Timeline Duration
242,Irrigation Facilities,Madhya Pradesh,Ratlam,5299544.02,1.6190197308153604,0.6651376146788991,-0.1367141297107061,0.6725086565583105,Timeline Duration
243,Electrification,Madhya Pradesh,Ratlam,2949277.44,2.8497441138632458,1.3263157894736841,-6.859429453493421,0.07903390029244253,Cost Multiplier
244,Sanitation & Drainage,Odisha,Aska,1860233.5,1.6311415171115913,1.25,-0.44026834891753136,0.4056123303040228,Cost Multiplier
245,Community Hall Construction,Odisha,Aska,2013777.54,1.1265672412902452,1.2660550458715596,0.23375256937733116,0.41163631756315716,Timeline Duration
246,Sports Infrastructure,Odisha,Aska,2478177.83,1.2470423955183165,1.2857142857142858,-0.18405869445309306,0.12497600445549893,Cost Multiplier
247,Sanitation & Drainage,Odisha,Aska,1774683.74,1.556127404466629,1.4137931034482758,0.07775603739124819,-0.7596031923558995,Timeline Duration
248,Street Lighting,Odisha,Aska,290577.26,0.4249414339982647,11.727272727272727,-0.3279102836060214,-7.409026668294213,Timeline Duration
249,School Infrastructure,Odisha,Aska,419690.03,0.19411489955587244,1.1111111111111112,-3.7557300767983106,0.6234787800706452,Cost Multiplier
250,Rural Roads,Jharkhand,Kodarma,1604848.62,0.46483079128006405,1.4922279792746114,0.054398202099466934,-0.7192596251570303,Timeline Duration
251,School Infrastructure,Jharkhand,Kodarma,1887621.37,0.8730620373256622,0.6,0.5213050441049217,0.24072986503370886,Cost Multiplier
252,Electrification,Jharkhand,Kodarma,783752.27,0.7573019031262984,0.5473684210526316,0.5058401892945502,-0.09274228037907176,Cost Multiplier
253,Community Hall Construction,Jharkhand,Kodarma,750696.54,0.4199620431330922,0.5412844036697247,-0.4999248390402044,-0.13803386637131215,Cost Multiplier
254,Street Lighting,Jharkhand,Kodarma,1838298.5,2.6883356278700505,3.3636363636363638,-5.409415111277787,-2.431756568204968,Cost Multiplier
255,School Infrastructure,Jharkhand,Kodarma,1735006.45,0.8024746329345512,0.38333333333333336,0.39779959955691857,-1.577225145709944,Timeline Duration
256,Sports Infrastructure,Jharkhand,Kodarma,1816916.15,0.9142892978555605,0.7252747252747253,0.3786604442476609,0.7724608932787109,Timeline Duration
257,Sanitation & Drainage,Uttar Pradesh,Hathras,630661.93,0.5529944801471021,0.5344827586206896,-0.006355215127043848,-0.21840501881259272,Timeline Duration
258,Electrification,Uttar Pradesh,Hathras,560481.09,0.5415657630226731,11.68421052631579,-0.04215759267534305,-7.641088010383384,Timeline Duration
259,Health Centre Infrastructure,Uttar Pradesh,Hathras,1595700.26,0.5325903983856302,1.4434389140271493,0.23306553739631614,-0.5455919609130214,Timeline Duration
260,Rural Roads,Uttar Pradesh,Hathras,3416479.66,0.9895543566906916,1.0362694300518134,0.5575529949881035,1.017625358735266,Timeline Duration
261,Electrification,Uttar Pradesh,Hathras,999626.34,0.9658905736849429,5.842105263157895,0.46031402298226876,-5.201945630217003,Timeline Duration
262,Health Centre Infrastructure,Kerala,Pathanamthitta,897238.75,0.29946773544395167,1.1176470588235294,-1.4286924245003643,0.7944169451028904,Cost Multiplier
263,School Infrastructure,Kerala,Pathanamthitta,1434242.5,0.6633653861786122,0.9277777777777778,0.4953618699860055,0.9965777094726213,Timeline Duration
264,Community Hall Construction,Kerala,Pathanamthitta,2867795.27,1.604330240920809,1.2798165137614679,-0.2344946509639371,0.19021260730484785,Cost Multiplier
265,School Infrastructure,Kerala,Pathanamthitta,3405785.73,1.5752429355726503,1.211111111111111,0.03569902833256777,0.542098080841382,Timeline Duration
266,Irrigation Facilities,Kerala,Pathanamthitta,5298366.83,1.6186600972639218,3.302752293577982,-0.3447671159685549,-3.771948992514938,Timeline Duration
267,Irrigation Facilities,Maharashtra,Akola,2045279.79,0.6248364618826012,1.0,0.15895342106875232,0.9747865024601743,Timeline Duration
268,Street Lighting,Maharashtra,Akola,1053420.14,1.5405261406011355,1.0757575757575757,0.21819965916732087,0.9030550261534418,Timeline Duration
269,Drinking Water Supply,Maharashtra,Akola,1783026.73,1.1866369525160132,1.1408450704225352,0.24987848816940644,0.7588876791354,Timeline Duration
270,Health Centre Infrastructure,Maharashtra,Akola,2673919.6,0.8924632907029451,1.1266968325791855,0.5717987714771401,0.7837823445426838,Timeline Duration
271,Street Lighting,Maharashtra,Akola,443611.01,0.6487386477758739,14.878787878787879,0.1988549581186446,-8.211696181142463,Timeline Duration
272,Irrigation Facilities,Maharashtra,Akola,2774650.01,0.8476603072535733,1.1055045871559632,0.46010357133772356,0.8803327977259495,Timeline Duration
273,Community Hall Construction,Uttar Pradesh,Jhansi,2988904.43,1.6720823185788898,0.42660550458715596,-0.5514163895925855,-0.7994399472472773,Timeline Duration
274,Rural Roads,Uttar Pradesh,Jhansi,4390824.51,1.271765078599874,0.9637305699481865,0.04855603529492686,1.0914440751944465,Timeline Duration
275,Sanitation & Drainage,Uttar Pradesh,Jhansi,848551.84,0.7440507525777985,1.2241379310344827,0.5278403237536844,0.5375600105507619,Timeline Duration
276,Health Centre Infrastructure,Uttar Pradesh,Jhansi,2162479.77,0.7217620947214523,1.248868778280543,0.4753427891356294,0.542945703611597,Timeline Duration
277,Community Hall Construction,Uttar Pradesh,Jhansi,2670644.13,1.494038010773567,0.46788990825688076,0.29859646021448366,-0.6079484951157255,Timeline Duration
278,Sanitation & Drainage,Uttar Pradesh,Jhansi,610792.29,0.535571831466675,0.8362068965517241,0.03638540742808832,0.8788196532409471,Timeline Duration
279,Street Lighting,Uttar Pradesh,Jhansi,325684.01,0.47628169609592014,1.2727272727272727,0.10075841277195158,0.5189722627706707,Timeline Duration
280,Community Hall Construction,Uttar Pradesh,Jhansi,1492613.96,0.8350127845941258,5.137614678899083,0.3632739483442433,-4.733492702722454,Timeline Duration
281,Electrification,Himachal Pradesh,Hamirpur,490675.26,0.47411576647170833,1.063157894736842,-0.05263413179943117,0.9549270672017477,Timeline Duration
282,Irrigation Facilities,Himachal Pradesh,Hamirpur,4724885.34,1.443460524609482,0.908256880733945,0.5387257866025337,1.1339643215147146,Timeline Duration
283,Irrigation Facilities,Himachal Pradesh,Hamirpur,2835255.68,0.8661754427367361,1.2660550458715596,0.6219969867364433,0.5848024988920895,Cost Multiplier
284,Sanitation & Drainage,Himachal Pradesh,Hamirpur,1066973.03,0.9355728766691662,0.8362068965517241,0.4467286951075509,0.9119964354727708,Timeline Duration
285,Drinking Water Supply,Himachal Pradesh,Hamirpur,1451295.73,0.9658638949550145,0.8873239436619719,0.5369352912954443,0.975357338193125,Timeline Duration
286,Drinking Water Supply,Himachal Pradesh,Hamirpur,1984912.25,1.3209954644660336,1.232394366197183,0.3046972412350234,0.5981294219373833,Timeline Duration
287,Community Hall Construction,Himachal Pradesh,Hamirpur,4536465.98,2.537834424499366,1.0963302752293578,-6.3808405432665385,0.554704403508328,Cost Multiplier
288,Street Lighting,Andhra Pradesh,Vizianagaram,347400.66,0.5080402183995526,0.3939393939393939,0.0077364070879339004,-1.4362116109487904,Timeline Duration
289,Electrification,Andhra Pradesh,Vizianagaram,1012593.82,0.9784204222846187,1.0421052631578946,0.6004908889067672,1.0427607603822309,Timeline Duration
290,Community Hall Construction,Andhra Pradesh,Vizianagaram,2287989.86,1.2799697948166877,0.6284403669724771,0.022617588156104786,0.5469204276666748,Timeline Duration
291,Sports Infrastructure,Andhra Pradesh,Vizianagaram,3493890.34,1.7581584850478242,0.9505494505494505,-1.5968235722994801,1.041950640352607,Cost Multiplier
292,Community Hall Construction,Andhra Pradesh,Vizianagaram,980480.73,0.548510175128056,1.0596330275229358,-0.040997454121427655,0.915220399883243,Timeline Duration
293,School Infrastructure,Andhra Pradesh,Vizianagaram,3055428.45,1.4131957975554126,0.6388888888888888,0.4026048242166738,0.6137585345740271,Timeline Duration
294,Health Centre Infrastructure,Andhra Pradesh,Vizianagaram,4719347.09,1.575157321076807,0.9909502262443439,0.1791569736342627,1.1126070794251033,Timeline Duration
295,Drinking Water Supply,Bihar,Jamui,2200046.86,1.464171488524361,0.9084507042253521,0.5904461249064968,1.1476172906857862,Timeline Duration
296,Street Lighting,Bihar,Jamui,978600.97,1.4311102648014946,1.0151515151515151,0.38764846177020884,1.0179810496334818,Timeline Duration
297,School Infrastructure,Bihar,Jamui,4650924.03,2.151143907148434,3.0944444444444446,-3.6744242724010703,-2.581532583465374,Cost Multiplier
298,Irrigation Facilities,Bihar,Jamui,4499037.97,1.3744637681332978,0.926605504587156,0.31668106076180036,1.1003500499557277,Timeline Duration
299,Drinking Water Supply,Bihar,Jamui,1816349.96,1.208814172537381,0.8591549295774648,0.13024366866550244,0.9293598994079858,Timeline Duration
300,School Infrastructure,Bihar,Jamui,2440126.24,1.1286064145513504,1.1277777777777778,0.31558523460752436,0.7708707588962304,Timeline Duration
301,Sports Infrastructure,Bihar,Jamui,1387017.98,0.6979604947907133,0.7582417582417582,0.5959363219964853,0.9660210303683991,Timeline Duration
302,Electrification,Uttar Pradesh,Meerut,1578085.4,1.5248275794031523,1.0315789473684212,0.27485679879627617,1.0310973860748303,Timeline Duration
303,Irrigation Facilities,Uttar Pradesh,Meerut,3979476.08,1.2157367251810782,0.7018348623853211,0.17014647089627985,0.81804767047048,Timeline Duration
304,Rural Roads,Uttar Pradesh,Meerut,1027641.77,0.29764772275004076,0.9740932642487047,-1.7494475323658325,0.8394949106133515,Cost Multiplier
305,Street Lighting,Uttar Pradesh,Meerut,840817.32,1.2296148628126569,0.9393939393939394,0.17988298215911702,1.0936857784817553,Timeline Duration
306,Sports Infrastructure,Uttar Pradesh,Meerut,3285211.16,1.6531491586904832,1.379120879120879,-0.640888187956186,-0.4789900933906568,Cost Multiplier
307,Electrification,Tamil Nadu,Perambalur,662014.23,0.6396723243630172,0.6736842105263158,0.3089741997360559,0.5466381128567637,Timeline Duration
308,School Infrastructure,Tamil Nadu,Perambalur,2313979.79,1.0702611985092159,0.8,0.42592582457871886,0.8657054774488262,Timeline Duration
309,Electrification,Tamil Nadu,Perambalur,804843.22,0.7776810678000309,1.2,0.6838472137638526,0.6964322117174121,Timeline Duration
310,Irrigation Facilities,Tamil Nadu,Perambalur,5492481.15,1.6779623528783223,2.426605504587156,-0.7092527000450255,-3.3767743250428968,Timeline Duration
311,Sanitation & Drainage,Tamil Nadu,Perambalur,1295144.07,1.13564413457659,1.1379310344827587,0.2977652508858964,0.7963449885938915,Timeline Duration
312,Street Lighting,Telangana,Mahabubnagar,150205.41,0.21966103720469138,0.7575757575757576,-2.9912982263752226,0.7927958695863201,Cost Multiplier
313,School Infrastructure,Telangana,Mahabubnagar,1173362.13,0.542703080193767,0.55,-0.04243661547123181,-0.1019104089349299,Timeline Duration
314,Sports Infrastructure,Telangana,Mahabubnagar,1566967.26,0.7885126652146559,0.8736263736263736,0.7256321816770408,1.0376598487359532,Timeline Duration
315,Electrification,Telangana,Mahabubnagar,869687.29,0.8403367556967369,0.3684210526315789,0.20086243040876195,-1.6637537855276547,Timeline Duration
316,Electrification,Telangana,Mahabubnagar,1520248.66,1.4689427354937101,0.9157894736842105,0.5664351276662524,1.1486657716468944,Timeline Duration
317,Street Lighting,Telangana,Mahabubnagar,587347.8,0.858939947288807,0.3333333333333333,0.25171588185186655,-2.1586807843768767,Timeline Duration
318,Street Lighting,Telangana,Mahabubnagar,206834.35,0.3024754424661413,1.2727272727272727,-1.4021610260257813,0.3269658898773461,Cost Multiplier
319,Drinking Water Supply,Telangana,Mahabubnagar,1781997.53,1.1859520010618478,0.8591549295774648,0.1694964408236477,0.9359215637319559,Timeline Duration
320,Community Hall Construction,West Bengal,Bankura,1340420.45,0.7498711940771418,1.2477064220183487,0.56547024818353,0.5742985285569713,Timeline Duration
321,Community Hall Construction,West Bengal,Bankura,1702306.25,0.952320908243739,1.0137614678899083,0.49776002947475834,0.9128984358067574,Timeline Duration
322,Rural Roads,West Bengal,Bankura,2184536.87,0.632732576274125,0.8911917098445595,0.31970331670376534,0.9910746992296814,Timeline Duration
323,Sanitation & Drainage,West Bengal,Bankura,542881.53,0.47602443588724846,0.3103448275862069,-0.19671465334562468,-2.2513828338250947,Timeline Duration
324,Drinking Water Supply,West Bengal,Bankura,2333269.06,1.552833303154296,1.0140845070422535,0.28248495118239364,1.0177615683776924,Timeline Duration
325,School Infrastructure,West Bengal,Bankura,3816187.29,1.7650617349302937,0.3611111111111111,-1.4216330106537725,-1.3775355513292213,Cost Multiplier
326,Drinking Water Supply,Telangana,Nizamabad,1030128.78,0.6855695742700608,1.2394366197183098,0.48891941137836686,0.6057755303564829,Timeline Duration
327,Street Lighting,Telangana,Nizamabad,762155.19,1.114579025791006,1.0151515151515151,0.3201778865923223,0.9779193801756932,Timeline Duration
328,Sports Infrastructure,Telangana,Nizamabad,2464273.62,1.2400456662536576,0.6758241758241759,0.21017887146341058,0.6841849593785284,Timeline Duration
329,Drinking Water Supply,Telangana,Nizamabad,943490.27,0.627910058713091,1.2816901408450705,0.2922457757332858,0.3684192941123099,Timeline Duration
330,Electrification,Telangana,Nizamabad,1073919.0,1.0376759770067285,0.8947368421052632,0.5405235675327279,1.0188959024881323,Timeline Duration
331,School Infrastructure,Telangana,Nizamabad,3720172.42,1.7206529677124491,0.8555555555555555,-1.0856735665830783,1.0074838947655371,Cost Multiplier
332,School Infrastructure,Telangana,Nizamabad,3985579.88,1.8434091419281655,0.37222222222222223,-2.35753631316661,-1.203495153681809,Cost Multiplier
333,Community Hall Construction,Telangana,Nizamabad,1354465.38,0.7577283469800461,1.188073394495413,0.4749462764336387,0.5826796150565594,Timeline Duration
334,Electrification,Maharashtra,Mumbai South,486761.19,0.47033378998062964,0.7578947368421053,-0.10929532192380939,0.8766385797201451,Timeline Duration
335,Health Centre Infrastructure,Maharashtra,Mumbai South,3629541.19,1.2114172296613865,1.257918552036199,0.05608806044480463,0.3664424724349617,Timeline Duration
336,Rural Roads,Maharashtra,Mumbai South,3698169.55,1.0711434441800112,0.7461139896373057,0.4619893894295634,0.8615617038504956,Timeline Duration
337,Health Centre Infrastructure,Maharashtra,Mumbai South,2549219.74,0.8508427246224255,0.334841628959276,0.2085878362857529,-2.1426191436908075,Timeline Duration
338,Electrification,Maharashtra,Mumbai South,1199161.13,1.1586913884205816,0.8842105263157894,0.2981064763200519,1.0689830328982908,Timeline Duration
339,Irrigation Facilities,Maharashtra,Mumbai South,4761463.53,1.4546352239994709,1.2798165137614679,0.33196953928432593,0.1849789591780754,Cost Multiplier
340,Drinking Water Supply,Telangana,Hyderabad,1198896.15,0.7978873506956237,4.915492957746479,0.5383355745018144,-4.647715243130998,Timeline Duration
341,Community Hall Construction,Telangana,Hyderabad,2817758.02,1.576337910301087,0.6330275229357798,0.21712768260509302,0.6195156719797361,Timeline Duration
342,Electrification,Telangana,Hyderabad,1389764.26,1.342861972182756,1.105263157894737,0.22776688564541808,0.8494507053618615,Timeline Duration
343,Sports Infrastructure,Telangana,Hyderabad,1870701.27,0.941354476179765,0.8186813186813187,0.4721372779266528,0.8538405716097007,Timeline Duration
344,Irrigation Facilities,Telangana,Hyderabad,4372767.39,1.3358878907238487,0.7889908256880734,0.2544777218890256,0.9718394286159894,Timeline Duration
345,Street Lighting,Telangana,Hyderabad,459140.71,0.6714493478064367,0.5909090909090909,0.4364677778197104,0.2476560341283211,Cost Multiplier
346,Community Hall Construction,Madhya Pradesh,Jabalpur,2446827.85,1.368828505698123,1.348623853211009,0.08535049997752686,-0.1470764051839442,Timeline Duration
347,Sports Infrastructure,Madhya Pradesh,Jabalpur,770538.98,0.3877424629609571,0.7857142857142857,-0.9301869643279359,0.9055153233005023,Cost Multiplier
348,Irrigation Facilities,Madhya Pradesh,Jabalpur,4094939.77,1.2510110792759326,1.3256880733944953,-0.1634664034903613,-0.09157007887376373,Cost Multiplier
349,Community Hall Construction,Madhya Pradesh,Jabalpur,2672046.34,1.494822448885539,0.9128440366972477,0.39135618100184305,1.1274611455810049,Timeline Duration
350,Rural Roads,Madhya Pradesh,Jabalpur,5472417.95,1.5850394449750194,0.8393782383419689,0.1320818328424026,0.9719267784844451,Timeline Duration
351,School Infrastructure,Uttar Pradesh,Misrikh,2519904.38,1.1655053745596553,0.9444444444444444,0.3526557220065031,1.0575931527681,Timeline Duration
352,Health Centre Infrastructure,Uttar Pradesh,Misrikh,3326970.57,1.1104294620429322,1.2941176470588236,0.2939112231613879,0.21798113453340853,Cost Multiplier
353,Drinking Water Supply,Uttar Pradesh,Misrikh,3869874.64,2.575472466096234,1.1056338028169015,-6.496363489223018,0.5573559011283469,Cost Multiplier
354,Health Centre Infrastructure,Uttar Pradesh,Misrikh,3288794.93,1.0976877336457542,0.4434389140271493,0.3097488621770843,-0.7817620390676421,Timeline Duration
355,Health Centre Infrastructure,Uttar Pradesh,Misrikh,2020416.14,0.6743460936124415,1.0271493212669682,0.4387428797439264,0.9690285886843832,Timeline Duration
356,Health Centre Infrastructure,Uttar Pradesh,Misrikh,2048517.52,0.6837253771436643,0.7918552036199095,0.5037228126109481,0.9656517387969406,Timeline Duration
357,Street Lighting,Bihar,Madhubani,789286.84,1.1542564673696725,1.121212121212121,0.17720059236800872,0.7281335291501352,Timeline Duration
358,Sports Infrastructure,Bihar,Madhubani,2923941.08,1.471354656077128,1.1868131868131868,0.42911750216534617,0.6416609619614453,Timeline Duration
359,School Infrastructure,Bihar,Madhubani,3278431.66,1.5163391715111558,1.0,0.2684285164538201,1.0509106753461386,Timeline Duration
360,Health Centre Infrastructure,Bihar,Madhubani,1719437.1,0.5738895411899179,0.8461538461538461,0.23521558837986914,1.0388656927119515,Timeline Duration
361,Sanitation & Drainage,Bihar,Madhubani,912888.79,0.8004644609801752,0.8793103448275862,0.6205683701713068,1.0176421642264668,Timeline Duration
362,Drinking Water Supply,Bihar,Madhubani,1720434.89,1.144980936360849,0.5492957746478874,0.18639776557103555,-0.07411230256108288,Cost Multiplier
363,Drinking Water Supply,Bihar,Madhubani,2137232.62,1.422367461094997,0.7746478873239436,0.34849272106760426,1.0225386430055878,Timeline Duration
364,Community Hall Construction,West Bengal,Bolpur,1201150.07,0.6719591880717296,2.55045871559633,0.2709528907266047,-3.506512409862655,Timeline Duration
365,Electrification,West Bengal,Bolpur,431109.19,0.4165599546426028,0.7157894736842105,-0.5901199630857908,0.7716530288424647,Timeline Duration
366,School Infrastructure,West Bengal,Bolpur,1737700.88,0.8037208598435162,1.2777777777777777,0.6356237511244976,0.46227538145657987,Cost Multiplier
367,Rural Roads,West Bengal,Bolpur,3107625.28,0.9000973050681443,1.3575129533678756,0.6453502317489164,-0.02381165178277532,Cost Multiplier
368,Community Hall Construction,West Bengal,Bolpur,2423703.49,1.355892048748761,0.3944954128440367,0.12792095174760526,-1.330904338662981,Timeline Duration
369,Drinking Water Supply,Uttar Pradesh,Ghaziabad,984158.9,0.6549757769966309,0.5774647887323944,0.35937211524698026,0.1854995638502222,Cost Multiplier
370,Health Centre Infrastructure,Uttar Pradesh,Ghaziabad,3410943.75,1.1384568494608602,0.9321266968325792,0.2950678196409976,1.0754263845603282,Timeline Duration
371,Rural Roads,Uttar Pradesh,Ghaziabad,2217801.87,0.6423675013874552,0.9533678756476683,0.22515573356134258,1.0309648623832508,Timeline Duration
372,Sanitation & Drainage,Uttar Pradesh,Ghaziabad,2598916.53,2.2788540533167434,8.28448275862069,-3.466071119581419,-4.573026636325375,Timeline Duration
373,Electrification,Uttar Pradesh,Ghaziabad,1632976.81,1.577866493419039,0.8421052631578947,0.13951400495824715,0.9943021109912938,Timeline Duration
374,Drinking Water Supply,Odisha,Bhadrak,489463.08,0.32574664633339606,0.9647887323943662,-1.3282238865954081,0.9474318107071901,Cost Multiplier
375,Sanitation & Drainage,Odisha,Bhadrak,1671395.56,1.465559398555062,1.353448275862069,0.33140993743659214,-0.21362484619685168,Cost Multiplier
376,Sports Infrastructure,Odisha,Bhadrak,1431175.05,0.7201807477867908,1.1043956043956045,0.3754635935558761,0.8110447456248837,Timeline Duration
377,Street Lighting,Odisha,Bhadrak,342520.73,0.5009037877923841,0.6666666666666666,0.06640318798638095,0.5592936014829677,Timeline Duration
378,Rural Roads,Odisha,Bhadrak,2627492.27,0.7610308509635954,1.2694300518134716,0.6190724766453527,0.5023747243849651,Cost Multiplier
379,Rural Roads,Odisha,Bhadrak,2494522.59,0.7225173109322265,0.7668393782383419,0.5789470248718701,0.9825032369597497,Timeline Duration
380,Sports Infrastructure,Odisha,Bhadrak,1651449.38,0.8310248626961683,0.7142857142857143,0.2580725061240764,0.6909526961463465,Timeline Duration
381,Community Hall Construction,Odisha,Bhadrak,2156530.64,1.2064275847781514,0.8807339449541285,0.2962478348324131,0.9531393157195546,Timeline Duration
382,Health Centre Infrastructure,Uttar Pradesh,Faizabad,4805887.16,1.6040414489503092,1.167420814479638,-0.17444818212408858,0.6838320324862949,Timeline Duration
383,Rural Roads,Uttar Pradesh,Faizabad,1931581.22,0.5594661176917181,0.35751295336787564,-0.13137611781970696,-1.8237008087534632,Timeline Duration
384,School Infrastructure,Uttar Pradesh,Faizabad,1140382.05,0.5274491440529809,1.4444444444444444,0.19289205540388343,-0.5758228589554878,Timeline Duration
385,Electrification,Uttar Pradesh,Faizabad,262584.84,0.25372302789517226,0.9578947368421052,-2.402731403610542,0.8554956311181632,Cost Multiplier
386,Irrigation Facilities,Uttar Pradesh,Faizabad,8276183.41,2.528388137935828,0.9495412844036697,-6.425246998047455,0.6999178730900828,Cost Multiplier
387,Street Lighting,Uttar Pradesh,Faizabad,576334.29,0.8428337429259665,0.803030303030303,0.37042393971225285,0.9193289092213783,Timeline Duration
388,Community Hall Construction,West Bengal,Bardhaman-Durgapur,1221177.18,0.6831629509579301,0.9541284403669725,0.4469813513010163,1.07146772096947,Timeline Duration
389,Street Lighting,West Bengal,Bardhaman-Durgapur,1173723.78,1.7164587008324868,0.7424242424242424,-1.0817443477770012,0.8804518480390637,Cost Multiplier
390,Community Hall Construction,West Bengal,Bardhaman-Durgapur,1635985.9,0.9152193256424634,0.3623853211009174,0.3423573391550011,-1.7043766067028603,Timeline Duration
391,Sports Infrastructure,West Bengal,Bardhaman-Durgapur,3040411.66,1.5299637475363184,0.9285714285714286,0.3777004489836628,1.1125070862462751,Timeline Duration
392,Sports Infrastructure,West Bengal,Bardhaman-Durgapur,2614647.63,1.3157152826080638,1.4505494505494505,0.2002054234282886,-0.8166760709002802,Timeline Duration
393,Irrigation Facilities,West Bengal,Bardhaman-Durgapur,1075526.09,0.32857505365465334,0.9128440366972477,-1.4070869540877815,0.8607258717435826,Cost Multiplier
394,Drinking Water Supply,West Bengal,Bardhaman-Durgapur,2287887.6,1.5226311101702754,1.232394366197183,0.09767968443899619,0.5170962444573229,Timeline Duration
395,Health Centre Infrastructure,West Bengal,Bardhaman-Durgapur,1872517.15,0.6249824480835924,1.0316742081447965,0.1699953408387766,0.9770931731094732,Timeline Duration
396,Health Centre Infrastructure,Andhra Pradesh,Hindupur,4159141.43,1.3881797519703856,0.6742081447963801,0.2967255428652606,0.6604531341225708,Timeline Duration
397,Electrification,Andhra Pradesh,Hindupur,685506.49,0.6623717587222158,1.1157894736842104,0.484330323051872,0.771723180315958,Timeline Duration
398,Sports Infrastructure,Andhra Pradesh,Hindupur,1609300.49,0.8098151447664271,1.1043956043956045,0.5702984895477391,0.8684576359638769,Timeline Duration
399,Rural Roads,Andhra Pradesh,Hindupur,5830197.3,1.6886671992015625,2.66839378238342,-0.6908901221252663,-3.345913359634905,Timeline Duration
400,Electrification,Andhra Pradesh,Hindupur,1388259.72,1.3414082079654865,0.49473684210526314,0.12624418079640695,-0.4114944074491007,Timeline Duration
401,Health Centre Infrastructure,Uttar Pradesh,Jaunpur,2695571.46,0.899689944124177,1.4298642533936652,0.6456428905959981,-0.5118405060941605,Cost Multiplier
402,Drinking Water Supply,Uttar Pradesh,Jaunpur,935342.89,0.6224878280692521,0.8380281690140845,0.15686062871091322,0.8968551721607192,Timeline Duration
403,Street Lighting,Uttar Pradesh,Jaunpur,791009.85,1.1567762045996035,1.106060606060606,0.26308805924636713,0.8375243491062951,Timeline Duration
404,School Infrastructure,Uttar Pradesh,Jaunpur,3043528.44,1.4076918087047268,1.238888888888889,0.22812223880828758,0.5628513268803654,Timeline Duration
405,Drinking Water Supply,Uttar Pradesh,Jaunpur,2129716.9,1.4173656117526914,0.5774647887323944,0.32641452067479476,0.22376079986508163,Cost Multiplier
406,Health Centre Infrastructure,Uttar Pradesh,Jaunpur,1449549.94,0.48381039934433945,0.8099547511312217,-0.1574504556901546,0.8614275617914879,Timeline Duration
407,Rural Roads,Uttar Pradesh,Jaunpur,5253492.29,1.5216294843711897,0.44041450777202074,0.2111624107622359,-0.7110708067629063,Timeline Duration
408,Health Centre Infrastructure,Uttar Pradesh,Jaunpur,1896101.91,0.6328542376916416,1.4570135746606334,0.37190756939857494,-0.7377330329900681,Timeline Duration
409,Rural Roads,Maharashtra,Dhule,2241894.9,0.6493458431822311,0.6373056994818653,0.3135731200270076,0.5004162930655205,Timeline Duration
410,Rural Roads,Maharashtra,Dhule,3356953.29,0.9723130484923334,0.9689119170984456,0.5422337252853701,1.0543477893328053,Timeline Duration
411,Sports Infrastructure,Maharashtra,Dhule,2646200.95,1.3315932100445127,0.8461538461538461,0.3122973172377626,0.9629194155098972,Timeline Duration
412,Community Hall Construction,Maharashtra,Dhule,2132163.33,1.192795784512684,0.48623853211009177,0.256960293535267,-0.4020545556067165,Timeline Duration
413,Sports Infrastructure,Maharashtra,Dhule,1808173.0,0.9098896625314176,1.1703296703296704,0.3769566549331689,0.6841060249216803,Timeline Duration
414,Electrification,Maharashtra,Dhule,1079721.32,1.0432824781254402,0.7684210526315789,0.4506647018095932,0.8245897483943129,Timeline Duration
415,Rural Roads,West Bengal,Arambag,5174144.25,1.4986469975745709,0.9378238341968912,0.3508117888451471,1.166043834442934,Timeline Duration
416,Street Lighting,West Bengal,Arambag,1091283.73,1.5958980173643837,1.4393939393939394,-0.1627953564635222,-0.8890161826273576,Timeline Duration
417,School Infrastructure,West Bengal,Arambag,491312.58,0.22724173866421496,1.0222222222222221,-3.0140844308348846,0.7586341448088735,Cost Multiplier
418,Sports Infrastructure,West Bengal,Arambag,3399722.42,1.710772301894948,0.7032967032967034,-1.0424569868787141,0.7702838950468094,Cost Multiplier
419,School Infrastructure,West Bengal,Arambag,3305573.34,1.5288927327357995,0.9888888888888889,0.32724276534789304,1.1562220970402384,Timeline Duration
420,Drinking Water Supply,West Bengal,Arambag,1918011.39,1.276471716562882,1.2394366197183098,-0.034495707707524255,0.5509917784723731,Timeline Duration
421,Drinking Water Supply,West Bengal,Arambag,2290257.17,1.5242081024140053,1.176056338028169,0.2160831056388886,0.685363093313861,Timeline Duration
422,Rural Roads,Odisha,Kendrapara,4983158.36,1.4433295543804414,0.37823834196891193,0.44019758469035797,-1.446507129238104,Timeline Duration
423,Sanitation & Drainage,Odisha,Kendrapara,2345565.82,2.0567040589903867,1.1120689655172413,-4.395689193002874,0.5533584498543476,Cost Multiplier
424,Sanitation & Drainage,Odisha,Kendrapara,1196133.91,1.048827300780262,6.482758620689655,0.49497398715320473,-5.520519953536904,Timeline Duration
425,Drinking Water Supply,Odisha,Kendrapara,2235179.27,1.4875527509785382,0.6338028169014085,0.4139700050034621,0.615337159198742,Timeline Duration
426,Community Hall Construction,Odisha,Kendrapara,1015400.55,0.5680453643445134,0.8165137614678899,0.1210189102254151,0.8753313007858952,Timeline Duration
427,Sports Infrastructure,Odisha,Kendrapara,2336149.45,1.1755723786847039,0.6373626373626373,0.26767640321740344,0.5714431253011086,Timeline Duration
428,Irrigation Facilities,Maharashtra,Beed,3136195.63,0.9581131103930164,1.2155963302752293,0.5118431274290824,0.6036891422267929,Timeline Duration
429,Community Hall Construction,Maharashtra,Beed,899398.98,0.5031506249284419,1.1605504587155964,0.18961048443339226,0.7836804383770691,Timeline Duration
430,Rural Roads,Maharashtra,Beed,4650167.8,1.3468816629315943,1.2590673575129534,0.20082465254506504,0.41072468117856337,Timeline Duration
431,Sports Infrastructure,Maharashtra,Beed,2278119.99,1.1463714085472887,1.0384615384615385,0.19147154647888864,1.007978662033835,Timeline Duration
432,School Infrastructure,Maharashtra,Beed,753030.88,0.34829160376688056,0.4,-1.1729555349193093,-1.1082752663297792,Cost Multiplier
433,Street Lighting,Maharashtra,Beed,302188.34,0.4419215272976115,1.4696969696969697,-0.1285146973593395,-0.7011663692446314,Timeline Duration
434,Sanitation & Drainage,Maharashtra,Beed,1956000.6,1.715114681116743,0.9827586206896551,-1.0454044319966143,1.0956069171596827,Timeline Duration
435,Sports Infrastructure,Odisha,Nabarangpur,1754671.49,0.8829671994270457,1.2087912087912087,0.6692143434354939,0.6852437000268095,Timeline Duration
436,Irrigation Facilities,Odisha,Nabarangpur,4804019.3,1.4676360842678304,0.9541284403669725,0.568889117155884,1.216669681015463,Timeline Duration
437,Health Centre Infrastructure,Odisha,Nabarangpur,663816.97,0.22155949545777595,1.2262443438914028,-2.968686858244748,0.48452529451330134,Cost Multiplier
438,Drinking Water Supply,Odisha,Nabarangpur,1219098.08,0.8113321051947007,8.225352112676056,0.3237718026318852,-6.522710955994453,Timeline Duration
439,Rural Roads,Odisha,Nabarangpur,3152695.11,0.9131513990684607,0.844559585492228,0.45854904266247215,1.017509643741044,Timeline Duration
440,Health Centre Infrastructure,Odisha,Nabarangpur,1651874.54,0.5513394597940842,0.8009049773755657,-0.010863381627708293,0.9153503028918851,Timeline Duration
441,Sports Infrastructure,Odisha,Nabarangpur,2815505.02,1.4167886106602146,1.3131868131868132,0.20082088540647564,0.002232311457598732,Cost Multiplier
442,Rural Roads,Odisha,Nabarangpur,2801372.19,0.8113936950312894,0.8393782383419689,0.5512147709962476,0.8937497398149971,Timeline Duration
443,Drinking Water Supply,Andhra Pradesh,Machilipatnam,1432420.26,0.9533019238856815,0.31690140845070425,0.41962903864573053,-2.205077273923055,Timeline Duration
444,Community Hall Construction,Andhra Pradesh,Machilipatnam,2120431.65,1.1862327326806033,0.3944954128440367,0.26415644242487196,-1.2678727665105118,Timeline Duration
445,Electrification,Andhra Pradesh,Machilipatnam,1600253.64,1.5462476772881135,1.063157894736842,0.1982639313851745,0.9754977520147111,Timeline Duration
446,Drinking Water Supply,Andhra Pradesh,Machilipatnam,439412.2,0.2924368687991329,1.0704225352112675,-1.7692770126474158,0.8391936055747811,Cost Multiplier
447,Electrification,Andhra Pradesh,Machilipatnam,820626.07,0.7929312722323024,1.231578947368421,0.6686982066535551,0.6333940236584892,Cost Multiplier
448,Rural Roads,Andhra Pradesh,Machilipatnam,1368697.59,0.3964316483524886,0.538860103626943,-0.7780437575299581,-0.0791117388121883,Cost Multiplier
449,Irrigation Facilities,Andhra Pradesh,Machilipatnam,5172263.07,1.5801351836488058,1.3623853211009174,-0.06538967186039603,-0.3494221170563001,Timeline Duration
450,Irrigation Facilities,Telangana,Mahabubabad,3794425.75,1.1592035339606204,0.7064220183486238,0.23662889331699508,0.7465964163397146,Timeline Duration
451,Health Centre Infrastructure,Telangana,Mahabubabad,3095907.31,1.033308415703263,0.7828054298642534,0.4349062121055032,0.8860392281415911,Timeline Duration
452,Sanitation & Drainage,Telangana,Mahabubabad,711887.66,0.6242170769128825,3.8017241379310347,0.21459985091836292,-3.5828901727674243,Timeline Duration
453,School Infrastructure,Telangana,Mahabubabad,820902.41,0.37968352229459346,0.9333333333333333,-1.1504591172670404,0.9101476141098804,Cost Multiplier
454,Community Hall Construction,Telangana,Mahabubabad,1432287.34,0.8012642733907657,1.2844036697247707,0.614293445372386,0.39668875398569503,Cost Multiplier
455,Sports Infrastructure,Telangana,Mahabubabad,3283433.87,1.6522548096440586,6.824175824175824,-0.49658581412888364,-5.607051730539662,Timeline Duration
456,Electrification,Maharashtra,Amravati,1283675.98,1.2403539994232058,1.2105263157894737,0.14762352352327454,0.6094685446401489,Timeline Duration
457,Community Hall Construction,Maharashtra,Amravati,2195020.84,1.2279601510966285,0.9311926605504587,0.14710499591162454,1.0255853457853885,Timeline Duration
458,Sanitation & Drainage,Maharashtra,Amravati,299060.55,0.2622305636551685,2.75,-1.726100830755977,-3.03281758825579,Timeline Duration
459,Rural Roads,Maharashtra,Amravati,3599743.93,1.0426352981426419,5.55440414507772,0.4949808787207397,-4.884949479292394,Timeline Duration
460,Community Hall Construction,Maharashtra,Amravati,2289909.43,1.2810436595492163,1.1192660550458715,-0.09826470815350093,0.7405035007648711,Timeline Duration
461,Irrigation Facilities,Maharashtra,Amravati,1120473.43,0.3423065426342781,0.30275229357798167,-1.078893332781515,-2.022124491834358,Timeline Duration
462,Electrification,Maharashtra,Amravati,1176800.35,1.137085248448077,0.9157894736842105,0.278512386714568,1.079867561597503,Timeline Duration
463,Street Lighting,Maharashtra,Bhiwandi,820746.3,1.2002629168943568,0.9242424242424242,0.2998298596304322,1.0732439503694935,Timeline Duration
464,Street Lighting,Maharashtra,Bhiwandi,453936.32,0.6638384255006574,0.696969696969697,0.5336492464778577,0.826228143519952,Timeline Duration
465,Drinking Water Supply,Maharashtra,Bhiwandi,2040683.0,1.3581119202689886,0.9436619718309859,0.2050163274230421,1.1537673163639668,Timeline Duration
466,Street Lighting,Maharashtra,Bhiwandi,338340.92,0.4947912156825078,1.3636363636363635,0.2927868227587862,-0.005259894077780577,Cost Multiplier
467,Electrification,Maharashtra,Bhiwandi,925906.19,0.8946583590799935,2.905263157894737,0.5502686636312111,-3.372726452694851,Timeline Duration
468,Electrification,Delhi,New Delhi,340691.11,0.3291933380699632,1.231578947368421,-1.311133972198208,0.5287170775658019,Cost Multiplier
469,Sanitation & Drainage,Delhi,New Delhi,287686.82,0.2522575343513646,1.0862068965517242,-2.254013339566952,0.8114718701217903,Cost Multiplier
470,Electrification,Delhi,New Delhi,1416574.19,1.3687671105649168,0.5894736842105263,0.165505321459846,0.26676491189109575,Timeline Duration
471,Rural Roads,Delhi,New Delhi,3578985.68,1.0366228470909724,1.1813471502590673,0.5171509822406399,0.6384973585496443,Timeline Duration
472,Community Hall Construction,Delhi,New Delhi,756044.65,0.4229539354395367,0.8532110091743119,-0.6204074416074258,0.936833432615404,Timeline Duration
473,Sports Infrastructure,Delhi,New Delhi,3248093.48,1.6344711929597984,5.395604395604396,-0.42149352284917985,-4.845643544005484,Timeline Duration
474,Community Hall Construction,West Bengal,Mathurapur,2274737.21,1.272555866985173,0.8532110091743119,-0.03224127180247797,0.9482530162053839,Timeline Duration
475,School Infrastructure,West Bengal,Mathurapur,868785.71,0.40183049102268953,1.0,-0.9675100427524346,0.8356462263894259,Cost Multiplier
476,School Infrastructure,West Bengal,Mathurapur,788142.57,0.36453145148875027,1.0333333333333334,-1.1950241802621886,0.9013439535296652,Cost Multiplier
477,Drinking Water Supply,West Bengal,Mathurapur,1960010.6,1.3044229602116413,1.0845070422535212,0.15578703340724462,0.8913549208176719,Timeline Duration
478,Health Centre Infrastructure,West Bengal,Mathurapur,4774683.06,1.5936265831594962,1.158371040723982,-0.014448454075217733,0.6394547062279269,Timeline Duration
479,Rural Roads,West Bengal,Mathurapur,5061849.83,1.4661218712452502,0.6217616580310881,0.5101108533026736,0.41979414930617026,Cost Multiplier
480,School Infrastructure,West Bengal,Mathurapur,3713717.84,1.7176675974181503,1.3888888888888888,-1.27455393973244,-0.5543633172359815,Cost Multiplier
481,Street Lighting,Karnataka,Haveri,374987.7,0.5483836242716001,0.7424242424242424,-0.04167520178047207,0.8622155582305008,Timeline Duration
482,Sanitation & Drainage,Karnataka,Haveri,1468515.65,1.287664610514279,1.2672413793103448,-0.12951820057939675,0.3756688556021132,Timeline Duration
483,Sports Infrastructure,Karnataka,Haveri,5124459.17,2.578676058567033,3.598901098901099,-5.112735866850087,-2.4784676266333996,Cost Multiplier
484,Drinking Water Supply,Karnataka,Haveri,2497191.32,1.6619265701161083,1.1971830985915493,-0.5619758496781747,0.5691964164259166,Timeline Duration
485,Street Lighting,Karnataka,Haveri,570655.5,0.8345290560210965,0.9696969696969697,0.30879984863700716,1.0329319541066588,Timeline Duration
486,School Infrastructure,Karnataka,Haveri,2541858.99,1.1756598138131644,1.0166666666666666,0.25224671689597217,0.9686789466280586,Timeline Duration
487,Sanitation & Drainage,Karnataka,Haveri,1056487.31,0.9263784969158678,3.6379310344827585,0.5128366422923436,-3.6035008798625072,Timeline Duration
488,Health Centre Infrastructure,Karnataka,Haveri,2753102.08,0.9188917056286668,0.8914027149321267,0.4055765558446412,1.0186966276609426,Timeline Duration
489,Electrification,Andhra Pradesh,Kurnool,1302766.76,1.2588004965876294,0.7894736842105263,-0.10424189211256939,0.9626575493326177,Timeline Duration
490,School Infrastructure,Andhra Pradesh,Kurnool,1456826.55,0.6738109538212718,1.1222222222222222,0.4587665290633188,0.7417988066514397,Timeline Duration
491,Rural Roads,Andhra Pradesh,Kurnool,2794875.36,0.8095119433245695,0.9689119170984456,0.5240672609005826,1.031533643853944,Timeline Duration
492,Street Lighting,Andhra Pradesh,Kurnool,291212.65,0.42587063106533096,1.0151515151515151,-0.6431893060074716,0.8442375488541501,Timeline Duration
493,Irrigation Facilities,Andhra Pradesh,Kurnool,4800887.05,1.4666791765541274,1.353211009174312,0.33140993743659214,-0.21362484619685168,Cost Multiplier
494,Sanitation & Drainage,Andhra Pradesh,Kurnool,310563.15,0.2723165923256165,1.2327586206896552,-2.05984817937139,0.5353721651703681,Cost Multiplier
495,Sanitation & Drainage,Andhra Pradesh,Kurnool,885032.08,0.7760383681207907,4.689655172413793,0.6188316730506734,-4.454080494711501,Timeline Duration
496,Health Centre Infrastructure,Andhra Pradesh,Kurnool,3207139.33,1.0704338754967198,0.7285067873303167,0.4506198288200371,0.8047239439958564,Timeline Duration
497,Electrification,Rajasthan,Ajmer,1047877.73,1.0125135575973074,1.063157894736842,0.5592529415531343,0.9525288766426021,Timeline Duration
498,Sanitation & Drainage,Rajasthan,Ajmer,1230569.56,1.0790221222280663,0.49137931034482757,0.42653409229373496,-0.42839530308409135,Timeline Duration
499,Electrification,Rajasthan,Ajmer,714257.39,0.6901523625175884,0.8,0.4970586619674043,0.9518702324245447,Timeline Duration
500,Health Centre Infrastructure,Rajasthan,Ajmer,809137.99,0.2700627024044278,0.5203619909502263,-2.0074206192484723,-0.2636199162826168,Cost Multiplier
501,Health Centre Infrastructure,Rajasthan,Ajmer,895987.02,0.2990499506029745,1.248868778280543,-1.58078436467334,0.47404167725443,Cost Multiplier
502,Street Lighting,Rajasthan,Ajmer,846629.53,1.238114663699,0.7727272727272727,0.18637030643911923,0.9419118563626487,Timeline Duration
503,Irrigation Facilities,Rajasthan,Ajmer,4841007.07,1.4789359110459201,1.0412844036697249,0.4457928115066757,1.0672028556416935,Timeline Duration
504,Irrigation Facilities,Rajasthan,Ajmer,1663110.53,0.5080831015715936,1.3577981651376148,0.3125583704933169,0.03686419339992079,Cost Multiplier
505,School Infrastructure,Rajasthan,Karauli-Dholpur,3445481.14,1.593602844015029,0.3611111111111111,0.17794017995384406,-1.4727845491635785,Timeline Duration
506,Community Hall Construction,Rajasthan,Karauli-Dholpur,979790.03,0.5481237769395256,1.0642201834862386,-0.03641327049809021,0.9165555638157762,Timeline Duration
507,Community Hall Construction,Rajasthan,Karauli-Dholpur,1181779.91,0.6611229426170551,1.036697247706422,0.4807276225857067,0.9852147686873813,Timeline Duration
508,Sports Infrastructure,Rajasthan,Karauli-Dholpur,4477541.84,2.2531411727571986,0.7197802197802198,-5.088365231193764,0.6945988877522095,Cost Multiplier
509,Rural Roads,Rajasthan,Karauli-Dholpur,2863854.26,0.8294910966659161,0.8911917098445595,0.31187532920699895,1.027266575623001,Timeline Duration
510,Electrification,Madhya Pradesh,Gwalior,439529.09,0.42469569668534435,1.4,-0.37022376837757043,-0.24662707892200736,Cost Multiplier
511,School Infrastructure,Madhya Pradesh,Gwalior,919400.47,0.42524081376360523,4.511111111111111,-0.4278839129121551,-4.111502295825664,Timeline Duration
512,Rural Roads,Madhya Pradesh,Gwalior,2445747.72,0.7083900835201594,2.5958549222797926,0.29762111532432295,-3.531861246608858,Timeline Duration
513,Sanitation & Drainage,Madhya Pradesh,Gwalior,1678457.66,1.471751784891505,0.6206896551724138,0.4941657393634772,0.42207448677302495,Cost Multiplier
514,Irrigation Facilities,Madhya Pradesh,Gwalior,2546513.02,0.7779640679648908,1.110091743119266,0.7104726187796603,0.8678304333542055,Timeline Duration
515,Health Centre Infrastructure,Madhya Pradesh,Gwalior,1923907.87,0.642134920088657,0.9276018099547512,0.22238978682971136,0.9451213562147759,Timeline Duration
516,Health Centre Infrastructure,Gujarat,Amreli,4412356.19,1.4726942145459083,0.35294117647058826,0.4748709552165786,-1.6777760794372738,Timeline Duration
517,Health Centre Infrastructure,Gujarat,Amreli,2827871.86,0.9438473115877747,0.7782805429864253,0.4829001818328626,0.9183578571340317,Timeline Duration
518,Community Hall Construction,Gujarat,Amreli,2075390.85,1.1610355652707882,0.9587155963302753,0.37364605541025103,1.1483716608075307,Timeline Duration
519,Community Hall Construction,Gujarat,Amreli,1124008.91,0.6288041214941524,1.2201834862385321,0.2361414148230306,0.5634392384191726,Timeline Duration
520,Community Hall Construction,Gujarat,Amreli,2218667.18,1.2411886192323947,1.1192660550458715,0.14813883373262413,0.7761069813823107,Timeline Duration
521,Drinking Water Supply,Gujarat,Patan,2330847.17,1.551221490992103,5.507042253521127,-0.03515489871909346,-5.07821575225514,Timeline Duration
522,Electrification,Gujarat,Patan,914800.22,0.8839271975395446,0.8842105263157894,0.6797138116678129,1.0870235128353227,Timeline Duration
523,Irrigation Facilities,Gujarat,Patan,2788761.93,0.8519715228663627,1.0871559633027523,0.4842077277552041,0.9341038964811678,Timeline Duration
524,Street Lighting,Gujarat,Patan,286709.3,0.41928491266879814,0.8333333333333334,-0.5855439365743842,0.823257011595817,Timeline Duration
525,Community Hall Construction,Gujarat,Patan,1521310.25,0.851066345436087,0.8623853211009175,0.4678065385621248,1.0355255600639661,Timeline Duration
526,Rural Roads,Madhya Pradesh,Balaghat,853665.26,0.24725690220807342,3.0466321243523318,-2.0060317781128787,-3.0801344352161015,Timeline Duration
527,Rural Roads,Madhya Pradesh,Balaghat,1295452.99,0.37521697118562175,0.6994818652849741,-1.0323957797138625,0.7654818289348903,Cost Multiplier
528,Health Centre Infrastructure,Madhya Pradesh,Balaghat,2819984.79,0.9412148762497022,2.8552036199095023,0.481809787636307,-3.4099842753556726,Timeline Duration
529,Health Centre Infrastructure,Madhya Pradesh,Balaghat,1347412.59,0.4497204306389684,0.3574660633484163,-0.31099823692375816,-1.7248625939411844,Timeline Duration
530,Health Centre Infrastructure,Madhya Pradesh,Balaghat,1114105.05,0.37185032007386054,0.7375565610859729,-1.1116792734778769,0.8371336735522,Cost Multiplier
531,Electrification,Madhya Pradesh,Balaghat,1535863.23,1.4840303391028185,1.3789473684210527,0.15308773180714866,-0.5224963789916178,Timeline Duration
532,Irrigation Facilities,Madhya Pradesh,Balaghat,4794561.57,1.4647467316327853,1.146788990825688,0.4495002855531668,0.6975343472242177,Timeline Duration
533,Community Hall Construction,Madhya Pradesh,Balaghat,2264907.16,1.267056643714342,4.646788990825688,-0.0949249263613736,-4.447130957015773,Timeline Duration
534,Rural Roads,Maharashtra,Dindori,5198359.42,1.5056607161844178,0.8031088082901554,0.35718491964931914,1.0234961180197952,Timeline Duration
535,Electrification,Maharashtra,Dindori,1630886.51,1.575846737650925,0.8105263157894737,0.22204784555437934,1.0385507678763217,Timeline Duration
536,Rural Roads,Maharashtra,Dindori,2080018.67,0.6024597661138945,1.1554404145077721,0.2537331216150838,0.7222143617201093,Timeline Duration
537,Electrification,Maharashtra,Dindori,1690180.09,1.6331392555752067,0.5894736842105263,-0.2552538493723051,0.38088362486358823,Timeline Duration
538,Health Centre Infrastructure,Maharashtra,Dindori,3214498.74,1.072890195898512,2.6063348416289593,0.4518155651484266,-3.421303399611737,Timeline Duration
539,Drinking Water Supply,Maharashtra,Dindori,2063427.52,1.373248814991391,0.3732394366197183,0.28529839890967024,-1.4722332832255691,Timeline Duration
540,Health Centre Infrastructure,Maharashtra,Dindori,1383247.52,0.46168090976104437,1.1312217194570136,-0.06658672664171993,0.7806773049850442,Timeline Duration
541,Rural Roads,Maharashtra,Dindori,2352442.64,0.6813650584639956,3.1865284974093266,0.3958994483050611,-3.5787578161536464,Timeline Duration
542,Sports Infrastructure,Maharashtra,Shirdi,3156239.12,1.588249214961875,0.36813186813186816,0.16168385210365047,-1.4173249262175776,Timeline Duration
543,Street Lighting,Maharashtra,Shirdi,247594.83,0.3620837436169525,8.348484848484848,-0.7734049056947175,-6.041200901268558,Timeline Duration
544,Irrigation Facilities,Maharashtra,Shirdi,3721885.99,1.1370425136416287,1.3577981651376148,0.17769837240891212,-0.20243845675167976,Timeline Duration
545,Community Hall Construction,Maharashtra,Shirdi,2210784.84,1.2367790030497092,1.0504587155963303,0.18765356857278598,1.0108557309585275,Timeline Duration
546,Irrigation Facilities,Maharashtra,Shirdi,5814910.43,1.7764650474766754,1.3073394495412844,-1.9688073095644423,-0.014457187897044796,Cost Multiplier
547,Electrification,Maharashtra,Shirdi,376742.82,0.3640283613789961,1.2526315789473683,-1.135918154551556,0.4532087170430314,Cost Multiplier
548,Rural Roads,Maharashtra,Shirdi,2964508.12,0.8586446335204968,3.7927461139896375,0.541845156305253,-3.568593053441035,Timeline Duration
549,School Infrastructure,Maharashtra,Shirdi,1066314.61,0.49319149519732286,0.7055555555555556,-0.0025596537431668656,0.7284566095850958,Timeline Duration
550,Community Hall Construction,Chhattisgarh,Kanker,2139502.43,1.1969014960306272,3.9128440366972477,0.29483722160850945,-3.758060180381563,Timeline Duration
551,Street Lighting,Chhattisgarh,Kanker,994872.77,1.4549062150617902,0.48484848484848486,0.4775886292241193,-0.39447242473555544,Cost Multiplier
552,School Infrastructure,Chhattisgarh,Kanker,2132021.9,0.9861020929408789,0.9055555555555556,0.6100960379521415,1.0467615361115667,Timeline Duration
553,Sports Infrastructure,Chhattisgarh,Kanker,944496.94,0.47527974480238144,0.9230769230769231,-0.1263606405566423,0.9532113000941569,Timeline Duration
554,Drinking Water Supply,Chhattisgarh,Kanker,2191552.18,1.458518123368249,1.3028169014084507,0.3693754293724838,0.04857065315456882,Cost Multiplier
555,Rural Roads,Uttar Pradesh,Bulandshahr,4078131.38,1.1811961655981356,0.8704663212435233,0.18130917200718966,0.9361080405281411,Timeline Duration
556,Street Lighting,Uttar Pradesh,Bulandshahr,660406.01,0.9657805876153981,0.8333333333333334,0.5205902139403565,0.8506609050826821,Timeline Duration
557,Health Centre Infrastructure,Uttar Pradesh,Bulandshahr,4528659.66,1.511512351619428,1.2669683257918551,0.1564227842747087,0.36169566628363514,Timeline Duration
558,Drinking Water Supply,Uttar Pradesh,Bulandshahr,654933.56,0.4358702820674279,0.795774647887324,-0.4388067739638411,0.8615046454212194,Timeline Duration
559,Health Centre Infrastructure,Uttar Pradesh,Bulandshahr,3781178.01,1.2620284355364362,0.8823529411764706,-0.008967678294657716,0.9247943456004826,Timeline Duration
560,Rural Roads,Maharashtra,Aurangabad,4268693.55,1.236390881888041,0.9119170984455959,0.20644318618667168,1.0528534703375367,Timeline Duration
561,School Infrastructure,Maharashtra,Aurangabad,1153958.59,0.5337285610274949,0.7055555555555556,0.02525979571806399,0.7696455286798245,Timeline Duration
562,Rural Roads,Maharashtra,Aurangabad,2556220.72,0.7403876509948303,0.7668393782383419,0.6624895017274409,0.9809911014990602,Timeline Duration
563,Irrigation Facilities,Maharashtra,Aurangabad,1983957.93,0.6061025291337423,0.3440366972477064,0.05064649236886415,-1.963143445667595,Timeline Duration
564,Rural Roads,Maharashtra,Aurangabad,4864592.46,1.4089879470605975,0.5077720207253886,0.18165270694218927,-0.38975483647862097,Timeline Duration
565,Community Hall Construction,Maharashtra,Aurangabad,2320873.2,1.298365716358354,0.9770642201834863,0.0667346330086393,1.1191790482850925,Timeline Duration
566,Rural Roads,Maharashtra,Aurangabad,5212694.48,1.5098127447307907,0.38341968911917096,0.32168674573237166,-1.4229524072997077,Timeline Duration
567,Rural Roads,Andhra Pradesh,Narasapuram,2183281.27,0.6323689023834803,0.9585492227979274,0.19944739640783676,1.0175885607234119,Timeline Duration
568,Street Lighting,Andhra Pradesh,Narasapuram,584079.89,0.8541609416585065,4.712121212121212,0.5635764763073868,-4.394409996074999,Timeline Duration
569,Drinking Water Supply,Andhra Pradesh,Narasapuram,1878776.62,1.250360258376573,1.1338028169014085,-0.028735585981198422,0.7141456046667521,Timeline Duration
570,Street Lighting,Andhra Pradesh,Narasapuram,947152.0,1.385119155897899,14.257575757575758,0.007121743536226444,-8.270367346594954,Timeline Duration
571,Street Lighting,Andhra Pradesh,Narasapuram,1080071.99,1.5795019205975007,0.8787878787878788,0.1056503935340889,0.9699295438309641,Timeline Duration
572,Irrigation Facilities,Andhra Pradesh,Narasapuram,3629925.11,1.1089483080606843,0.8486238532110092,0.18602391886946412,0.8962941725472083,Timeline Duration
573,Street Lighting,Rajasthan,Alwar,964170.35,1.4100068640870547,1.5909090909090908,-0.02879374813600601,-1.7291128335923915,Timeline Duration
574,Irrigation Facilities,Rajasthan,Alwar,2062853.73,0.6302053305061635,2.977064220183486,0.17675037458193157,-3.491242562329867,Timeline Duration
575,Irrigation Facilities,Rajasthan,Alwar,3544017.29,1.0827033226267613,0.5642201834862385,0.4282309642629506,0.06082674061805487,Cost Multiplier
576,Irrigation Facilities,Rajasthan,Alwar,2401472.06,0.7336538074726303,0.8394495412844036,0.5408009603078952,0.9024238399039465,Timeline Duration
577,Electrification,Rajasthan,Alwar,1126675.7,1.088652224019912,0.9789473684210527,0.40393011416404995,1.1017989569484028,Timeline Duration
578,Street Lighting,Rajasthan,Alwar,695649.98,1.0173215208308597,1.0151515151515151,0.5362391762098196,0.963599638732554,Timeline Duration
579,Community Hall Construction,Rajasthan,Alwar,2279101.05,1.2749971292857905,1.224770642201835,-0.0010347390563252912,0.5583898087295442,Timeline Duration
580,Sanitation & Drainage,Odisha,Jagatsinghpur,1418280.4,1.2436159457109197,0.9051724137931034,0.1969071246301739,1.0639969975466859,Timeline Duration
581,Street Lighting,Odisha,Jagatsinghpur,1196337.36,1.7495288974233505,0.6212121212121212,-1.5401235193364362,0.3853197755842536,Cost Multiplier
582,Sports Infrastructure,Odisha,Jagatsinghpur,888155.56,0.44692823240021956,0.5659340659340659,-0.3068528634196105,0.04627175626842375,Cost Multiplier
583,Community Hall Construction,Odisha,Jagatsinghpur,2860173.9,1.600066619142729,0.43119266055045874,0.013839428438572188,-0.8116935198127211,Timeline Duration
584,Irrigation Facilities,Odisha,Jagatsinghpur,1435861.65,0.438658181401633,2.871559633027523,-0.45371592590324694,-3.5198584181448735,Timeline Duration
585,Drinking Water Supply,Jharkhand,Jamshedpur,2361005.44,1.5712923721537977,1.0211267605633803,0.21416200338059982,0.9904800364857451,Timeline Duration
586,Street Lighting,Jharkhand,Jamshedpur,655235.25,0.958218845966169,4.909090909090909,0.5037637551037434,-4.646021053589758,Timeline Duration
587,Irrigation Facilities,Jharkhand,Jamshedpur,3755009.26,1.147161729082946,1.238532110091743,0.15617704752725967,0.5866291704244389,Timeline Duration
588,School Infrastructure,Jharkhand,Jamshedpur,3640879.9,1.6839786165125123,0.7888888888888889,-0.6615429863405143,1.0121319243427778,Timeline Duration
589,Drinking Water Supply,Jharkhand,Jamshedpur,1558388.55,1.037136128524472,0.9507042253521126,0.5348347519704669,1.0685004134160982,Timeline Duration
590,Sports Infrastructure,Jharkhand,Jamshedpur,2007916.4,1.0104024203366042,0.7582417582417582,0.530408442038806,0.8652332515690493,Timeline Duration
591,Electrification,Jharkhand,Jamshedpur,1975923.05,1.9092388545121792,1.231578947368421,-3.3064505580957095,0.35427400642044365,Cost Multiplier
592,Community Hall Construction,Jharkhand,Jamshedpur,1537341.06,0.8600344588640221,1.261467889908257,0.5944773084298997,0.5498430853651052,Cost Multiplier
593,Community Hall Construction,Assam,Guwahati,1138886.31,0.6371269829536023,0.8394495412844036,0.35965264451832163,0.8992790158819934,Timeline Duration
594,Drinking Water Supply,Assam,Guwahati,1869261.37,1.2440276851893903,0.8591549295774648,0.05448572047271999,0.9557041149042377,Timeline Duration
595,Rural Roads,Assam,Guwahati,1069766.22,0.3098487124145597,1.0259067357512954,-1.3541801433383902,0.9259970673916985,Cost Multiplier
596,Sanitation & Drainage,Assam,Guwahati,1036682.36,0.9090125715149333,1.0603448275862069,0.40424695694342383,0.922221867728451,Timeline Duration
597,Electrification,Assam,Guwahati,1296401.01,1.2526495803168205,1.2421052631578948,-0.14620468876130244,0.5460705969972031,Timeline Duration
598,Irrigation Facilities,Assam,Guwahati,1676593.15,0.5122020649617847,0.8302752293577982,0.12938509532083198,0.8649009650247512,Timeline Duration
599,Drinking Water Supply,Tripura,Tripura West,302202.33,0.20112118673309995,0.30985915492957744,-3.2831639604623697,-1.8311542108710885,Cost Multiplier
600,Street Lighting,Tripura,Tripura West,1199203.96,1.753721025584719,3.4393939393939394,-1.4027819830546981,-3.4815494453246547,Timeline Duration
601,Rural Roads,Tripura,Tripura West,2855585.49,0.8270961175668826,0.8652849740932642,0.4333379649104116,1.0194304373076855,Timeline Duration
602,Health Centre Infrastructure,Tripura,Tripura West,4910417.53,1.6389301262271414,1.2217194570135748,-0.538190454161693,0.4553388986448924,Cost Multiplier
603,Community Hall Construction,Tripura,Tripura West,2116108.23,1.1838140825340042,0.6192660550458715,0.2528397583921658,0.380280166807545,Timeline Duration
604,Irrigation Facilities,Tripura,Tripura West,1089514.18,0.3328484389913829,0.6697247706422018,-1.269856572387523,0.5916904054815196,Cost Multiplier
605,Electrification,Tripura,Tripura West,804846.9,0.7776846236060045,0.8315789473684211,0.7037299564467949,0.903267745160866,Timeline Duration
606,Drinking Water Supply,Tripura,Tripura West,1968526.2,1.310090248010992,1.4154929577464788,0.1211653582787388,-0.644522430499538,Timeline Duration
607,Drinking Water Supply,Andaman And Nicobar Islands,Andaman And Nicobar Islands,917663.99,0.6107221962551763,1.443661971830986,0.3377611145204618,-0.6221095617093536,Timeline Duration
608,Irrigation Facilities,Andaman And Nicobar Islands,Andaman And Nicobar Islands,1630097.23,0.4979974821527126,0.42201834862385323,-0.03853075039905331,-1.0576960008953822,Timeline Duration
609,Electrification,Andaman And Nicobar Islands,Andaman And Nicobar Islands,1575992.39,1.5228052050931393,0.4,0.23005232362534664,-1.1110612333233871,Timeline Duration
610,Drinking Water Supply,Andaman And Nicobar Islands,Andaman And Nicobar Islands,2363358.81,1.5728585830007562,0.8380281690140845,0.2693694035790588,0.9564731255991252,Timeline Duration
611,Irrigation Facilities,Andaman And Nicobar Islands,Andaman And Nicobar Islands,2939616.29,0.8980577869671604,0.8073394495412844,0.5013735519989343,0.9280569757160431,Timeline Duration
612,Sanitation & Drainage,Andaman And Nicobar Islands,Andaman And Nicobar Islands,209286.71,0.18351257606138885,0.9051724137931034,-4.010043613954373,0.6570728659043725,Cost Multiplier
613,Rural Roads,Andaman And Nicobar Islands,Andaman And Nicobar Islands,5568375.15,1.6128326340952615,0.8238341968911918,-0.10494973459521845,1.0055152974637431,Timeline Duration
614,Drinking Water Supply,Rajasthan,Jhunjhunu,1603567.7,1.0672036804973264,0.43661971830985913,0.4182836603554509,-0.8422311978126884,Timeline Duration
615,Irrigation Facilities,Rajasthan,Jhunjhunu,4511733.37,1.378342234471727,0.6513761467889908,0.317486714793003,0.6403787648172105,Timeline Duration
616,Street Lighting,Rajasthan,Jhunjhunu,478943.41,0.7004089014034298,0.3787878787878788,0.46532790090702053,-1.5163042385009295,Timeline Duration
617,Rural Roads,Rajasthan,Jhunjhunu,1329503.43,0.38507939233325267,0.538860103626943,-0.8004964524531499,-0.07942979851166115,Cost Multiplier
618,Sports Infrastructure,Rajasthan,Jhunjhunu,4778070.42,2.4043699811938066,0.5494505494505495,-5.628946874093382,0.053645392755376,Cost Multiplier
619,Irrigation Facilities,Rajasthan,Jhunjhunu,2275329.61,0.6951170739965699,1.018348623853211,0.4771686910283209,0.9673561255500145,Timeline Duration
620,Irrigation Facilities,Rajasthan,Jhunjhunu,1930173.29,0.5896712299415524,0.5871559633027523,0.2641259211683779,0.2266011542560098,Cost Multiplier
621,Health Centre Infrastructure,Rajasthan,Jhunjhunu,3171898.1,1.058671553213649,1.3574660633484164,0.5116109492399294,-0.1352523197362449,Cost Multiplier
622,Health Centre Infrastructure,Chhattisgarh,Raipur,2222851.98,0.7419122821854318,0.7420814479638009,0.6159811162126306,0.939381187440763,Timeline Duration
623,Sanitation & Drainage,Chhattisgarh,Raipur,551732.83,0.4837856781777511,0.8448275862068966,-0.13103417222572195,0.9364095558826091,Timeline Duration
624,Sanitation & Drainage,Chhattisgarh,Raipur,1733615.63,1.5201169255400286,0.603448275862069,0.24302038810305693,0.3501747924001271,Timeline Duration
625,School Infrastructure,Chhattisgarh,Raipur,3711832.93,1.7167957894428172,1.288888888888889,-1.2426938312308928,0.09846920518984262,Cost Multiplier
626,Street Lighting,Chhattisgarh,Raipur,365582.18,0.5346289513963057,0.45454545454545453,-0.123283778545944,-0.8925553614647082,Timeline Duration
627,Health Centre Infrastructure,Chhattisgarh,Raipur,2537795.73,0.8470297791779837,1.2895927601809956,0.4587726266766606,0.31442617427404784,Cost Multiplier
628,Health Centre Infrastructure,Chhattisgarh,Raipur,3762881.37,1.255921640274826,0.5158371040723982,-0.08802959026714625,-0.3087658570183343,Timeline Duration
629,Street Lighting,Madhya Pradesh,Chhindwara,837612.66,1.224928354254221,1.2727272727272727,-0.02163295883368027,0.20921626965523166,Timeline Duration
630,Community Hall Construction,Madhya Pradesh,Chhindwara,2852904.39,1.5959998383471543,1.165137614678899,-0.06771661558380809,0.690471856425555,Timeline Duration
631,Sanitation & Drainage,Madhya Pradesh,Chhindwara,772312.9,0.677200811291084,6.4655172413793105,0.3572810552607203,-5.656989534185979,Timeline Duration
632,Sanitation & Drainage,Madhya Pradesh,Chhindwara,644908.97,0.5654869647948355,1.1120689655172413,0.13760342479473162,0.8374474498292834,Timeline Duration
633,Rural Roads,Madhya Pradesh,Chhindwara,4880259.16,1.413525673838683,0.8393782383419689,0.36527685452664493,0.9363609218191855,Timeline Duration
634,Sports Infrastructure,Madhya Pradesh,Chhindwara,1036995.55,0.5218259154605681,1.2417582417582418,0.1564742017517766,0.6797662423997194,Timeline Duration
635,Electrification,Gujarat,Navsari,1257092.76,1.2146679199465555,0.8315789473684211,0.08095175780022523,0.8495101520264999,Timeline Duration
636,Street Lighting,Gujarat,Navsari,749938.91,1.096713885410357,1.196969696969697,0.4395413410684348,0.7172565828080485,Timeline Duration
637,Irrigation Facilities,Gujarat,Navsari,2387559.77,0.7294035791650966,1.481651376146789,0.5442550928854157,-0.8546057762758502,Timeline Duration
638,Street Lighting,Gujarat,Navsari,535887.54,0.7836842418756458,0.7121212121212122,0.6234351680614162,0.7412272481366402,Timeline Duration
639,Sanitation & Drainage,Gujarat,Navsari,1822656.53,1.5981922363604077,1.0603448275862069,-0.09982607424052041,0.916696682310123,Timeline Duration
640,Rural Roads,Gujarat,Navsari,1171013.12,0.3391740182752792,0.6528497409326425,-1.2575258340104294,0.5011617987686329,Cost Multiplier
641,School Infrastructure,Gujarat,Navsari,2940313.5,1.3599528673942425,0.7666666666666667,0.11468506109058736,0.8844100627158585,Timeline Duration
642,Electrification,Gujarat,Navsari,1424599.42,1.3765215020795039,0.968421052631579,0.33695708164806804,1.16174321332183,Timeline Duration
643,Sports Infrastructure,Andhra Pradesh,Anakapalle,1201169.57,0.6044398266594557,0.8571428571428571,0.2982003861861686,1.0492943384022555,Timeline Duration
644,Street Lighting,Andhra Pradesh,Anakapalle,958637.62,1.4019157759539873,1.3181818181818181,0.11687660299450306,0.012953303041593228,Cost Multiplier
645,Electrification,Andhra Pradesh,Anakapalle,1604312.83,1.5501698762147607,1.1157894736842104,0.2045516279502521,0.8002962100656409,Timeline Duration
646,Street Lighting,Andhra Pradesh,Anakapalle,870050.95,1.272366248978163,1.1666666666666667,-0.008952480103651926,0.712556512713556,Timeline Duration
647,Sanitation & Drainage,Andhra Pradesh,Anakapalle,1222743.59,1.0721599382180105,3.8793103448275863,0.4988125854380107,-3.6824500894796492,Timeline Duration
648,Sports Infrastructure,Andhra Pradesh,Anakapalle,825915.07,0.41560823235493066,1.2362637362637363,-0.4790499031029936,0.6481603360096788,Timeline Duration
649,Drinking Water Supply,Karnataka,Dakshina Kannada,710722.63,0.4729989301659915,0.6830985915492958,-0.09605113917457808,0.6971395361226733,Timeline Duration
650,Sanitation & Drainage,Karnataka,Dakshina Kannada,1133357.02,0.9937815274436634,2.663793103448276,0.4840095412469323,-3.4377266608445933,Timeline Duration
651,Street Lighting,Karnataka,Dakshina Kannada,652163.7,0.9537269980438733,6.878787878787879,0.45925416650108786,-5.669251480202371,Timeline Duration
652,Sports Infrastructure,Karnataka,Dakshina Kannada,976343.75,0.49130535916760104,1.1813186813186813,0.10621565704449915,0.7309956150616399,Timeline Duration
653,Community Hall Construction,Karnataka,Dakshina Kannada,1614328.95,0.9031037816304567,1.2522935779816513,0.519357132872499,0.5404808607881318,Timeline Duration
654,Drinking Water Supply,Karnataka,Dakshina Kannada,1922039.56,1.2791525374909096,1.0985915492957747,-0.01361967005253882,0.8619172801795544,Timeline Duration
655,School Infrastructure,Karnataka,Dakshina Kannada,1046481.2,0.48401815269499926,1.2555555555555555,0.03726093159640902,0.5895338811995432,Timeline Duration
656,Drinking Water Supply,Karnataka,Dakshina Kannada,827329.57,0.5506029848869308,0.5704225352112676,-0.06816067911122273,0.125580349209787,Timeline Duration
657,Irrigation Facilities,Goa,South Goa,1281907.0,0.3916247734216059,1.1926605504587156,-0.8994557062633912,0.6567329866100842,Cost Multiplier
658,Health Centre Infrastructure,Goa,South Goa,1512437.22,0.504800031512845,0.8416289592760181,0.07555829154932842,0.898069137417539,Timeline Duration
659,Sanitation & Drainage,Goa,South Goa,1542723.39,1.3527334986968769,0.7327586206896551,0.18230132591516063,0.8416124525048798,Timeline Duration
660,Sports Infrastructure,Goa,South Goa,1954277.71,0.9834109269658221,0.7032967032967034,0.5293755538432298,0.6484960826943006,Timeline Duration
661,Health Centre Infrastructure,Goa,South Goa,4302875.15,1.436153172239333,1.0452488687782806,0.3913649470767535,1.0534212884218985,Timeline Duration
662,Rural Roads,Goa,South Goa,4291239.21,1.2429210410863154,0.6683937823834197,0.21045453258842356,0.6401446450119856,Timeline Duration
663,Drinking Water Supply,Goa,South Goa,2140302.51,1.4244105291280595,1.1267605633802817,0.2405277775344707,0.7110623125047524,Timeline Duration
664,School Infrastructure,Goa,South Goa,3743753.99,1.7315599079891095,0.85,-1.314576642313836,0.9626091352804534,Cost Multiplier
665,School Infrastructure,Telangana,Bhongir,3851482.92,1.7813866585226201,0.45555555555555555,-1.8166639891093936,-0.6260391266835832,Cost Multiplier
666,Electrification,Telangana,Bhongir,571034.94,0.5517634377168842,4.6421052631578945,0.03791947516635396,-4.341050703752381,Timeline Duration
667,Drinking Water Supply,Telangana,Bhongir,1184706.88,0.78844413157393,1.0140845070422535,0.687081774014181,1.0002175441853118,Timeline Duration
668,Rural Roads,Telangana,Bhongir,5404392.26,1.5653363808255343,0.5854922279792746,0.23343937296791875,0.30389744817167735,Timeline Duration
669,Electrification,Telangana,Bhongir,752749.15,0.7273450880999726,0.5157894736842106,0.5236312070081576,-0.28268776896633163,Cost Multiplier
670,Rural Roads,Uttar Pradesh,Bijnor,2542547.13,0.736427211623708,1.5233160621761659,0.569506369353973,-1.1055966517524491,Timeline Duration
671,Electrification,Uttar Pradesh,Bijnor,1426358.6,1.378221312610122,0.8315789473684211,0.2502111790755153,0.8940324098402068,Timeline Duration
672,Community Hall Construction,Uttar Pradesh,Bijnor,1436309.07,0.8035141491497904,1.0229357798165137,0.589992429259764,1.0290529579494383,Timeline Duration
673,Community Hall Construction,Uttar Pradesh,Bijnor,1195316.11,0.6686954967788982,0.6467889908256881,0.4556251321570511,0.5167680744583611,Timeline Duration
674,Sanitation & Drainage,Uttar Pradesh,Bijnor,636048.17,0.5577173924509216,9.827586206896552,0.021108168909495923,-7.060931838561324,Timeline Duration
675,Irrigation Facilities,Uttar Pradesh,Bijnor,2243857.56,0.6855023090796426,1.2798165137614679,0.5302469590647857,0.3752922617702604,Cost Multiplier
676,School Infrastructure,Uttar Pradesh,Bijnor,852019.6,0.39407583514346195,0.9888888888888889,-1.0740360516992313,0.9426613333274984,Cost Multiplier
677,Health Centre Infrastructure,Uttar Pradesh,Bijnor,1322298.77,0.4413382928816022,1.009049773755656,-0.4281967629663212,0.833839582234735,Timeline Duration
678,Sports Infrastructure,Rajasthan,Chittorgarh,740047.92,0.3723990747488639,0.9945054945054945,-1.174715102434297,0.9569747235452244,Cost Multiplier
679,Sports Infrastructure,Rajasthan,Chittorgarh,559433.23,0.28151206375361254,1.1538461538461537,-1.782300651406075,0.6178385366734299,Cost Multiplier
680,Health Centre Infrastructure,Rajasthan,Chittorgarh,2273981.04,0.7589774209944478,1.1221719457013575,0.55291559581154,0.7376641474220863,Timeline Duration
681,Sports Infrastructure,Rajasthan,Chittorgarh,1087147.25,0.5470627226622998,1.3956043956043955,0.21591005874921987,-0.15203650629256413,Cost Multiplier
682,Street Lighting,Rajasthan,Chittorgarh,1137299.23,1.6631912823505948,1.2272727272727273,-0.6253420122710975,0.4467024148483056,Cost Multiplier
683,Drinking Water Supply,Rajasthan,Chittorgarh,2483439.43,1.6527744353968856,3.2535211267605635,-0.5460802519093506,-3.7118783591195124,Timeline Duration
684,Sanitation & Drainage,Rajasthan,Chittorgarh,1453619.74,1.2746031656815968,3.9741379310344827,-0.0950506916767055,-3.9164142251636864,Timeline Duration
685,Health Centre Infrastructure,Uttar Pradesh,Nagina,3263916.8,1.0893842611829563,0.9457013574660633,0.36639174235185445,1.025152717915064,Timeline Duration
686,Rural Roads,Uttar Pradesh,Nagina,4150866.43,1.2022632559292443,0.8082901554404145,0.22521831936670614,0.9207175237418939,Timeline Duration
687,Street Lighting,Uttar Pradesh,Nagina,415514.8,0.6076506295072853,3.409090909090909,0.15945316436971382,-3.7451322042758375,Timeline Duration
688,Rural Roads,Uttar Pradesh,Nagina,1368225.17,0.39629481590631277,0.5544041450777202,-0.844772858723587,0.03130413101035331,Cost Multiplier
689,Community Hall Construction,Uttar Pradesh,Nagina,2540973.45,1.421496363375995,0.8211009174311926,0.3542857826922978,0.9463988940368759,Timeline Duration
690,Street Lighting,Uttar Pradesh,Nagina,329165.97,0.4813737293662613,1.2121212121212122,0.03448073513224281,0.7384506861357019,Timeline Duration
691,Community Hall Construction,Gujarat,Surendranagar,1002352.12,0.5607456832743446,0.9495412844036697,0.023341973608250032,0.9893815058271376,Timeline Duration
692,Rural Roads,Gujarat,Surendranagar,2324253.04,0.6732001799137256,1.150259067357513,0.4169226588905992,0.6328262760598972,Timeline Duration
693,Rural Roads,Gujarat,Surendranagar,849434.2,0.2460314115647544,0.35233160621761656,-2.2176938528890298,-1.5676372101913456,Cost Multiplier
694,Electrification,Gujarat,Surendranagar,1056114.89,1.0204727268184133,7.431578947368421,0.407316814372686,-5.987411598890538,Timeline Duration
695,Sanitation & Drainage,Gujarat,Surendranagar,1999001.24,1.7528196945821866,0.9396551724137931,-1.5236759761271954,1.0779833153261713,Cost Multiplier
696,Drinking Water Supply,Gujarat,Surendranagar,1305222.37,0.868649397921549,1.1338028169014085,0.5460168487154636,0.7936225148527251,Timeline Duration
697,Sports Infrastructure,Punjab,Jalandhar,2355055.09,1.1850858745722876,1.2692307692307692,0.1507678994826612,0.3483422148554938,Timeline Duration
698,Sanitation & Drainage,Punjab,Jalandhar,1772182.09,1.5539338383491055,1.0086206896551724,0.28720879064650834,0.9859713240335339,Timeline Duration
699,Street Lighting,Punjab,Jalandhar,1136038.99,1.6613483019577657,4.166666666666667,-0.5725075968199661,-4.108011238900879,Timeline Duration
700,Electrification,Punjab,Jalandhar,552369.28,0.5337277134425439,0.3473684210526316,-0.18537934216793034,-1.963979288631661,Timeline Duration
701,Rural Roads,Punjab,Jalandhar,2367011.19,0.6855847154085262,1.4145077720207253,0.5248525727590037,-0.5237415677634826,Cost Multiplier
702,School Infrastructure,Punjab,Jalandhar,1013558.85,0.468790917815502,1.5,0.025667674823178995,-0.7222438848582823,Timeline Duration
703,School Infrastructure,Punjab,Jalandhar,2989029.94,1.3824851797708784,1.5277777777777777,-0.010003383984064381,-1.4012757297307055,Timeline Duration
704,Electrification,Maharashtra,Nanded,1437822.95,1.3892987594073172,0.6421052631578947,0.30251258171570033,0.6172284406369715,Timeline Duration
705,School Infrastructure,Maharashtra,Nanded,1204783.01,0.5572358556451095,0.6888888888888889,-0.019931696583809465,0.6427451772058252,Timeline Duration
706,Community Hall Construction,Maharashtra,Nanded,2633325.77,1.4731610067154741,1.2339449541284404,0.38463236870666956,0.5369407558668209,Timeline Duration
707,Sanitation & Drainage,Maharashtra,Nanded,1635532.65,1.4341130874196928,0.43103448275862066,0.3055105944105909,-0.9211193168593881,Timeline Duration
708,Community Hall Construction,Maharashtra,Nanded,2540369.9,1.4211587194977733,1.0963302752293578,0.28533608627263757,0.856856575657537,Timeline Duration
709,Electrification,Maharashtra,Nanded,746216.01,0.7210324309699453,1.2842105263157895,0.4193863695129273,0.32607138250204504,Cost Multiplier
710,Street Lighting,Uttar Pradesh,Bareilly,211753.22,0.30966881909668365,1.6818181818181819,-1.1391719654131915,-1.6830326007821315,Timeline Duration
711,Community Hall Construction,Uttar Pradesh,Bareilly,2641946.99,1.4779839744162444,2.926605504587156,0.3020414186594569,-3.5314783221249804,Timeline Duration
712,Street Lighting,Uttar Pradesh,Bareilly,861793.62,1.2602906940940786,1.0606060606060606,-0.08723999188620209,0.9259452981142368,Timeline Duration
713,Rural Roads,Uttar Pradesh,Bareilly,1480683.55,0.4288674318590088,1.2849740932642486,-0.2857538398710277,0.45330453768269957,Timeline Duration
714,Sports Infrastructure,Uttar Pradesh,Bareilly,1373244.71,0.691029655765767,0.7417582417582418,0.49542975683724455,0.91166969172476,Timeline Duration
715,Community Hall Construction,Uttar Pradesh,Bareilly,1441389.48,0.8063562820888255,4.155963302752293,0.5704460265426163,-3.9895052792552765,Timeline Duration
716,Irrigation Facilities,Uttar Pradesh,Bareilly,3820469.46,1.1671599317553183,0.463302752293578,0.2800700684555714,-0.7012766056594091,Timeline Duration
717,Electrification,Maharashtra,Kolhapur,1729560.81,1.67119094020061,0.7473684210526316,-0.5545823680852,0.999594292579617,Timeline Duration
718,Health Centre Infrastructure,Maharashtra,Kolhapur,3382267.46,1.1288856805526581,1.1538461538461537,0.3332680377902319,0.6959806951169539,Timeline Duration
719,Electrification,Maharashtra,Kolhapur,1138121.96,1.0997121913252421,0.9157894736842105,0.30711780508284003,1.0147632764493357,Timeline Duration
720,Street Lighting,Maharashtra,Kolhapur,463281.51,0.6775048715246382,1.0303030303030303,0.4847584871205039,0.9681839941447874,Timeline Duration
721,Drinking Water Supply,Maharashtra,Kolhapur,1166352.4,0.7762288888937398,1.1549295774647887,0.6651552997178024,0.6506923427592325,Cost Multiplier
722,Community Hall Construction,Maharashtra,Kolhapur,2655008.61,1.485291034365965,1.0091743119266054,0.39707728107797435,0.977111352893653,Timeline Duration
723,Rural Roads,Maharashtra,Kolhapur,3724980.29,1.0789089476260647,5.580310880829016,0.48001506641259684,-4.884748550690804,Timeline Duration
724,Health Centre Infrastructure,Uttar Pradesh,Robertsganj,803131.56,0.26805796064511056,0.8642533936651584,-2.080480778596309,0.8804277682826539,Cost Multiplier
725,Electrification,Uttar Pradesh,Robertsganj,1084224.7,1.0476338763606259,0.42105263157894735,0.4663922191841114,-1.010146606514737,Timeline Duration
726,Community Hall Construction,Uttar Pradesh,Robertsganj,2005360.97,1.1218587609056512,1.0504587155963303,0.31873637332654475,1.0215346621382888,Timeline Duration
727,Street Lighting,Uttar Pradesh,Robertsganj,832257.39,1.2170967843879215,0.6212121212121212,0.18579714991513674,0.4660087313498565,Timeline Duration
728,Rural Roads,Uttar Pradesh,Robertsganj,4073754.65,1.1799284828748149,1.2487046632124352,0.12955912475521494,0.49497804501460063,Timeline Duration
729,Sanitation & Drainage,Uttar Pradesh,Robertsganj,1986408.18,1.7417774985387988,1.1896551724137931,-1.4879385312498594,0.5122042529947106,Cost Multiplier
730,Rural Roads,Chhattisgarh,Sarguja,2512659.05,0.7277703827470742,2.626943005181347,0.3286721722009233,-3.5634569507613967,Timeline Duration
731,Rural Roads,Chhattisgarh,Sarguja,2761211.11,0.7997613788349731,2.461139896373057,0.34150677236377097,-3.522758413512645,Timeline Duration
732,Irrigation Facilities,Chhattisgarh,Sarguja,2374721.02,0.7254813191573373,3.536697247706422,0.4216839123433288,-3.67730372935238,Timeline Duration
733,Community Hall Construction,Chhattisgarh,Sarguja,1362932.22,0.7624649499025545,0.44954128440366975,0.552152074240205,-0.7329523544758896,Timeline Duration
734,Irrigation Facilities,Chhattisgarh,Sarguja,4123468.77,1.2597267374016352,0.8440366972477065,-0.1201656218274691,0.9273938295123668,Timeline Duration
735,School Infrastructure,Chhattisgarh,Sarguja,2841574.81,1.3142842798139553,1.0,0.2933701115891292,1.029502306631362,Timeline Duration
736,Irrigation Facilities,Chhattisgarh,Sarguja,5220049.65,1.5947340652877184,0.3394495412844037,0.10647598036167383,-1.7972609051740158,Timeline Duration
737,Rural Roads,Chhattisgarh,Sarguja,1198804.7,0.3472236137083507,0.8756476683937824,-1.3239385825568288,0.8258089001614671,Cost Multiplier
738,Irrigation Facilities,Bihar,Hajipur,5175718.81,1.5811909181088748,0.9724770642201835,0.14799408033601544,1.1205610553221834,Timeline Duration
739,Drinking Water Supply,Bihar,Hajipur,1655830.54,1.1019855579330236,0.676056338028169,0.20618264724151883,0.556074897091682,Timeline Duration
740,Irrigation Facilities,Bihar,Hajipur,5038233.37,1.5391888818544746,0.8577981651376146,0.22971216972204142,1.008791189584421,Timeline Duration
741,Street Lighting,Bihar,Hajipur,1223184.12,1.788789714641488,8.454545454545455,-1.41313611166496,-5.791057536202686,Timeline Duration
742,Sports Infrastructure,Bihar,Hajipur,1380635.12,0.6947485795970979,0.8571428571428571,0.5241275312723822,1.037281601678111,Timeline Duration
743,Electrification,Bihar,Hajipur,1564945.26,1.5121308977982035,0.8105263157894737,0.3502904564491743,1.0294362195403701,Timeline Duration
744,Sanitation & Drainage,Bihar,Hajipur,1802353.3,1.58038939527381,0.6379310344827587,0.1723620493889883,0.6340210681360949,Timeline Duration
745,Street Lighting,Bihar,Hajipur,280034.78,0.40952406593202983,1.3333333333333333,-0.585545950116271,0.12963402596302345,Cost Multiplier
746,Sanitation & Drainage,Tamil Nadu,Tiruvannamalai,971014.65,0.8514319892306964,0.7327586206896551,0.38013596677351813,0.810657247676103,Timeline Duration
747,Sanitation & Drainage,Tamil Nadu,Tiruvannamalai,1544763.96,1.3545227678642004,0.3448275862068966,0.23846206872851458,-1.6994596397885338,Timeline Duration
748,Street Lighting,Tamil Nadu,Tiruvannamalai,592108.56,0.8659021031757528,0.7272727272727273,0.41422586258728267,0.7542832220035914,Timeline Duration
749,Street Lighting,Tamil Nadu,Tiruvannamalai,663521.23,0.9703362987333983,1.0757575757575757,0.5828692138847358,0.9060916774736875,Timeline Duration
750,Rural Roads,Tamil Nadu,Tiruvannamalai,5779928.69,1.674107322667632,0.7357512953367875,-0.5402978189413368,0.969169929082746,Timeline Duration
751,Sanitation & Drainage,Tamil Nadu,Tiruvannamalai,973397.09,0.8535210263306235,1.1982758620689655,0.4753172635046166,0.6854709248554884,Timeline Duration
752,Electrification,Tamil Nadu,Tiruvannamalai,486368.37,0.4699542270179781,0.8842105263157894,-0.21516346743649173,0.9785498600586513,Timeline Duration
753,School Infrastructure,Tamil Nadu,Vellore,2106014.18,0.9740730105357591,0.6666666666666666,0.4908052698240077,0.5233429948661966,Timeline Duration
754,Community Hall Construction,Tamil Nadu,Vellore,1503207.9,0.8409393507232694,3.9311926605504586,0.4307565374752334,-3.686329348486926,Timeline Duration
755,Street Lighting,Tamil Nadu,Vellore,701219.74,1.0254667617950912,1.303030303030303,0.4851615660941209,0.13088086578028396,Cost Multiplier
756,Health Centre Infrastructure,Tamil Nadu,Vellore,1084241.78,0.361882977669343,3.0588235294117645,-1.153350396865541,-3.502041799114943,Timeline Duration
757,Drinking Water Supply,Tamil Nadu,Vellore,414687.4,0.2759820614594987,0.9366197183098591,-2.319934902961315,0.7824675220526892,Cost Multiplier
758,Health Centre Infrastructure,Tamil Nadu,Vellore,4772644.02,1.592946021055731,1.0588235294117647,0.04253785560552256,0.931434295337143,Timeline Duration
759,Sanitation & Drainage,Tamil Nadu,Vellore,1534325.78,1.345370073451868,1.2413793103448276,0.22975041634449322,0.5956225148776256,Timeline Duration
760,Rural Roads,Tamil Nadu,Vellore,1478524.11,0.4282419683782714,1.2746113989637307,-0.34589162703433046,0.46969860036030725,Timeline Duration
761,Rural Roads,Tamil Nadu,Viluppuram,5697453.62,1.6502191181533776,0.34196891191709844,-0.3481981262184737,-1.703262528964709,Timeline Duration
762,School Infrastructure,Tamil Nadu,Viluppuram,1905565.21,0.8813614165109305,0.6611111111111111,0.4966929048118739,0.4437459465416905,Cost Multiplier
763,Rural Roads,Tamil Nadu,Viluppuram,5536415.73,1.6035758591556712,0.7979274611398963,-0.07750542327605646,0.9606646116965571,Timeline Duration
764,Health Centre Infrastructure,Tamil Nadu,Viluppuram,799958.99,0.2669990648345613,0.9864253393665159,-2.2973825849604452,0.8397854533296012,Cost Multiplier
765,Community Hall Construction,Tamil Nadu,Viluppuram,1594362.36,0.8919338754380014,0.9678899082568807,0.5434276923193598,1.0601921687868963,Timeline Duration
766,Electrification,Andhra Pradesh,Rajahmundry,587601.97,0.567771357347089,0.6631578947368421,0.07087528363429377,0.519532421001546,Timeline Duration
767,School Infrastructure,Andhra Pradesh,Rajahmundry,1466909.27,0.6784744102775759,0.6611111111111111,0.4210404621437962,0.5005939619041283,Timeline Duration
768,Community Hall Construction,Andhra Pradesh,Rajahmundry,2855115.0,1.5972365195394913,0.9587155963302753,-0.012142607442264237,1.1360205173085467,Timeline Duration
769,Drinking Water Supply,Andhra Pradesh,Rajahmundry,1727020.1,1.1493635142519152,1.408450704225352,0.19216256096733858,-0.4927335979973425,Timeline Duration
770,Electrification,Andhra Pradesh,Rajahmundry,707087.77,0.6832247055543844,0.8631578947368421,0.5111476538063433,1.0221088481393015,Timeline Duration
771,Irrigation Facilities,Andhra Pradesh,Rajahmundry,3855124.45,1.1777470902673464,1.1788990825688073,0.21073485553092813,0.6686930084398373,Timeline Duration
772,Sanitation & Drainage,Andhra Pradesh,Chittoor,683828.3,0.5996132908615184,1.146551724137931,0.2467377899233522,0.7000810083367321,Timeline Duration
773,Sports Infrastructure,Andhra Pradesh,Chittoor,781073.19,0.3930433765250547,0.7637362637362637,-0.9288780111650715,0.865179122910954,Cost Multiplier
774,Drinking Water Supply,Andhra Pradesh,Chittoor,982352.49,0.653773578049566,1.2746478873239437,0.4424350338830896,0.4142956204903345,Cost Multiplier
775,Street Lighting,Andhra Pradesh,Chittoor,255245.49,0.3732721016854165,1.0606060606060606,-1.1449552244107548,0.8650993145381429,Cost Multiplier
776,Rural Roads,Andhra Pradesh,Chittoor,5098123.69,1.4766282871379732,0.6269430051813472,0.5064693224312727,0.5678087794855338,Timeline Duration
777,Irrigation Facilities,Andhra Pradesh,Chittoor,4233431.25,1.2933204624650585,1.151376146788991,-0.008707572691989287,0.6517468576002861,Timeline Duration
778,Sports Infrastructure,Rajasthan,Bhilwara,963539.97,0.4848623766303513,1.2307692307692308,0.11369776309057822,0.7147061152196172,Timeline Duration
779,Rural Roads,Rajasthan,Bhilwara,3460020.56,1.002165609084108,1.16580310880829,0.5600306647663605,0.7083044723006766,Timeline Duration
780,Sanitation & Drainage,Rajasthan,Bhilwara,1379656.28,1.2097484738618751,0.5431034482758621,0.17916995499281435,-0.17565992257496466,Cost Multiplier
781,School Infrastructure,Rajasthan,Bhilwara,766250.52,0.3544059474665982,0.9,-1.32289312025288,0.8535161856688321,Cost Multiplier
782,Community Hall Construction,Rajasthan,Bhilwara,1571571.01,0.8791837142187138,0.463302752293578,0.5671542760586484,-0.7372434525918699,Timeline Duration
783,Rural Roads,Rajasthan,Bhilwara,2209685.05,0.6400165333171597,2.564766839378238,0.1457858782945601,-3.527491064439731,Timeline Duration
784,Community Hall Construction,Rajasthan,Bhilwara,1300640.01,0.7276168290055599,1.1009174311926606,0.4820423609384816,0.8381405409696401,Timeline Duration
785,Community Hall Construction,Uttar Pradesh,Lalganj,726117.55,0.4062118227596936,0.47706422018348627,-0.7220148138786724,-0.2916562612130279,Cost Multiplier
786,Community Hall Construction,Uttar Pradesh,Lalganj,2505352.32,1.4015688404204347,1.0458715596330275,0.2725132083871834,1.0592755069869388,Timeline Duration
787,Rural Roads,Uttar Pradesh,Lalganj,3821012.47,1.106723854067365,0.7150259067357513,0.220195162086159,0.6830273152491305,Timeline Duration
788,Drinking Water Supply,Uttar Pradesh,Lalganj,747215.27,0.4972854506035533,0.4859154929577465,0.016457605559865973,-0.473699909899332,Timeline Duration
789,Community Hall Construction,Uttar Pradesh,Lalganj,1236743.22,0.6918710581804457,0.555045871559633,0.4100181640311276,-0.06890747925175082,Cost Multiplier
790,Rural Roads,Uttar Pradesh,Lalganj,5802670.32,1.6806942429142895,1.2279792746113989,-0.8498606782948944,0.43614619390876824,Cost Multiplier
791,Sports Infrastructure,Uttar Pradesh,Lalganj,3012311.58,1.515823522951444,1.3131868131868132,0.07354402995053994,-0.016161484058709655,Cost Multiplier
792,Community Hall Construction,Madhya Pradesh,Hoshangabad,2413544.26,1.3502086723641313,1.0825688073394495,0.30619643381099937,0.9650025947897327,Timeline Duration
793,Drinking Water Supply,Madhya Pradesh,Hoshangabad,930891.96,0.6195256526165811,0.7183098591549296,0.17174511896412875,0.8724130865106023,Timeline Duration
794,Street Lighting,Madhya Pradesh,Hoshangabad,863898.72,1.2633692013823288,0.9848484848484849,0.023342259635089083,1.098173844927037,Timeline Duration
795,School Infrastructure,Madhya Pradesh,Hoshangabad,1925212.94,0.8904488783585491,3.8555555555555556,0.6036278802172294,-3.620512004789743,Timeline Duration
796,Electrification,Madhya Pradesh,Hoshangabad,336795.07,0.32542878309565204,3.610526315789474,-1.2280158475388316,-3.6120473320648756,Timeline Duration
797,Sanitation & Drainage,Madhya Pradesh,Hoshangabad,1374859.91,1.2055427877270812,1.0258620689655173,0.3302936761279726,1.0165622510499297,Timeline Duration
798,Rural Roads,Madhya Pradesh,Hoshangabad,1204604.6,0.34890350555157346,1.0362694300518134,-1.3115198106344879,0.9225952220411281,Cost Multiplier
799,Drinking Water Supply,Madhya Pradesh,Hoshangabad,1964347.17,1.3073090269893235,0.5492957746478874,0.19878347315881234,-0.061615395525062844,Cost Multiplier
800,Electrification,Haryana,Rohtak,1779065.66,1.719025081872674,0.8421052631578947,-1.08593734596365,0.9577417993698412,Cost Multiplier
801,Street Lighting,Haryana,Rohtak,675226.89,0.987454706231274,0.4696969696969697,0.5649163084607766,-0.6013435459958887,Timeline Duration
802,Irrigation Facilities,Haryana,Rohtak,1184813.84,0.36196264755304625,1.0045871559633028,-1.172220389653804,0.8749775840452267,Cost Multiplier
803,Community Hall Construction,Haryana,Rohtak,2205934.95,1.2340658298767377,4.8577981651376145,0.10739826432591557,-4.536049620981917,Timeline Duration
804,Irrigation Facilities,Haryana,Rohtak,3178243.83,0.9709589071612581,1.2660550458715596,0.6322035457331054,0.5354163512236623,Cost Multiplier
805,School Infrastructure,Uttar Pradesh,Akbarpur,1151754.31,0.5327090381410613,6.094444444444444,-0.14494649411084326,-5.385250583155911,Timeline Duration
806,Health Centre Infrastructure,Uttar Pradesh,Akbarpur,3007398.63,1.0037672328612006,0.8009049773755657,0.5646748979652989,0.8979942269634844,Timeline Duration
807,Health Centre Infrastructure,Uttar Pradesh,Akbarpur,3136651.15,1.0469073217893974,1.2217194570135748,0.5254655813779945,0.5857689339274872,Timeline Duration
808,Sports Infrastructure,Uttar Pradesh,Akbarpur,2450876.25,1.233303983644688,5.478021978021978,0.21008951859331065,-4.778410673510077,Timeline Duration
809,Electrification,Uttar Pradesh,Akbarpur,1671567.18,1.6151545010739934,0.968421052631579,-0.21280687228417391,1.1198551586023402,Timeline Duration
810,Street Lighting,Uttar Pradesh,Akbarpur,681239.55,0.9962476460592014,0.696969696969697,0.4799948035290866,0.7238739063401775,Timeline Duration
811,Rural Roads,Uttar Pradesh,Akbarpur,2311435.12,0.6694875781007493,0.34196891191709844,0.40025577928745726,-1.8905490252050523,Timeline Duration
812,Sports Infrastructure,Uttar Pradesh,Akbarpur,2427453.45,1.2215174103535589,1.2692307692307692,0.0029701982998615807,0.32298112579750954,Timeline Duration
813,Sanitation & Drainage,Bihar,Sitamarhi,316048.75,0.27712662821964124,1.0172413793103448,-2.1968014607507804,0.7856202831799495,Cost Multiplier
814,Sports Infrastructure,Bihar,Sitamarhi,936541.4,0.47127644223904536,0.7747252747252747,-0.1256402137564404,0.9061014906875334,Timeline Duration
815,Sports Infrastructure,Bihar,Sitamarhi,1140262.49,0.5737908110691476,6.615384615384615,0.036174288641665116,-5.674194056535753,Timeline Duration
816,Community Hall Construction,Bihar,Sitamarhi,673147.62,0.3765788634451124,1.298165137614679,-0.9577633740191902,0.2867734828899198,Cost Multiplier
817,Community Hall Construction,Bihar,Sitamarhi,2576372.73,1.4412997768221796,0.8119266055045872,0.4799974882582509,0.9928985449422612,Timeline Duration
818,Sports Infrastructure,Bihar,Sitamarhi,2106518.87,1.0600201107639386,5.06043956043956,0.4326862670331842,-4.752413139246376,Timeline Duration
819,Irrigation Facilities,Bihar,Sitamarhi,4458747.4,1.362154930325815,0.5,0.13343570957999398,-0.34510644742956115,Timeline Duration
820,Community Hall Construction,Bihar,Sitamarhi,2741252.78,1.5335385963455603,1.2201834862385321,0.14793334892114365,0.5085038908871996,Timeline Duration
821,Community Hall Construction,Uttar Pradesh,Etah,2085732.63,1.166821065572192,1.353211009174312,0.2087217129599354,-0.16468019962295533,Cost Multiplier
822,School Infrastructure,Uttar Pradesh,Etah,1653107.99,0.7645949831923816,0.8444444444444444,0.645168267782144,1.0661385303511874,Timeline Duration
823,Sports Infrastructure,Uttar Pradesh,Etah,1742161.18,0.8766718937543787,0.6538461538461539,0.49043958608052013,0.4258073887507023,Cost Multiplier
824,Sports Infrastructure,Uttar Pradesh,Etah,1785150.84,0.8983046950569866,1.120879120879121,0.5579395203846759,0.7825563203369118,Timeline Duration
825,Electrification,Uttar Pradesh,Etah,1703747.38,1.6462486715610338,11.021052631578947,-0.474549611867032,-7.4572532323402125,Timeline Duration
826,Rural Roads,Uttar Pradesh,Etah,3381305.63,0.9793664972292747,1.1761658031088082,0.556461677926825,0.6914237007862528,Timeline Duration
827,School Infrastructure,Uttar Pradesh,Etah,3196768.91,1.4785685422834223,1.1388888888888888,0.40344287804423773,0.6935846477988059,Timeline Duration
828,Street Lighting,Uttar Pradesh,Etah,157985.39,0.23103851339700535,0.8333333333333334,-2.601250505303409,0.8388343743338965,Cost Multiplier
829,Drinking Water Supply,Gujarat,Kheda,2280411.96,1.517655934802205,0.9647887323943662,0.30593103176417796,1.1530174678509806,Timeline Duration
830,Electrification,Gujarat,Kheda,1788885.14,1.728513170362307,1.1789473684210525,-1.3080880288804295,0.6048991850969336,Cost Multiplier
831,Street Lighting,Gujarat,Kheda,1176223.42,1.720114185112569,6.4393939393939394,-0.93471708039722,-5.290408808886822,Timeline Duration
832,Electrification,Gujarat,Kheda,1465636.01,1.4161731737803256,0.5263157894736842,0.2925230746863277,-0.23005564650559052,Cost Multiplier
833,Street Lighting,Gujarat,Kheda,162115.03,0.23707771668323838,1.6515151515151516,-2.229440642773403,-1.4523213104109138,Cost Multiplier
834,Community Hall Construction,Gujarat,Kheda,2958535.48,1.655093021825495,1.1009174311926606,-0.518337257847349,0.8302384013511324,Timeline Duration
835,Drinking Water Supply,Maharashtra,Hatkanangle,904922.61,0.6022425744527323,0.9647887323943662,0.2004498037832134,1.0009712454277833,Timeline Duration
836,Community Hall Construction,Maharashtra,Hatkanangle,1206157.6,0.6747605497642323,0.9357798165137615,0.4406425269178808,1.0454638692222382,Timeline Duration
837,Sports Infrastructure,Maharashtra,Hatkanangle,2886324.37,1.4524255737562206,1.0824175824175823,0.4695027162166535,0.9243930991755848,Timeline Duration
838,Sanitation & Drainage,Maharashtra,Hatkanangle,1340393.24,1.1753207664627698,0.8793103448275862,0.27179147548892424,0.9735387834720386,Timeline Duration
839,Sanitation & Drainage,Maharashtra,Hatkanangle,1988731.24,1.7438144684206665,1.1206896551724137,-1.520243753076417,0.6421216128392551,Cost Multiplier
840,Irrigation Facilities,Maharashtra,Hatkanangle,810583.24,0.2476345614029342,1.3256880733944953,-2.3548615016872345,0.06970074462515911,Cost Multiplier
841,Community Hall Construction,Maharashtra,Hatkanangle,1049402.78,0.5870672263366857,0.8211009174311926,0.3076736069143436,0.89115080509954,Timeline Duration
842,Street Lighting,Maharashtra,Chandrapur,688289.37,1.0065573331291036,0.7878787878787878,0.539449778852097,0.940749382900881,Timeline Duration
843,Rural Roads,Maharashtra,Chandrapur,3834970.93,1.110766803617866,1.38860103626943,0.32652217017623275,-0.3300446931065846,Timeline Duration
844,Street Lighting,Maharashtra,Chandrapur,776146.27,1.1350396413201924,0.7121212121212122,0.23255160442933268,0.753575253866682,Timeline Duration
845,Rural Roads,Maharashtra,Chandrapur,3136897.6,0.9085757842833386,0.7202072538860104,0.3709897506655201,0.7644811412343734,Timeline Duration
846,Rural Roads,Maharashtra,Chandrapur,1735502.03,0.502673443351347,0.5803108808290155,0.014904955411706012,0.1239808704135683,Timeline Duration
847,Sanitation & Drainage,Maharashtra,Chandrapur,420146.49,0.3684044949774907,0.3706896551724138,-1.0077396203016973,-1.4098841600689982,Timeline Duration
848,Rural Roads,Maharashtra,Chandrapur,2805072.59,0.8124654845063944,0.8808290155440415,0.6362571376562595,1.016594505729931,Timeline Duration
849,Street Lighting,Maharashtra,Chandrapur,483672.46,0.7073246844500781,1.0,0.5486099789048371,1.0309015773592793,Timeline Duration
850,Sports Infrastructure,Odisha,Sambalpur,1013419.19,0.5099620693329469,0.8076923076923077,0.09652008584324762,0.9145459910192147,Timeline Duration
851,Health Centre Infrastructure,Odisha,Sambalpur,1176655.42,0.3927275031592782,1.0769230769230769,-1.013988216295955,0.802974972890544,Cost Multiplier
852,Sports Infrastructure,Odisha,Sambalpur,785359.45,0.39520026287659404,0.6538461538461539,-0.9797780842724576,0.5100165447441125,Cost Multiplier
853,Sanitation & Drainage,Odisha,Sambalpur,1088873.48,0.9547762364830963,0.6896551724137931,0.4341484774682963,0.6004751632569826,Timeline Duration
854,Electrification,Odisha,Sambalpur,409252.6,0.3954409890760326,0.8105263157894737,-1.004127606788646,0.8766134313532088,Cost Multiplier
855,Rural Roads,Uttar Pradesh,Azamgarh,1794030.41,0.5196256922106445,0.7772020725388601,0.09019763573699749,0.9251621993730147,Timeline Duration
856,Drinking Water Supply,Uttar Pradesh,Azamgarh,2383718.69,1.5864084561183573,0.8661971830985915,0.08815383958967132,1.0246849980327315,Timeline Duration
857,Community Hall Construction,Uttar Pradesh,Azamgarh,1958633.01,1.0957177458517635,0.7981651376146789,0.26962183010741697,0.8212996107384927,Timeline Duration
858,Irrigation Facilities,Uttar Pradesh,Azamgarh,3232426.85,0.9875119121224591,0.981651376146789,0.6278575469625151,1.1037912140944235,Timeline Duration
859,Rural Roads,Uttar Pradesh,Azamgarh,2171822.57,0.6290499871152969,1.0103626943005182,0.21057943839606932,0.8797263193635096,Timeline Duration
860,Sports Infrastructure,Uttar Pradesh,Azamgarh,680800.79,0.3425853616131988,0.7142857142857143,-1.2109901330662987,0.7484052208788813,Cost Multiplier
861,Health Centre Infrastructure,Gujarat,Valsad,3717454.39,1.2407596615610692,0.8235294117647058,0.16628472451969847,0.8862829265732343,Timeline Duration
862,Electrification,Gujarat,Valsad,1045869.27,1.0105728798620417,1.168421052631579,0.5371625047878537,0.720287526340503,Timeline Duration
863,Community Hall Construction,Gujarat,Valsad,1652385.3,0.9243936393140795,0.8761467889908257,0.4426156483421949,0.9516983383454242,Timeline Duration
864,Sanitation & Drainage,Gujarat,Valsad,678041.71,0.5945393325699905,1.103448275862069,0.30012274173613257,0.8486591546356635,Timeline Duration
865,Drinking Water Supply,Gujarat,Valsad,1270949.31,0.8458400486350139,1.028169014084507,0.45172544842012735,1.034516172103452,Timeline Duration
866,School Infrastructure,Gujarat,Valsad,1849691.57,0.8555187582604571,1.1777777777777778,0.5274363891124122,0.7157644336550274,Timeline Duration
867,Rural Roads,Gujarat,Valsad,1941814.78,0.5624301815499105,1.145077720207254,0.08629437777033294,0.7349229084927011,Timeline Duration
868,Street Lighting,Bihar,Supaul,256369.49,0.3749158441166517,1.0757575757575757,-1.097664690412327,0.8182376151101937,Cost Multiplier
869,Electrification,Bihar,Supaul,696366.88,0.672865628189023,0.9368421052631579,0.4501168775110527,1.0459895186290646,Timeline Duration
870,School Infrastructure,Bihar,Supaul,1012837.27,0.46845717286277694,1.1833333333333333,-0.10090301583529984,0.7215181229527767,Timeline Duration
871,Sports Infrastructure,Bihar,Supaul,1783767.65,0.8976086608377405,4.873626373626373,0.5113324610170722,-4.5273727637799475,Timeline Duration
872,Electrification,Bihar,Supaul,251560.03,0.2430702873364676,1.0736842105263158,-2.5472485625323777,0.7614632536035902,Cost Multiplier
873,Irrigation Facilities,Bihar,Supaul,3115103.06,0.9516692943071933,0.8853211009174312,0.5213025648212285,1.0271112489257543,Timeline Duration
874,Health Centre Infrastructure,Bihar,Supaul,3518997.49,1.1745215076402462,1.0,0.2454842030983718,1.0041981327420162,Timeline Duration
875,Health Centre Infrastructure,Bihar,Supaul,3617450.29,1.2073816990487383,4.289592760180995,0.13175752486597003,-4.148397543884996,Timeline Duration
876,School Infrastructure,Assam,Darrang-Udalguri,2479303.14,1.146726501912993,1.1055555555555556,0.15009435172568927,0.8236264951921786,Timeline Duration
877,Irrigation Facilities,Assam,Darrang-Udalguri,5016262.64,1.5324767863918882,0.7798165137614679,0.2908918226299839,1.0086147083036834,Timeline Duration
878,Health Centre Infrastructure,Assam,Darrang-Udalguri,1961022.51,0.6545225228227315,0.6334841628959276,0.3597826487475804,0.5026455225936246,Timeline Duration
879,Rural Roads,Assam,Darrang-Udalguri,5841243.43,1.6918666170684529,1.2487046632124352,-0.9565572607911581,0.36206941292876943,Cost Multiplier
880,Sports Infrastructure,Assam,Darrang-Udalguri,4606229.45,2.317897988634261,1.1483516483516483,-5.574353812631887,0.4793194700157902,Cost Multiplier
881,Health Centre Infrastructure,Bihar,Madhepura,622397.09,0.2077349502450773,1.0542986425339367,-3.5965353288641606,0.7311968405915531,Cost Multiplier
882,Health Centre Infrastructure,Bihar,Madhepura,1227634.73,0.4097426605186713,0.33031674208144796,-0.6136368708763511,-1.90574461561933,Timeline Duration
883,Street Lighting,Bihar,Madhepura,593691.45,0.8682169283154126,1.1818181818181819,0.4596400668233756,0.639475355049282,Timeline Duration
884,Electrification,Bihar,Madhepura,465723.36,0.45000595259312515,1.263157894736842,-0.12305462777885481,0.5800268781751732,Timeline Duration
885,Health Centre Infrastructure,Bihar,Madhepura,3093326.4,1.0324469958492,0.5972850678733032,0.5304404253048615,0.3161295246514333,Cost Multiplier
886,Irrigation Facilities,Bihar,Madhepura,5187423.11,1.5847666017080428,1.1697247706422018,0.0029771900030704447,0.6937419454576623,Timeline Duration
887,Irrigation Facilities,Bihar,Madhepura,826826.18,0.2525968072578993,0.5642201834862385,-2.2231430627891755,-0.017829317389258803,Cost Multiplier
888,Electrification,Bihar,Madhepura,1092067.8,1.0552122844670675,1.1157894736842104,0.5327648111860019,0.8227031272234651,Timeline Duration
889,Drinking Water Supply,Gujarat,Ahmedabad West,486250.0,0.3236082827322008,0.8098591549295775,-1.3666757259118862,0.8393566019996995,Cost Multiplier
890,Rural Roads,Gujarat,Ahmedabad West,4650459.29,1.3469660905378258,0.8808290155440415,0.2965269047153713,0.9623314611572564,Timeline Duration
891,Community Hall Construction,Gujarat,Ahmedabad West,1252230.52,0.7005351158975829,1.2844036697247707,0.5601172848209868,0.3445168950139358,Cost Multiplier
892,Electrification,Gujarat,Ahmedabad West,1613843.55,1.5593789498856592,0.8842105263157894,0.2297357369175745,1.0324587351465992,Timeline Duration
893,Drinking Water Supply,Gujarat,Ahmedabad West,2337297.77,1.5555144834622159,0.8732394366197183,0.2414208424492389,0.9558209489216396,Timeline Duration
894,Electrification,Gujarat,Ahmedabad West,440954.62,0.42607311736185943,1.0105263157894737,-0.6383904137611607,0.819438656607839,Timeline Duration
895,Sports Infrastructure,Gujarat,Ahmedabad West,1370108.57,0.6894515206170555,5.747252747252747,0.3492061372726776,-5.095607315758247,Timeline Duration
896,Rural Roads,Gujarat,Ahmedabad West,3212611.23,0.9305055950486593,1.2538860103626943,0.5457839648936124,0.5097396025906542,Cost Multiplier
897,Drinking Water Supply,Andhra Pradesh,Nandyal,1719239.77,1.1441855621071546,1.2746478873239437,0.13527186842387454,0.30431039531275805,Timeline Duration
898,Drinking Water Supply,Andhra Pradesh,Nandyal,2459858.11,1.63708063494494,0.34507042253521125,-0.2905484001500758,-1.6643042601542888,Timeline Duration
899,Community Hall Construction,Andhra Pradesh,Nandyal,1379667.51,0.7718271704621762,1.31651376146789,0.6836164499968612,0.17835572683748852,Cost Multiplier
900,Rural Roads,Andhra Pradesh,Nandyal,5564032.12,1.6115747122911144,2.481865284974093,-0.14946208865470406,-3.3459091523128857,Timeline Duration
901,Electrification,Andhra Pradesh,Nandyal,1730551.63,1.6721483216339748,0.7157894736842105,-0.5268786570492868,0.9399523522996602,Timeline Duration
902,Rural Roads,Andhra Pradesh,Nandyal,3397056.3,0.9839285452056695,0.9015544041450777,0.6484354946894993,1.036241603074002,Timeline Duration
903,Street Lighting,Andhra Pradesh,Nandyal,943604.57,1.3799313790181513,0.8636363636363636,0.24936373480373702,1.0197725541480203,Timeline Duration
904,Electrification,Karnataka,Bangalore Rural,1228505.79,1.187045713779785,0.9473684210526315,0.26100350668949285,1.081881680175297,Timeline Duration
905,Health Centre Infrastructure,Karnataka,Bangalore Rural,2760853.28,0.9214787921883736,0.9864253393665159,0.3286224723380612,1.0443730581352555,Timeline Duration
906,Electrification,Karnataka,Bangalore Rural,1830601.06,1.768821245778362,1.0,-1.7035145398617695,0.9702509016743314,Cost Multiplier
907,Sanitation & Drainage,Karnataka,Bangalore Rural,533547.84,0.46784021102147255,1.206896551724138,-0.07713456738747546,0.7157573672080741,Timeline Duration
908,Electrification,Karnataka,Bangalore Rural,1644621.42,1.5891181167338442,0.6526315789473685,0.1622222928678502,0.6645517008679777,Timeline Duration
909,Irrigation Facilities,Karnataka,Bangalore Rural,2131489.52,0.651173681336109,0.9311926605504587,0.30479331728101283,0.9521974985598943,Timeline Duration
910,Health Centre Infrastructure,Karnataka,Bangalore Rural,2317876.2,0.7736281303648912,1.090497737556561,0.6826903707581428,0.9041307555199957,Timeline Duration
911,Electrification,Andhra Pradesh,Guntur,337804.71,0.3264043493845668,0.7368421052631579,-1.2713042409748359,0.8457252430575742,Cost Multiplier
912,Sanitation & Drainage,Andhra Pradesh,Guntur,958530.26,0.8404850802298571,3.9827586206896552,0.4281913270704278,-3.764351583410841,Timeline Duration
913,Drinking Water Supply,Andhra Pradesh,Guntur,818357.84,0.5446321342166234,0.676056338028169,0.041585783757588576,0.624413408704244,Timeline Duration
914,Street Lighting,Andhra Pradesh,Guntur,778055.01,1.1378309909004378,0.42424242424242425,0.21985289488037035,-0.9302383421870193,Timeline Duration
915,Drinking Water Supply,Andhra Pradesh,Guntur,4088496.54,2.7209693455340767,0.8591549295774648,-7.1117993351431785,0.6008101394488758,Cost Multiplier
916,Drinking Water Supply,Andhra Pradesh,Guntur,2001949.13,1.3323338202087884,1.204225352112676,0.35530151618445205,0.6693158224253504,Timeline Duration
917,Street Lighting,Andhra Pradesh,Guntur,953965.59,1.3950833792004254,1.303030303030303,0.11414851052720201,0.050084840519931784,Cost Multiplier
918,Electrification,Andhra Pradesh,Guntur,1772928.56,1.7130950990355254,1.0,-1.0325604624630702,1.0352262333188025,Timeline Duration
919,School Infrastructure,Punjab,Patiala,1887035.74,0.8727911719238157,0.49444444444444446,0.5252984045280086,-0.3831124683104476,Cost Multiplier
920,Drinking Water Supply,Punjab,Patiala,578774.97,0.38518534525466536,0.8450704225352113,-0.9681675976483669,0.9258035551390085,Cost Multiplier
921,Electrification,Punjab,Patiala,866618.91,0.8373719285409386,0.3473684210526316,0.14256622512704029,-1.9778774437974387,Timeline Duration
922,Sanitation & Drainage,Punjab,Patiala,1815752.32,1.592138295511661,0.7413793103448276,0.1153702410281696,0.9519395867660932,Timeline Duration
923,Health Centre Infrastructure,Punjab,Patiala,2002979.38,0.6685262970079372,0.9864253393665159,0.48488225723906714,1.0690605448904162,Timeline Duration
924,School Infrastructure,West Bengal,Jalpaiguri,3683377.17,1.7036344403533807,1.0166666666666666,-0.9326958015736136,0.9988289527443914,Timeline Duration
925,School Infrastructure,West Bengal,Jalpaiguri,2914030.98,1.3477966845802853,1.7833333333333334,0.040385671619791744,-2.489292639889989,Timeline Duration
926,Health Centre Infrastructure,West Bengal,Jalpaiguri,4239586.94,1.4150297232922147,0.8823529411764706,0.3756560053359418,0.9917130637491655,Timeline Duration
927,Sports Infrastructure,West Bengal,Jalpaiguri,633246.65,0.318655671037921,0.8681318681318682,-1.3686083595618352,0.8380290491632006,Cost Multiplier
928,Irrigation Facilities,West Bengal,Jalpaiguri,4362382.29,1.332715224973166,2.5779816513761467,0.267452913791317,-3.3605583118591444,Timeline Duration
929,Electrification,Maharashtra,Latur,922817.82,0.891674216554246,0.8210526315789474,0.4899196130713875,0.8273251725339207,Timeline Duration
930,Sports Infrastructure,Maharashtra,Latur,1771505.06,0.8914380101992999,1.0274725274725274,0.5801801286355255,1.028774290756987,Timeline Duration
931,Health Centre Infrastructure,Maharashtra,Latur,4118191.26,1.3745119799577024,4.864253393665158,-0.0814154596772612,-4.819271786843661,Timeline Duration
932,Electrification,Maharashtra,Latur,675118.32,0.6523341725969474,1.1157894736842104,0.33127477561795926,0.7670503688966759,Timeline Duration
933,Sanitation & Drainage,Maharashtra,Latur,1704799.63,1.494849681424122,0.8189655172413793,0.37904526995630694,0.9696702376250772,Timeline Duration
934,Irrigation Facilities,Maharashtra,Latur,1745644.0,0.5332972173291711,0.8623853211009175,0.032225719425527655,1.008257858279127,Timeline Duration
935,Health Centre Infrastructure,Maharashtra,Latur,3970298.05,1.3251502635959906,3.5339366515837103,0.17148510725576827,-3.764009990320344,Timeline Duration
936,Drinking Water Supply,Bihar,Kishanganj,705362.09,0.46943139259495337,1.2464788732394365,-0.04268125031485253,0.6913063085031714,Timeline Duration
937,Drinking Water Supply,Bihar,Kishanganj,1792453.2,1.1929104409868134,1.0422535211267605,0.3304437678348235,1.0374614840750287,Timeline Duration
938,Irrigation Facilities,Bihar,Kishanganj,1071761.08,0.32742483668245487,0.5,-1.210282399574831,-0.28147379949410906,Cost Multiplier
939,Community Hall Construction,Bihar,Kishanganj,561736.5,0.3142521587250585,2.5871559633027523,-1.1853777907928618,-3.2192063917898297,Timeline Duration
940,Sanitation & Drainage,Bihar,Kishanganj,280299.04,0.24577957624702626,0.6637931034482759,-2.4062101595057235,0.5239346943304241,Cost Multiplier
941,Electrification,Uttar Pradesh,Baghpat,300529.27,0.2903868949765941,1.3894736842105264,-1.693211529687477,-0.37445682585300877,Cost Multiplier
942,Irrigation Facilities,Uttar Pradesh,Baghpat,4218619.17,1.288795346778895,0.7339449541284404,-0.037546398829511544,0.8496013864974011,Timeline Duration
943,Electrification,Uttar Pradesh,Baghpat,704251.23,0.680483894174924,0.8736842105263158,0.5412841283825708,0.9932730905170506,Timeline Duration
944,Sports Infrastructure,Uttar Pradesh,Baghpat,2698394.99,1.3578577419459135,1.3131868131868132,0.03161156733278635,0.008972159473169386,Cost Multiplier
945,Electrification,Uttar Pradesh,Baghpat,607042.24,0.5865555497913278,1.0842105263157895,0.29202993975482244,0.8957669025222065,Timeline Duration
946,Electrification,Uttar Pradesh,Baghpat,653432.38,0.6313800978698877,0.7157894736842105,0.2720167919361023,0.8301162364698466,Timeline Duration
947,School Infrastructure,Uttar Pradesh,Baghpat,3639540.89,1.6833592980320276,1.2444444444444445,-0.8724079229618362,0.42785059030900036,Cost Multiplier
948,Drinking Water Supply,Uttar Pradesh,Baghpat,2134488.83,1.4205414185858396,6.401408450704225,0.05110468342534155,-5.670908841570704,Timeline Duration
949,Street Lighting,Tamil Nadu,Tenkasi,881775.13,1.2895117402036422,0.7727272727272727,-0.024291651527331943,0.9212617171216041,Timeline Duration
950,Rural Roads,Tamil Nadu,Tenkasi,4641491.8,1.3443687331169767,1.7150259067357514,0.06999103672278233,-2.356732521362911,Timeline Duration
951,Community Hall Construction,Tamil Nadu,Tenkasi,2333607.84,1.3054898539399182,0.944954128440367,0.22697238095577812,1.0815764922143987,Timeline Duration
952,Sanitation & Drainage,Tamil Nadu,Tenkasi,989456.67,0.8676028325583768,5.844827586206897,0.38197238275696127,-5.20627978483889,Timeline Duration
953,Health Centre Infrastructure,Tamil Nadu,Tenkasi,2020320.32,0.6743141121600017,4.004524886877828,0.5035320713869718,-3.801624024851885,Timeline Duration
954,Irrigation Facilities,Tamil Nadu,Tenkasi,2035629.89,0.6218884009850156,1.0321100917431192,0.1375983563378979,0.977354827493851,Timeline Duration
955,Community Hall Construction,Kerala,Thiruvananthapuram,1221197.05,0.6831740668287947,4.738532110091743,0.4577273428400433,-4.5022816775304175,Timeline Duration
956,Electrification,Kerala,Thiruvananthapuram,1648939.02,1.5932900047424596,1.2,-0.03886996303072977,0.6011617187254306,Timeline Duration
957,Health Centre Infrastructure,Kerala,Thiruvananthapuram,4743946.22,1.5833676728421442,1.253393665158371,-0.013717724278553957,0.38271280857618345,Timeline Duration
958,Rural Roads,Kerala,Thiruvananthapuram,3110906.33,0.901047633372461,1.1554404145077721,0.5142075024412708,0.711183571337135,Timeline Duration
959,School Infrastructure,Kerala,Thiruvananthapuram,3018501.72,1.3961164581084478,0.9055555555555556,0.2746430794590157,1.1184518629236655,Timeline Duration
960,Street Lighting,Kerala,Thiruvananthapuram,255460.74,0.37358688421061526,1.4393939393939394,-1.02799409192411,-0.7054048400514662,Cost Multiplier
961,School Infrastructure,West Bengal,Balurghat,892748.82,0.41291390105913073,1.2222222222222223,-0.5647739001494397,0.6304172229706164,Timeline Duration
962,Community Hall Construction,West Bengal,Balurghat,996432.42,0.5574340264672746,0.926605504587156,-0.058038832104042544,0.9512366950013563,Timeline Duration
963,Community Hall Construction,West Bengal,Balurghat,597031.82,0.3339974138453715,0.9678899082568807,-1.326866108015351,0.9399357843601425,Cost Multiplier
964,School Infrastructure,West Bengal,Balurghat,3550140.66,1.642009932008913,1.2777777777777777,-0.5812002086790514,0.20065638543365708,Cost Multiplier
965,Rural Roads,West Bengal,Balurghat,1938438.75,0.5614523430941656,2.0259067357512954,0.23114536277732736,-2.5590253253126143,Timeline Duration
966,Rural Roads,Gujarat,Vadodara,2607408.59,0.7552137833910689,0.42487046632124353,0.5576413033870101,-0.8854517442423526,Timeline Duration
967,School Infrastructure,Gujarat,Vadodara,504265.17,0.23323256648263702,0.9166666666666666,-2.851686410021009,0.7485293021182847,Cost Multiplier
968,Sanitation & Drainage,Gujarat,Vadodara,940212.35,0.8244230624736381,0.896551724137931,0.43407044649528187,1.0464209588485436,Timeline Duration
969,Drinking Water Supply,Gujarat,Vadodara,978723.43,0.6513583721379318,1.204225352112676,0.32060788001929885,0.6120534260286937,Timeline Duration
970,Electrification,Gujarat,Vadodara,1086639.33,1.0499670165177142,0.8105263157894737,0.4416336211148012,0.8804305887426087,Timeline Duration
971,Drinking Water Supply,Gujarat,Vadodara,1441027.8,0.9590303994393035,0.9225352112676056,0.5315190519130469,1.0072176014419487,Timeline Duration
972,Community Hall Construction,Gujarat,Vadodara,2776634.45,1.5533321582323127,1.073394495412844,0.21624350763126254,0.9138501627144432,Timeline Duration
973,Irrigation Facilities,Maharashtra,Palghar,2610099.56,0.7973898643137398,1.275229357798165,0.7221282071566094,0.44869161743299824,Cost Multiplier
974,Health Centre Infrastructure,Maharashtra,Palghar,3899627.73,1.3015629177602257,1.1221719457013575,0.04006149280662136,0.7034217072251597,Timeline Duration
975,Street Lighting,Maharashtra,Palghar,171161.89,0.2503078836329217,0.9696969696969697,-2.488113385587743,0.8407388733881755,Cost Multiplier
976,Health Centre Infrastructure,Maharashtra,Palghar,4052995.73,1.3527519325565305,0.6289592760180995,0.21925517874024697,0.5210486779246379,Timeline Duration
977,Electrification,Maharashtra,Palghar,980670.55,0.9475745108271442,0.9368421052631579,0.5083947068891579,1.0750482803806731,Timeline Duration
978,Street Lighting,Maharashtra,Gadchiroli-Chimur,168073.16,0.24579091160478206,6.7272727272727275,-1.7030644684816987,-4.862876495420473,Timeline Duration
979,Drinking Water Supply,Maharashtra,Gadchiroli-Chimur,1174166.96,0.7814296217305681,0.9859154929577465,0.6799166240668758,1.09345781595776,Timeline Duration
980,Rural Roads,Maharashtra,Gadchiroli-Chimur,1296022.98,0.37538206395475887,1.0,-1.1520774178462185,0.8831116296588828,Cost Multiplier
981,Sports Infrastructure,Maharashtra,Gadchiroli-Chimur,2070217.01,1.0417526733314237,1.335164835164835,0.5367513132959303,0.06161490591012115,Cost Multiplier
982,Drinking Water Supply,Maharashtra,Gadchiroli-Chimur,1007174.56,0.670293120356113,0.8591549295774648,0.5307105542085095,1.0498356666071558,Timeline Duration
983,School Infrastructure,Maharashtra,Gadchiroli-Chimur,1558616.65,0.720890878586895,1.1111111111111112,0.388047073793376,0.7775726726841433,Timeline Duration
984,Drinking Water Supply,Madhya Pradesh,Sagar,656604.85,0.4369825561791965,0.6830985915492958,-0.3580861996675759,0.6770431299370032,Timeline Duration
985,Irrigation Facilities,Madhya Pradesh,Sagar,3038528.21,0.9282755471156704,1.3440366972477065,0.5994226625508822,0.1336192902167147,Cost Multiplier
986,Electrification,Madhya Pradesh,Sagar,2269139.64,2.1925598605683447,1.2,-4.869260461336683,0.5300682594728744,Cost Multiplier
987,Sports Infrastructure,Madhya Pradesh,Sagar,1888640.5,0.9503816654646252,3.1538461538461537,0.5064226192255447,-3.429529889567752,Timeline Duration
988,Drinking Water Supply,Madhya Pradesh,Sagar,998913.66,0.6647953400726736,0.6830985915492958,0.5134693227838737,0.7149122554833727,Timeline Duration
989,Irrigation Facilities,Madhya Pradesh,Sagar,2901249.18,0.8863365694680815,0.4954128440366973,0.5929426155535186,-0.3763020924350254,Cost Multiplier
990,School Infrastructure,Kerala,Ponnani,1388490.21,0.64220405151979,0.9666666666666667,0.22783843819086605,0.9991173531464393,Timeline Duration
991,Irrigation Facilities,Kerala,Ponnani,3779676.9,1.154697735147228,0.6834862385321101,0.19699647494803463,0.6628310535066496,Timeline Duration
992,Rural Roads,Kerala,Ponnani,1458861.26,0.4225467906459808,1.4248704663212435,-0.401670580247128,-0.46567763478860325,Timeline Duration
993,Drinking Water Supply,Kerala,Ponnani,2023402.82,1.3466116439191618,7.485915492957746,0.09924442314860095,-6.024522056373097,Timeline Duration
994,Rural Roads,Kerala,Ponnani,5458957.38,1.5811407050401707,0.7564766839378239,0.10418058337255102,0.9229928420733631,Timeline Duration
995,School Infrastructure,Gujarat,Porbandar,2416522.49,1.1176892155881253,1.05,0.3183718147765176,1.0218992206883168,Timeline Duration
996,School Infrastructure,Gujarat,Porbandar,3839296.44,1.7757501716583988,0.4777777777777778,-1.799510043007119,-0.37943307111122876,Cost Multiplier
997,Rural Roads,Gujarat,Porbandar,3701106.44,1.0719940894593165,1.238341968911917,0.5222585963803335,0.616380337254678,Timeline Duration
998,Electrification,Gujarat,Porbandar,1117680.74,1.0799608293186946,1.2,0.4918452619736305,0.7389477700891532,Timeline Duration
999,Sanitation & Drainage,Gujarat,Porbandar,1146804.67,1.0055730687865032,0.5862068965517241,0.6510857181887005,0.3179861347314973,Cost Multiplier
1000,Drinking Water Supply,Karnataka,Davanagere,1723879.86,1.1472736270050936,1.4154929577464788,0.16545858936828117,-0.5707966562954709,Timeline Duration
1001,Sports Infrastructure,Karnataka,Davanagere,3491694.73,1.7570536334423914,1.1813186813186813,-1.7308129525474465,0.5169501071187463,Cost Multiplier
1002,Sanitation & Drainage,Karnataka,Davanagere,251906.55,0.22088368591219698,0.8706896551724138,-3.044538465007619,0.7864710215509204,Cost Multiplier
1003,Drinking Water Supply,Karnataka,Davanagere,991320.41,0.6597418930950771,4.802816901408451,0.47875287299755,-4.513504437999549,Timeline Duration
1004,Community Hall Construction,Karnataka,Davanagere,2764311.87,1.5464385393094509,1.5,-0.056046208839453854,-1.1374089075792366,Timeline Duration
1005,School Infrastructure,Karnataka,Davanagere,3370171.16,1.558770495952687,0.7111111111111111,0.3284869680745045,0.8710114024664329,Timeline Duration
1006,Community Hall Construction,Karnataka,Davanagere,2088249.28,1.1682289546718954,0.7201834862385321,0.2790600686682159,0.8695112363550065,Timeline Duration
1007,Rural Roads,Odisha,Berhampur,5573657.68,1.614362674106051,0.9740932642487047,-0.18227791376165642,1.1178427591512146,Timeline Duration
1008,School Infrastructure,Odisha,Berhampur,2696604.22,1.2472325285097712,1.1388888888888888,-0.025820506915676944,0.7131627452553135,Timeline Duration
1009,Drinking Water Supply,Odisha,Berhampur,1134483.0,0.7550192193704378,1.0352112676056338,0.5600364400200856,1.036251944030078,Timeline Duration
1010,School Infrastructure,Odisha,Berhampur,1037603.51,0.47991204633207674,0.6055555555555555,-0.20038915275386546,0.2008734730441487,Timeline Duration
1011,Community Hall Construction,Odisha,Berhampur,591827.73,0.3310860906240756,1.4678899082568808,-1.1991335283188145,-0.8106589484082277,Cost Multiplier
1012,School Infrastructure,Maharashtra,Bhandara-Gondiya,1631852.2,0.7547637619436168,0.5111111111111111,0.5158766156106694,-0.32965808445088324,Cost Multiplier
1013,Sports Infrastructure,Maharashtra,Bhandara-Gondiya,1282537.74,0.645385055208991,1.445054945054945,0.3071271690611924,-0.7062612596710737,Timeline Duration
1014,Sanitation & Drainage,Maharashtra,Bhandara-Gondiya,1214784.97,1.0651814403569007,1.1637931034482758,0.5245201826117547,0.7578856648716803,Timeline Duration
1015,Sports Infrastructure,Maharashtra,Bhandara-Gondiya,1504137.43,0.7568961037376256,1.1483516483516483,0.4858533437246951,0.6458958082253876,Timeline Duration
1016,Sports Infrastructure,Maharashtra,Bhandara-Gondiya,2927664.0,1.4732280644415,1.0879120879120878,0.42893563275559277,0.8673376860509806,Timeline Duration
1017,Sports Infrastructure,Maharashtra,Bhandara-Gondiya,2535667.53,1.275971753346374,6.417582417582418,0.03124755703576803,-5.416545821481666,Timeline Duration
1018,Street Lighting,Maharashtra,Bhandara-Gondiya,962776.07,1.4079678630220878,0.9090909090909091,0.34780510782707136,1.1256898566194296,Timeline Duration
1019,Sanitation & Drainage,Punjab,Hoshiarpur,1619424.96,1.4199890960477692,0.5172413793103449,0.2406956397775597,-0.32864211891738315,Timeline Duration
1020,Sports Infrastructure,Punjab,Hoshiarpur,502529.63,0.2528776369588187,0.6263736263736264,-2.2543258466502434,0.43164461437177704,Cost Multiplier
1021,Rural Roads,Punjab,Hoshiarpur,4565498.81,1.3223580080970443,0.7461139896373057,0.2686862645180179,0.8939257121724572,Timeline Duration
1022,Irrigation Facilities,Punjab,Hoshiarpur,3996574.9,1.2209604438348314,0.9770642201834863,0.13214493077844372,1.0639369936012253,Timeline Duration
1023,Sanitation & Drainage,Punjab,Hoshiarpur,1573479.73,1.3797021255323791,0.8189655172413793,0.2588109167856498,0.9164477004500279,Timeline Duration
1024,Street Lighting,Punjab,Hoshiarpur,710820.93,1.0395075833194247,1.106060606060606,0.582059184747592,0.8762721220107881,Timeline Duration
1025,Sanitation & Drainage,Madhya Pradesh,Sidhi,811731.71,0.7117651052607031,3.75,0.4594966245672636,-3.6746755649426497,Timeline Duration
1026,Health Centre Infrastructure,Madhya Pradesh,Sidhi,2515762.76,0.8396759242190839,1.262443438914027,0.4331725881420586,0.5404412113579481,Timeline Duration
1027,Health Centre Infrastructure,Madhya Pradesh,Sidhi,4817456.08,1.6079027604172205,1.2895927601809956,-0.2517694568462454,0.12304134236000858,Cost Multiplier
1028,Sanitation & Drainage,Madhya Pradesh,Sidhi,1434918.12,1.2582046926838553,1.043103448275862,-0.13081987482335478,0.9778917539783948,Timeline Duration
1029,Sports Infrastructure,Madhya Pradesh,Sidhi,534765.98,0.2690992715163222,1.0494505494505495,-2.12980071703345,0.8344623457329727,Cost Multiplier
1030,Sports Infrastructure,Madhya Pradesh,Sidhi,2006184.76,1.0095310427995954,0.9615384615384616,0.6060741177715488,1.087188400958479,Timeline Duration
1031,Irrigation Facilities,Madhya Pradesh,Sidhi,4346131.76,1.327750660360264,0.9174311926605505,0.36120350320509237,1.1039874241982752,Timeline Duration
1032,Sports Infrastructure,Uttar Pradesh,Pratapgarh,1345141.87,0.6768880423229304,0.6758241758241759,0.4594285736415689,0.6151456691886241,Timeline Duration
1033,Street Lighting,Uttar Pradesh,Pratapgarh,504334.83,0.7375414231501496,0.6666666666666666,0.4899180652999758,0.5604620441454417,Timeline Duration
1034,Sanitation & Drainage,Uttar Pradesh,Pratapgarh,735830.03,0.6452108896385683,0.4396551724137931,0.2877641811442791,-0.7141726993313096,Timeline Duration
1035,Rural Roads,Uttar Pradesh,Pratapgarh,3581923.04,1.0374736285017914,0.5854922279792746,0.5857771415656209,0.3149918576077465,Cost Multiplier
1036,Irrigation Facilities,Uttar Pradesh,Pratapgarh,3431527.74,1.0483375733711224,0.6743119266055045,0.46783376369280755,0.5466539024456799,Timeline Duration
1037,Sanitation & Drainage,West Bengal,Bardhaman Purba,1869392.99,1.639172995103235,0.8103448275862069,-0.34683251962810757,1.0146697900064632,Timeline Duration
1038,Rural Roads,West Bengal,Bardhaman Purba,4926952.93,1.427050128286573,3.709844559585492,0.12207849718540095,-3.8329295359427746,Timeline Duration
1039,Electrification,West Bengal,Bardhaman Purba,983023.52,0.9498480719091416,1.4421052631578948,0.5717692917497015,-0.6666551826229917,Timeline Duration
1040,Street Lighting,West Bengal,Bardhaman Purba,1105233.73,1.616298557324998,1.2727272727272727,-0.44373443319849015,0.2098113754084303,Cost Multiplier
1041,Health Centre Infrastructure,West Bengal,Bardhaman Purba,2634741.39,0.8793869385865797,0.9819004524886877,0.6597192431488248,1.097289151073958,Timeline Duration
1042,Electrification,Karnataka,Chikballapur,1531811.21,1.4801150682003101,0.968421052631579,0.46112830074853184,1.1441111208117993,Timeline Duration
1043,Sanitation & Drainage,Karnataka,Chikballapur,775357.05,0.6798700673007813,1.1379310344827587,0.469688781559167,0.7218393444457064,Timeline Duration
1044,Health Centre Infrastructure,Karnataka,Chikballapur,2372928.19,0.7920026095957348,0.9230769230769231,0.6603224350609823,1.04142621771246,Timeline Duration
1045,Health Centre Infrastructure,Karnataka,Chikballapur,3903773.09,1.3029464977402476,1.3076923076923077,-0.04731147460492399,0.001993397506484023,Cost Multiplier
1046,Street Lighting,Karnataka,Chikballapur,1195617.13,1.7484756299756201,0.3939393939393939,-1.4007754534734773,-1.2201637134221939,Cost Multiplier
1047,Electrification,Karnataka,Chikballapur,1720669.59,1.6625997844427904,0.6842105263157895,-0.38631040649031995,0.7944046377307239,Timeline Duration
1048,Community Hall Construction,Karnataka,Chikballapur,2417186.6,1.3522463060372336,0.5642201834862385,0.20599023308710418,0.034754429574806955,Cost Multiplier
1049,Rural Roads,Telangana,Nagarkurnool,4254019.8,1.2321407546557628,1.0932642487046633,0.12466354343393443,0.8343324766727752,Timeline Duration
1050,Health Centre Infrastructure,Telangana,Nagarkurnool,4235009.12,1.413501802893469,4.203619909502263,0.030087270159445886,-4.288833385487622,Timeline Duration
1051,Community Hall Construction,Telangana,Nagarkurnool,2208379.44,1.2354333505193908,1.2522935779816513,0.07721465770607594,0.41201485765071677,Timeline Duration
1052,School Infrastructure,Telangana,Nagarkurnool,898859.35,0.4157401414565573,1.2222222222222223,-0.48285761601894345,0.6308686867102922,Timeline Duration
1053,School Infrastructure,Telangana,Nagarkurnool,999251.94,0.46217369034025096,0.5388888888888889,-0.14620148403408173,-0.2262283349274969,Timeline Duration
1054,Sports Infrastructure,Telangana,Nagarkurnool,1607192.96,0.8087546158455359,1.434065934065934,0.5805483772759259,-0.6562182429281379,Timeline Duration
1055,Rural Roads,Telangana,Nagarkurnool,5451117.42,1.5788699271206907,1.0362694300518134,0.11188380223612401,1.0394228248816322,Timeline Duration
1056,Electrification,Jharkhand,Dhanbad,1548706.95,1.4964406044015988,1.0947368421052632,0.2482333114506509,0.8320008231227726,Timeline Duration
1057,Street Lighting,Jharkhand,Dhanbad,223883.89,0.32740876304535926,0.6212121212121212,-1.2249531552078976,0.39302322647269705,Cost Multiplier
1058,Sports Infrastructure,Jharkhand,Dhanbad,2983261.5,1.5012052494302097,1.10989010989011,0.21446579046309844,0.797837458199096,Timeline Duration
1059,Irrigation Facilities,Jharkhand,Dhanbad,3720487.34,1.1366152236827267,0.44954128440366975,0.23955417663660267,-0.7460497945473203,Timeline Duration
1060,Sanitation & Drainage,Jharkhand,Dhanbad,943207.5,0.8270493529446874,8.275862068965518,0.24686824745240335,-6.505807400814972,Timeline Duration
1061,Sports Infrastructure,Tamil Nadu,Tiruchirappalli,2757507.42,1.3876036727744967,1.3461538461538463,0.08561830628069683,-0.12573330414007153,Timeline Duration
1062,Electrification,Tamil Nadu,Tiruchirappalli,305404.2,0.2950973040024046,0.5684210526315789,-1.6014643300756608,0.17822807095304574,Cost Multiplier
1063,Health Centre Infrastructure,Tamil Nadu,Tiruchirappalli,4757084.41,1.587752753186849,0.918552036199095,0.1437798486553671,1.1323703156007112,Timeline Duration
1064,Electrification,Tamil Nadu,Tiruchirappalli,703115.96,0.6793869376945783,0.3473684210526316,0.33525056195556435,-1.9077489666011243,Timeline Duration
1065,Health Centre Infrastructure,Tamil Nadu,Tiruchirappalli,2202311.9,0.7350567030617731,0.8642533936651584,0.5852160139132855,1.0458711668520382,Timeline Duration
1066,Irrigation Facilities,Tamil Nadu,Tiruchirappalli,2496940.4,0.762819548061797,1.2844036697247707,0.6051357539959711,0.3611362939288717,Cost Multiplier
1067,Sanitation & Drainage,Tamil Nadu,Tiruchirappalli,604685.32,0.5302169487002077,0.9396551724137931,-0.04555478962097206,0.9895856301149627,Timeline Duration
1068,Sports Infrastructure,Tamil Nadu,Tiruchirappalli,1877965.14,0.9450097238927726,0.9120879120879121,0.5173375226256411,1.0410466449491917,Timeline Duration
1069,Drinking Water Supply,Madhya Pradesh,Betul,1176680.69,0.7831025550952002,0.7323943661971831,0.6847448943204436,0.8875622537950317,Timeline Duration
1070,Electrification,Madhya Pradesh,Betul,1060570.63,1.0247780928262666,1.0736842105263158,0.5604649661606491,0.9531613154061296,Timeline Duration
1071,Community Hall Construction,Madhya Pradesh,Betul,600581.98,0.3359834792760839,0.5458715596330275,-1.1791487268054095,-0.04903921204276369,Cost Multiplier
1072,Drinking Water Supply,Madhya Pradesh,Betul,757010.5,0.5038043556097578,0.9859154929577465,0.15113438324696696,1.1121655592403643,Timeline Duration
1073,School Infrastructure,Madhya Pradesh,Betul,2121876.56,0.981409673502037,0.9277777777777778,0.6059699782683384,1.028407300998125,Timeline Duration
1074,Electrification,Madhya Pradesh,Betul,264883.84,0.25594444037706193,0.7578947368421053,-2.237532070687578,0.8030839541770384,Cost Multiplier
1075,Health Centre Infrastructure,Madhya Pradesh,Betul,3920065.1,1.308384215784113,1.1900452488687783,0.18362081645797557,0.6197928203434914,Timeline Duration
1076,Sanitation & Drainage,Rajasthan,Jhalawar-Baran,695519.03,0.6098642808949427,1.2413793103448276,0.23086178121853848,0.6331616032636804,Timeline Duration
1077,Sanitation & Drainage,Rajasthan,Jhalawar-Baran,1808060.96,1.5853941439742054,1.043103448275862,0.05127153296693432,1.0121851149866254,Timeline Duration
1078,Sports Infrastructure,Rajasthan,Jhalawar-Baran,1527295.16,0.7685492913113221,0.8791208791208791,0.7053771204960383,1.0269286341538508,Timeline Duration
1079,Irrigation Facilities,Rajasthan,Jhalawar-Baran,2165842.33,0.6616685233430919,1.298165137614679,0.5049751653187969,0.20617562374587375,Cost Multiplier
1080,Community Hall Construction,Rajasthan,Jhalawar-Baran,979760.17,0.5481070723645879,1.018348623853211,-0.0370034396197833,0.9364408308623706,Timeline Duration
1081,Health Centre Infrastructure,Rajasthan,Jhalawar-Baran,1606383.84,0.5361562135145848,1.2850678733031675,0.2208128397616281,0.49347641387624414,Timeline Duration
1082,Sports Infrastructure,Karnataka,Bellary,1424050.65,0.7165956826897347,0.6868131868131868,0.5001629897007951,0.6628200026664033,Timeline Duration
1083,Community Hall Construction,Karnataka,Bellary,2937464.4,1.6433052309721885,0.7018348623853211,-0.3284568975057628,0.8446615482348052,Timeline Duration
1084,Drinking Water Supply,Karnataka,Bellary,1008060.75,0.6708828960354435,0.4507042253521127,0.5063576383098362,-0.6853128192712523,Timeline Duration
1085,Rural Roads,Karnataka,Bellary,2064316.64,0.59791180630096,1.38860103626943,0.44651412826377485,-0.17197995452481785,Cost Multiplier
1086,Sports Infrastructure,Karnataka,Bellary,1249538.38,0.6287794668420854,1.0164835164835164,0.20166654788765806,0.8986392098719205,Timeline Duration
1087,Health Centre Infrastructure,Karnataka,Bellary,1088535.48,0.3633160684890113,0.8823529411764706,-1.2282653961438814,0.793535326076426,Cost Multiplier
1088,School Infrastructure,Karnataka,Bellary,2422610.99,1.1205052666769393,1.0833333333333333,0.3141999501341131,0.9458633048137683,Timeline Duration
1089,Community Hall Construction,Kerala,Malappuram,2430251.79,1.3595553631514732,2.7889908256880735,0.037396217043463444,-3.4181975874472017,Timeline Duration
1090,Sanitation & Drainage,Kerala,Malappuram,1042987.52,0.9145412367325156,1.2586206896551724,0.5451244735503752,0.5450629701281425,Cost Multiplier
1091,Drinking Water Supply,Kerala,Malappuram,608593.86,0.4050303628091752,1.323943661971831,-0.7274668637277104,0.17549998883829393,Cost Multiplier
1092,Electrification,Kerala,Malappuram,927670.72,0.896363339056796,0.9894736842105263,0.5503424346353906,1.0984454827363617,Timeline Duration
1093,Rural Roads,Kerala,Malappuram,4619055.8,1.3378703360076223,5.5025906735751295,0.1069356171192067,-4.997916000819345,Timeline Duration
1094,Rural Roads,Telangana,Malkajgiri,4788999.48,1.3870930815444857,1.160621761658031,0.2247905877137914,0.7078749563453712,Timeline Duration
1095,Sports Infrastructure,Telangana,Malkajgiri,2083141.9,1.0482565995599182,1.1978021978021978,0.5590849333619476,0.7324498853641359,Timeline Duration
1096,Drinking Water Supply,Telangana,Malkajgiri,795505.86,0.5294237228956351,1.0070422535211268,0.0348116853714724,0.9062113612578915,Timeline Duration
1097,Electrification,Telangana,Malkajgiri,1684302.65,1.6274601696345552,1.168421052631579,-0.3527680924580495,0.713361981969548,Timeline Duration
1098,Irrigation Facilities,Telangana,Malkajgiri,3589223.05,1.096513759356845,0.6834862385321101,0.3068471832710476,0.6341052031276156,Timeline Duration
1099,School Infrastructure,Telangana,Malkajgiri,1490546.22,0.6894069648942704,0.9555555555555556,0.4551377180848954,1.075659146281638,Timeline Duration
1100,Street Lighting,Tamil Nadu,Pollachi,176695.08,0.25839964447196623,1.4848484848484849,-2.023363491784676,-0.8017458229918902,Cost Multiplier
1101,Electrification,Tamil Nadu,Pollachi,1512474.1,1.4614305542735277,0.9157894736842105,0.5825118043840886,1.132589094929059,Timeline Duration
1102,Rural Roads,Tamil Nadu,Pollachi,5691617.98,1.6485288745222835,1.0829015544041452,-0.4702170357408863,0.9026345742714478,Timeline Duration
1103,Irrigation Facilities,Tamil Nadu,Pollachi,1237563.32,0.3780777036008777,1.2706422018348624,-1.0105393594729932,0.44255706807335743,Cost Multiplier
1104,Health Centre Infrastructure,Tamil Nadu,Pollachi,4280752.39,1.4287693484366157,1.3122171945701357,0.21301218106247483,-0.011448089991151052,Cost Multiplier
1105,Health Centre Infrastructure,Madhya Pradesh,Mandla,3810368.09,1.2717710900473205,1.0497737556561086,-0.0005375301180733715,0.9843805316970069,Timeline Duration
1106,Community Hall Construction,Madhya Pradesh,Mandla,2237675.53,1.251822457377684,1.1605504587155964,-0.029146428747394967,0.6821670493832762,Timeline Duration
1107,Community Hall Construction,Madhya Pradesh,Mandla,1548097.87,0.866052139330745,0.8623853211009175,0.5561478272225169,1.0508344429731424,Timeline Duration
1108,Community Hall Construction,Madhya Pradesh,Mandla,574950.32,0.321644363895996,0.963302752293578,-1.3718778344240483,0.9322970330920081,Cost Multiplier
1109,Drinking Water Supply,Madhya Pradesh,Mandla,1029480.5,0.6851381320540616,1.1901408450704225,0.43243499604801516,0.5833457433342308,Timeline Duration
1110,Drinking Water Supply,Karnataka,Raichur,1067066.09,0.7101520307386407,0.7535211267605634,0.5668345612140906,0.9616944762952946,Timeline Duration
1111,Irrigation Facilities,Karnataka,Raichur,2813995.99,0.8596805712060684,0.6926605504587156,0.3734415228124791,0.5769778500254659,Timeline Duration
1112,Sports Infrastructure,Karnataka,Raichur,1978405.13,0.9955520716690964,1.335164835164835,0.6052617958752722,0.09143563034513451,Cost Multiplier
1113,Rural Roads,Karnataka,Raichur,4529793.95,1.3120163982283555,1.0,0.27047469994849016,1.0229835212959104,Timeline Duration
1114,Electrification,Karnataka,Raichur,1055871.23,1.0202372899478882,1.0842105263157895,0.5033354491030296,0.895043115784587,Timeline Duration
1115,Drinking Water Supply,Maharashtra,Mumbai North-Central,2047228.68,1.362468190220895,0.704225352112676,0.20390986531169486,0.782928233041493,Timeline Duration
1116,Sanitation & Drainage,Maharashtra,Mumbai North-Central,221082.52,0.19385570525401982,0.5258620689655172,-3.5512763023025076,-0.17802186427679492,Cost Multiplier
1117,School Infrastructure,Maharashtra,Mumbai North-Central,2031496.94,0.9396073203267711,0.7333333333333333,0.3644784229974275,0.7989613514764985,Timeline Duration
1118,Health Centre Infrastructure,Maharashtra,Mumbai North-Central,2100325.18,0.7010170095200527,0.5656108597285068,0.48870575908503444,0.013731491043255866,Cost Multiplier
1119,Sanitation & Drainage,Maharashtra,Mumbai North-Central,967726.13,0.8485484579418276,0.5344827586206896,0.430067813212432,-0.20940290621526192,Cost Multiplier
1120,Community Hall Construction,Maharashtra,Mumbai North-Central,2683266.85,1.5010995369677558,1.0,0.30526809289788703,1.0488338513450255,Timeline Duration
1121,Irrigation Facilities,Maharashtra,Mumbai North-Central,1635414.32,0.4996218622103239,0.9770642201834863,0.11392607405282396,1.0569110919964877,Timeline Duration
1122,Irrigation Facilities,Maharashtra,Mumbai North-Central,1806033.02,0.5517461658680689,1.2660550458715596,0.16090752416743195,0.6040515073230099,Timeline Duration
1123,School Infrastructure,Madhya Pradesh,Khargone,1402316.97,0.6485992001693377,1.05,0.2800611675179555,0.9433998224173467,Timeline Duration
1124,Community Hall Construction,Madhya Pradesh,Khargone,2303869.12,1.2888531266528005,1.1743119266055047,-0.02159576246830002,0.7135728572684631,Timeline Duration
1125,Drinking Water Supply,Madhya Pradesh,Khargone,1961373.05,1.3053296956456948,0.7183098591549296,0.153978612629982,0.8559477718701815,Timeline Duration
1126,Street Lighting,Madhya Pradesh,Khargone,560549.65,0.8197502175436073,1.106060606060606,0.4858509861696065,0.8462854103022179,Timeline Duration
1127,Rural Roads,Madhya Pradesh,Khargone,4575090.6,1.3251361887179007,1.3626943005181347,0.30243740785054135,-0.2209427888157827,Cost Multiplier
1128,Irrigation Facilities,Madhya Pradesh,Khargone,2193570.84,0.6701396304094147,0.8669724770642202,0.5155082443949013,1.032503338032392,Timeline Duration
1129,Rural Roads,Madhya Pradesh,Khargone,5377179.78,1.5574545167958338,3.5906735751295336,0.019366055329239008,-3.822976971475154,Timeline Duration
1130,Street Lighting,Madhya Pradesh,Khargone,764227.5,1.1176095808423163,1.0,0.31151696236030196,1.0067776474346046,Timeline Duration
1131,Street Lighting,Rajasthan,Jodhpur,592757.82,0.8668515837904357,0.7727272727272727,0.4478855412400596,0.8983985030225646,Timeline Duration
1132,Street Lighting,Rajasthan,Jodhpur,850327.41,1.2435224593054197,0.5606060606060606,0.2100968504282355,0.07832427618020367,Cost Multiplier
1133,School Infrastructure,Rajasthan,Jodhpur,2527903.98,1.1692053470142956,1.3055555555555556,0.05742124329277748,-0.06816156029210811,Timeline Duration
1134,Electrification,Rajasthan,Jodhpur,417086.4,0.40301041104237767,0.8631578947368421,-0.8687901382041451,0.9343090027520661,Timeline Duration
1135,Drinking Water Supply,Rajasthan,Jodhpur,1064069.8,0.7081579448538743,1.2183098591549295,0.48844134160017044,0.5565652480794845,Timeline Duration
1136,Electrification,Rajasthan,Jodhpur,530143.42,0.5122519401390501,1.168421052631579,0.19033259683872242,0.7936323160697288,Timeline Duration
1137,Sanitation & Drainage,Rajasthan,Jodhpur,1673063.18,1.4670216473624107,4.560344827586207,0.1687355864959975,-4.584916144252403,Timeline Duration
1138,Health Centre Infrastructure,Rajasthan,Jodhpur,3981889.01,1.3290189312642353,2.683257918552036,0.26551348993098745,-3.3733032901588333,Timeline Duration
1139,Sports Infrastructure,Tamil Nadu,Coimbatore,3069939.08,1.5448222230357442,0.4340659340659341,0.19406321019405498,-0.8055521165290218,Timeline Duration
1140,Rural Roads,Tamil Nadu,Coimbatore,5553690.83,1.6085794453521327,0.8238341968911918,-0.0009034980548345643,1.0052985068299671,Timeline Duration
1141,Sports Infrastructure,Tamil Nadu,Coimbatore,1551781.71,0.7808711536088229,0.7692307692307693,0.6984446043407687,0.9262487737825766,Timeline Duration
1142,School Infrastructure,Tamil Nadu,Coimbatore,2494648.61,1.1538240838300273,0.8333333333333334,0.1623839924577374,0.8403662221380064,Timeline Duration
1143,School Infrastructure,Tamil Nadu,Coimbatore,736109.22,0.3404650029509912,0.8611111111111112,-1.2771903245319551,0.9127432764315146,Cost Multiplier
1144,Street Lighting,Tamil Nadu,Coimbatore,258807.33,0.37848095181110214,0.6212121212121212,-0.9956845928952076,0.42711376420034175,Cost Multiplier
1145,Irrigation Facilities,Tamil Nadu,Kancheepuram,1444056.71,0.4411617861995446,1.1422018348623852,-0.35531471230279027,0.697420365287901,Timeline Duration
1146,School Infrastructure,Tamil Nadu,Kancheepuram,923356.11,0.4270703751217323,4.1722222222222225,-0.4457285075737116,-3.9229684204955984,Timeline Duration
1147,Street Lighting,Tamil Nadu,Kancheepuram,345360.95,0.5050573377283651,1.0606060606060606,0.13876804770771892,0.9720119959188136,Timeline Duration
1148,Health Centre Infrastructure,Tamil Nadu,Kancheepuram,2497784.69,0.8336754567732086,1.1312217194570136,0.3736769556132732,0.779032964869524,Timeline Duration
1149,School Infrastructure,Tamil Nadu,Kancheepuram,3264005.48,1.5096667793133354,1.1722222222222223,0.2832675333370613,0.6860819394898362,Timeline Duration
1150,Sanitation & Drainage,Tamil Nadu,Kancheepuram,1491616.16,1.307920240212084,0.75,0.18103433333244373,0.8876663237590604,Timeline Duration
1151,Electrification,Madhya Pradesh,Satna,926085.59,0.8948317046212075,1.1157894736842104,0.5435881297974495,0.809264305861808,Timeline Duration
1152,Community Hall Construction,Madhya Pradesh,Satna,659442.08,0.36891157543464365,5.123853211009174,-0.9465475066798963,-4.591683974173211,Timeline Duration
1153,Electrification,Madhya Pradesh,Satna,1010755.22,0.9766438720500809,10.284210526315789,0.3065884046687389,-7.424381170557053,Timeline Duration
1154,School Infrastructure,Madhya Pradesh,Satna,2451486.51,1.1338607630284336,1.1666666666666667,0.29019454325024036,0.7736700193117424,Timeline Duration
1155,Drinking Water Supply,Madhya Pradesh,Satna,1866650.17,1.2422898837541814,1.1971830985915493,0.15236396124690008,0.6349172985471093,Timeline Duration
1156,School Infrastructure,Madhya Pradesh,Satna,1295678.32,0.5992767255956057,0.7277777777777777,0.2802020350584227,0.857937674406183,Timeline Duration
1157,Rural Roads,Madhya Pradesh,Satna,5719965.12,1.6567393831973798,1.2072538860103628,-0.6502930771323702,0.48448821598738506,Cost Multiplier
1158,Health Centre Infrastructure,Madhya Pradesh,Satna,2162690.59,0.7218324592570747,1.158371040723982,0.40624520451919877,0.6260065584926753,Timeline Duration
1159,Sanitation & Drainage,Assam,Jorhat,1013109.49,0.8883427540245622,0.8189655172413793,0.462354329809533,0.8194656796470878,Timeline Duration
1160,Rural Roads,Assam,Jorhat,1676268.18,0.48551686108998415,1.3678756476683938,0.21138809607838438,-0.017745927791807135,Cost Multiplier
1161,School Infrastructure,Assam,Jorhat,2691334.33,1.2447951006585056,1.0555555555555556,0.07671679507267914,1.004176426783534,Timeline Duration
1162,Sports Infrastructure,Assam,Jorhat,2619102.7,1.3179571157395475,1.3461538461538463,0.21449200141223074,-0.02829522636263005,Cost Multiplier
1163,Health Centre Infrastructure,Assam,Jorhat,1074209.66,0.3585345977001297,0.8461538461538461,-1.1595562614489663,0.8923189964967893,Cost Multiplier
1164,Irrigation Facilities,Gujarat,Banaskantha,4692496.6,1.4335657093351202,0.7477064220183486,0.34266735200326615,0.9214683087149376,Timeline Duration
1165,School Infrastructure,Gujarat,Banaskantha,3258594.26,1.5071639835552977,0.7777777777777778,0.37268152762963025,0.998384739989305,Timeline Duration
1166,Sanitation & Drainage,Gujarat,Banaskantha,1841360.65,1.614592901477468,1.3017241379310345,-0.3796509107685625,0.07632488391452347,Cost Multiplier
1167,Sports Infrastructure,Gujarat,Banaskantha,2790567.83,1.404239982075681,0.9120879120879121,0.36846185288868444,1.1200255928619667,Timeline Duration
1168,Sanitation & Drainage,Gujarat,Banaskantha,1210255.39,1.0612096884273292,1.2155172413793103,0.46813155728300654,0.6322850175265966,Timeline Duration
1169,Drinking Water Supply,Gujarat,Banaskantha,713773.58,0.4750293932820877,0.4647887323943662,-0.12218656128017134,-0.7252566564096243,Timeline Duration
1170,Drinking Water Supply,Gujarat,Banaskantha,1475442.69,0.9819341391890568,0.7253521126760564,0.5151558504536315,0.7706578124303516,Timeline Duration
1171,Irrigation Facilities,Gujarat,Banaskantha,3215125.31,0.9822262621631838,0.9541284403669725,0.6195702239934243,1.132256436847218,Timeline Duration
1172,School Infrastructure,Bihar,Banka,2964678.08,1.3712219652077433,0.8333333333333334,0.2730082622601455,0.8987619438500147,Timeline Duration
1173,School Infrastructure,Bihar,Banka,3641154.52,1.6841056336678069,0.7444444444444445,-0.6463413217744598,0.9500343353376725,Timeline Duration
1174,School Infrastructure,Bihar,Banka,1738421.6,0.8040542070293141,1.2277777777777779,0.5759570698011939,0.6350517465384838,Timeline Duration
1175,School Infrastructure,Bihar,Banka,3784982.05,1.7506286972233533,1.0444444444444445,-1.5588836980200518,0.9869201952056843,Cost Multiplier
1176,School Infrastructure,Bihar,Banka,3340208.71,1.5449122730823512,3.7944444444444443,-0.10391064632580457,-3.8864532833263654,Timeline Duration
1177,Rural Roads,Bihar,Banka,4115504.69,1.1920210278583874,4.7927461139896375,0.22030926694866607,-4.5229442659003345,Timeline Duration
1178,Health Centre Infrastructure,Bihar,Begusarai,2959544.38,0.9877951140925132,0.9683257918552036,0.62122410234491,1.0890282456308653,Timeline Duration
1179,Sports Infrastructure,Bihar,Begusarai,1102364.51,0.5547201910384192,0.9725274725274725,-0.03459395986289605,0.9788836164983665,Timeline Duration
1180,Rural Roads,Bihar,Begusarai,4765215.34,1.3802042071183631,0.7512953367875648,0.23811780003958327,0.9163421647376027,Timeline Duration
1181,Drinking Water Supply,Bihar,Begusarai,1758328.88,1.1702000808950828,0.7535211267605634,0.24652088935553404,0.8856593803887978,Timeline Duration
1182,Health Centre Infrastructure,Bihar,Begusarai,4656095.01,1.554045931093127,1.1990950226244343,0.2113553507608526,0.6588468104448014,Timeline Duration
1183,Irrigation Facilities,Bihar,Begusarai,1005517.03,0.30718716649906436,0.963302752293578,-1.486104868527418,0.9176638535738845,Cost Multiplier
1184,Electrification,Bihar,Begusarai,1069262.73,1.0331768485608614,1.0526315789473684,0.5289921756391472,1.0281273303783396,Timeline Duration
1185,Irrigation Facilities,Bihar,Begusarai,3264514.08,0.997314615577918,0.8577981651376146,0.5560913620407502,0.9845976914465232,Timeline Duration
1186,Drinking Water Supply,Andhra Pradesh,Amalapuram,1537965.64,1.0235443077872084,1.056338028169014,0.551680688736974,1.0245888810622241,Timeline Duration
1187,Sports Infrastructure,Andhra Pradesh,Amalapuram,4117766.08,2.072098626024456,1.2417582417582418,-4.435574014834753,0.43671173953018283,Cost Multiplier
1188,Sports Infrastructure,Andhra Pradesh,Amalapuram,2337825.51,1.1764157878428882,0.8681318681318682,0.24131084538787123,0.9406208054132633,Timeline Duration
1189,Health Centre Infrastructure,Andhra Pradesh,Amalapuram,3403210.14,1.1358756338440505,2.0588235294117645,0.18001167332955614,-2.789130191251173,Timeline Duration
1190,Community Hall Construction,Andhra Pradesh,Amalapuram,606387.22,0.339231103743992,1.1422018348623852,-1.2197614405211354,0.7158613430329517,Cost Multiplier
1191,Street Lighting,Andhra Pradesh,Amalapuram,592197.69,0.8660324472708558,0.5909090909090909,0.4366170284633229,0.2110414615256655,Cost Multiplier
1192,Street Lighting,Andhra Pradesh,Amalapuram,289770.41,0.42376149309022004,1.4090909090909092,-0.39462043846116224,-0.3128208914857079,Cost Multiplier
1193,Irrigation Facilities,Andhra Pradesh,Amalapuram,4839705.69,1.478538337237808,1.0779816513761469,0.4624572478718475,0.9333647019872096,Timeline Duration
1194,Drinking Water Supply,Telangana,Adilabad,738701.44,0.49161934077162744,0.7887323943661971,0.005118455558625599,0.9519158439370278,Timeline Duration
1195,Drinking Water Supply,Telangana,Adilabad,1826733.14,1.2157243690393849,1.176056338028169,0.057378073979160116,0.6528774648008261,Timeline Duration
1196,Community Hall Construction,Telangana,Adilabad,1528224.33,0.8549342880846379,0.5412844036697247,0.4570720450054348,-0.22652559606079997,Cost Multiplier
1197,Rural Roads,Telangana,Adilabad,1245900.3,0.36086445480762486,0.5803108808290155,-1.0239395060025414,0.24848460961422614,Cost Multiplier
1198,School Infrastructure,Telangana,Adilabad,1507222.64,0.6971201373831464,0.7444444444444445,0.5184205879908153,0.9492247192306571,Timeline Duration
1199,Community Hall Construction,Telangana,Adilabad,1224352.62,0.6849393868400598,0.4541284403669725,0.4859505398490459,-0.7360437073377784,Timeline Duration
1200,Irrigation Facilities,Telangana,Adilabad,3351141.8,1.0237795316888607,1.0137614678899083,0.5366347368158392,0.9454119372270462,Timeline Duration
1201,Rural Roads,Telangana,Adilabad,4729502.27,1.369860219292807,0.8756476683937824,0.2046818484896319,0.9720944063171996,Timeline Duration
1202,Sports Infrastructure,Tamil Nadu,Krishnagiri,3181964.13,1.6011942819811906,0.5384615384615384,-0.10487011581134355,-0.18250249009214842,Timeline Duration
1203,Electrification,Tamil Nadu,Krishnagiri,715162.04,0.6910264820485764,1.1789473684210525,0.4154641111342696,0.6471706063677007,Timeline Duration
1204,Rural Roads,Tamil Nadu,Krishnagiri,2644501.62,0.765957464926512,0.6373056994818653,0.5023983391410766,0.4762161459377131,Cost Multiplier
1205,Irrigation Facilities,Tamil Nadu,Krishnagiri,2045180.03,0.6248059850325672,1.275229357798165,0.23985376488683338,0.42687918079402787,Timeline Duration
1206,Sports Infrastructure,Tamil Nadu,Krishnagiri,3488461.79,1.7554267876231118,1.043956043956044,-1.5823180375987913,1.0018654808563003,Cost Multiplier
1207,Community Hall Construction,Tamil Nadu,Krishnagiri,2680100.06,1.4993279401537176,0.6834862385321101,0.3317511521379748,0.7876229086077388,Timeline Duration
1208,Street Lighting,Karnataka,Chitradurga,502416.66,0.7347362830973716,1.196969696969697,0.44521071769060533,0.5682408685372302,Timeline Duration
1209,Health Centre Infrastructure,Karnataka,Chitradurga,3030483.66,1.0114722296156942,1.3031674208144797,0.5370688576442729,0.14348400678391016,Cost Multiplier
1210,Rural Roads,Karnataka,Chitradurga,919638.78,0.2663655727225118,0.7668393782383419,-2.1096025043469324,0.8310613923374045,Cost Multiplier
1211,Rural Roads,Karnataka,Chitradurga,850155.27,0.24624026337450847,0.38341968911917096,-2.2963219322843353,-1.3787626488890672,Cost Multiplier
1212,Rural Roads,Karnataka,Chitradurga,3985338.95,1.1543196252664376,0.6424870466321243,0.2143554556914935,0.551342858504551,Timeline Duration
1213,School Infrastructure,Karnataka,Chitradurga,1156788.55,0.5350374732290717,1.3111111111111111,0.2467149650183777,0.3259144989387704,Timeline Duration
1214,Sports Infrastructure,Karnataka,Chitradurga,2316373.48,1.165620924554191,0.9395604395604396,0.353084119678442,1.1106162832651727,Timeline Duration
1215,Rural Roads,Andhra Pradesh,Araku,1714424.75,0.4965685879660263,0.9792746113989638,0.08066828946735094,1.0689725996374286,Timeline Duration
1216,Rural Roads,Andhra Pradesh,Araku,1778632.28,0.5151657544551862,1.1761658031088082,0.19759509604005632,0.7553149678649004,Timeline Duration
1217,Health Centre Infrastructure,Andhra Pradesh,Araku,1560336.2,0.520787079632061,0.45248868778280543,-0.057383338018645695,-0.8775881909650327,Timeline Duration
1218,Community Hall Construction,Andhra Pradesh,Araku,661633.34,0.3701374316596315,0.7064220183486238,-1.0410101096554196,0.7854246514335085,Cost Multiplier
1219,Sports Infrastructure,Andhra Pradesh,Araku,535996.83,0.2697186468145523,1.2252747252747254,-2.0064585144654767,0.5417458547247166,Cost Multiplier
1220,Sanitation & Drainage,Punjab,Sangrur,1011416.51,0.8868582683588436,1.1810344827586208,0.6114137735133972,0.643461092344922,Timeline Duration
1221,Electrification,Punjab,Sangrur,514357.06,0.49699834416358074,1.2421052631578948,0.19377663721300514,0.7133578539745913,Timeline Duration
1222,Sports Infrastructure,Punjab,Sangrur,958054.54,0.4821020566545859,1.098901098901099,-0.05268363632663376,0.9060888024824743,Timeline Duration
1223,Street Lighting,Punjab,Sangrur,533995.55,0.7809173875673961,0.803030303030303,0.689420736982605,0.9623032010937149,Timeline Duration
1224,Community Hall Construction,Punjab,Sangrur,1177225.2,0.6585749019434178,0.8944954128440367,0.5431419075402895,1.0405192870532753,Timeline Duration
1225,School Infrastructure,Punjab,Sangrur,2151525.18,0.9951227438203151,1.15,0.5491688203202026,0.6777001974453187,Timeline Duration
1226,Rural Roads,Punjab,Sangrur,5755341.64,1.6669858921698801,1.3471502590673574,-0.7783967746749619,-0.19193065664207515,Cost Multiplier
1227,Health Centre Infrastructure,Madhya Pradesh,Khandwa,3378637.86,1.1276742436942218,0.6832579185520362,0.23939741784255383,0.6497739650388957,Timeline Duration
1228,Sanitation & Drainage,Madhya Pradesh,Khandwa,1652823.71,1.4492747140869189,0.45689655172413796,0.5053312188822043,-0.7255766749865042,Timeline Duration
1229,School Infrastructure,Madhya Pradesh,Khandwa,3800476.3,1.7577950928187969,4.288888888888889,-1.3701381918229787,-3.7815818892282094,Timeline Duration
1230,Sanitation & Drainage,Madhya Pradesh,Khandwa,1238995.64,1.0864105113278772,7.344827586206897,0.3350496334407961,-5.838812984581412,Timeline Duration
1231,Electrification,Madhya Pradesh,Khandwa,1194550.03,1.1542359055605376,1.3368421052631578,0.09640987203752877,-0.06310999379658344,Cost Multiplier
1232,Electrification,Karnataka,Mandya,748565.14,0.7233022816457093,1.0,0.5010029426704183,1.0107342280617007,Timeline Duration
1233,Community Hall Construction,Karnataka,Mandya,1409456.14,0.7884918188924669,0.8715596330275229,0.7269533456255688,1.0363386847874252,Timeline Duration
1234,Health Centre Infrastructure,Karnataka,Mandya,4809337.56,1.6051930749521683,0.5158371040723982,-0.12321375824239474,-0.30086936087715865,Timeline Duration
1235,Health Centre Infrastructure,Karnataka,Mandya,3827047.64,1.2773381557438526,0.7149321266968326,0.05357423241708277,0.8015236335017829,Timeline Duration
1236,Health Centre Infrastructure,Karnataka,Mandya,1498656.11,0.5002003663695329,1.1357466063348416,0.20367785234577848,0.8327548224823211,Timeline Duration
1237,Community Hall Construction,Karnataka,Mandya,1616712.74,0.904437344881994,0.5137614678899083,0.39234751568421117,-0.34820106677730095,Cost Multiplier
1238,School Infrastructure,Uttar Pradesh,Muzaffarnagar,2942668.23,1.3610419763669557,0.95,0.19864664809337912,1.13682314046127,Timeline Duration
1239,Sanitation & Drainage,Uttar Pradesh,Muzaffarnagar,1194635.22,1.047513177859521,1.0,0.5259410129349363,0.9996197838847193,Timeline Duration
1240,Sanitation & Drainage,Uttar Pradesh,Muzaffarnagar,911967.86,0.7996569456024801,0.6379310344827587,0.4840030259406537,0.48169761858778687,Cost Multiplier
1241,Community Hall Construction,Uttar Pradesh,Muzaffarnagar,1741691.52,0.9743542034265682,0.8486238532110092,0.5723241275929916,0.9824210765643692,Timeline Duration
1242,Sanitation & Drainage,Uttar Pradesh,Muzaffarnagar,1950174.98,1.7100064994584103,0.7931034482758621,-1.0670155664089296,0.9338938090133778,Cost Multiplier
1243,Street Lighting,Uttar Pradesh,Muzaffarnagar,823909.64,1.2048889989071891,0.6818181818181818,0.3127084693246322,0.7465714753231336,Timeline Duration
1244,Health Centre Infrastructure,Uttar Pradesh,Muzaffarnagar,1600543.08,0.5342067667586666,0.4841628959276018,-0.054968007334007536,-0.4860600701896195,Timeline Duration
1245,School Infrastructure,Gujarat,Mahesana,3130699.87,1.4480103108587852,0.8,0.5099082897598091,0.9605160219611543,Timeline Duration
1246,Sports Infrastructure,Gujarat,Mahesana,570539.41,0.2871007980020574,0.7692307692307693,-1.708306679060156,0.8786373382769307,Cost Multiplier
1247,Drinking Water Supply,Gujarat,Mahesana,1068639.37,0.7111990773999404,0.6690140845070423,0.45065164643006633,0.5386969866336232,Timeline Duration
1248,Health Centre Infrastructure,Gujarat,Mahesana,3047555.97,1.017170385223103,1.253393665158371,0.5421922167441993,0.49166278656676876,Cost Multiplier
1249,Sanitation & Drainage,Gujarat,Mahesana,1816270.63,1.5925927744573063,0.3706896551724138,0.16401468376056308,-1.3953500125947524,Timeline Duration
1250,Rural Roads,Rajasthan,Tonk-Sawai Madhopur,1016632.46,0.29445896948386197,0.8704663212435233,-1.788260569218408,0.8340256176260495,Cost Multiplier
1251,Sanitation & Drainage,Rajasthan,Tonk-Sawai Madhopur,1034803.59,0.9073651763099208,1.1379310344827587,0.48373226788537277,0.7645488519268909,Timeline Duration
1252,Drinking Water Supply,Rajasthan,Tonk-Sawai Madhopur,776131.82,0.5165299443578768,0.8591549295774648,0.14868847982358271,1.0045280193138872,Timeline Duration
1253,Sports Infrastructure,Rajasthan,Tonk-Sawai Madhopur,1940526.72,0.9764912994464571,0.6923076923076923,0.4750569716288117,0.5880080514000375,Timeline Duration
1254,Drinking Water Supply,Rajasthan,Tonk-Sawai Madhopur,1662408.83,1.1063635304373207,4.852112676056338,0.24170491097532662,-4.544222760268588,Timeline Duration
1255,Sanitation & Drainage,Rajasthan,Tonk-Sawai Madhopur,587555.55,0.5151967488029516,1.0775862068965518,0.11670954103299977,0.8751814882288228,Timeline Duration
1256,Rural Roads,Delhi,East Delhi,2370660.6,0.6866417360626021,1.6321243523316062,0.5562514398189562,-1.5611990594253804,Timeline Duration
1257,Drinking Water Supply,Delhi,East Delhi,2236639.25,1.4885243944142674,0.9859154929577465,0.4145669994824511,1.1615340440245179,Timeline Duration
1258,Drinking Water Supply,Delhi,East Delhi,1846328.8,1.228765639747054,1.2464788732394365,0.08633905626260924,0.5202562703844085,Timeline Duration
1259,Sports Infrastructure,Delhi,East Delhi,1797462.57,0.9045000734056723,0.9010989010989011,0.491178378799136,1.0572807160466036,Timeline Duration
1260,Health Centre Infrastructure,Delhi,East Delhi,3763031.68,1.2559718086333753,0.918552036199095,-0.046065797493274045,1.0552649936563057,Timeline Duration
1261,Drinking Water Supply,Gujarat,Ahmedabad East,2490842.4,1.6577012475486963,0.323943661971831,-0.37865038020115566,-1.8772903779240222,Timeline Duration
1262,Health Centre Infrastructure,Gujarat,Ahmedabad East,2201753.1,0.734870194654099,1.1809954751131222,0.4510769198236541,0.5759620176584676,Timeline Duration
1263,Sanitation & Drainage,Gujarat,Ahmedabad East,932602.96,0.8177507861444063,1.2155172413793103,0.49506098417104993,0.6416546753497229,Timeline Duration
1264,Sanitation & Drainage,Gujarat,Ahmedabad East,3038739.86,2.664512140732797,0.8793103448275862,-7.019761756343046,0.5503212911305694,Cost Multiplier
1265,Drinking Water Supply,Gujarat,Ahmedabad East,1055598.27,0.7025199864468525,0.7816901408450704,0.5782220321225806,0.9890088675797171,Timeline Duration
1266,Street Lighting,Gujarat,Ahmedabad East,235830.57,0.34487963922719944,15.469696969696969,-0.7647628448892033,-7.6999661990981165,Timeline Duration
1267,Irrigation Facilities,Gujarat,Ahmedabad East,3890257.31,1.1884802388788702,1.2431192660550459,0.248715619153208,0.5775144708521655,Timeline Duration
1268,Irrigation Facilities,Gujarat,Ahmedabad East,3853081.1,1.1771228433595977,0.6009174311926605,0.24434787832185648,0.2993117452819613,Timeline Duration
1269,School Infrastructure,Uttar Pradesh,Saharanpur,2978326.79,1.3775347622277658,0.6944444444444444,0.2625064687000747,0.733206544462052,Timeline Duration
1270,Health Centre Infrastructure,Uttar Pradesh,Saharanpur,4231020.61,1.412170574101249,4.764705882352941,-0.006058465617216722,-4.782194191982642,Timeline Duration
1271,Community Hall Construction,Uttar Pradesh,Saharanpur,2569141.51,1.4372544165950698,0.7339449541284404,0.3334470817684005,0.8888230786496553,Timeline Duration
1272,Electrification,Uttar Pradesh,Saharanpur,715333.99,0.6911926290151971,1.0105263157894737,0.4504099828001254,0.9018153923618101,Timeline Duration
1273,Drinking Water Supply,Uttar Pradesh,Saharanpur,1399988.66,0.9317180999633006,1.0492957746478873,0.5251991692037743,1.0165877169224165,Timeline Duration
1274,Electrification,Uttar Pradesh,Saharanpur,1211359.17,1.1704777643712512,2.5894736842105264,0.3325380313380893,-3.2530186958195006,Timeline Duration
1275,Rural Roads,Sikkim,Sikkim,2076025.5,0.6013031782914146,0.7772020725388601,0.3007983078402144,0.974715933020716,Timeline Duration
1276,Health Centre Infrastructure,Sikkim,Sikkim,3031553.37,1.0118292623801415,3.841628959276018,0.5516629262201579,-3.6877810580184986,Timeline Duration
1277,Sports Infrastructure,Sikkim,Sikkim,707298.83,0.3559194246001718,0.9010989010989011,-1.3017685919908235,0.8541798489823081,Cost Multiplier
1278,Electrification,Sikkim,Sikkim,432386.28,0.41779394492816024,1.1157894736842104,-0.5377748974064298,0.7864664642358927,Timeline Duration
1279,Electrification,Sikkim,Sikkim,763694.19,0.7379207507666892,9.821052631578947,0.37281218818982204,-7.148260805248044,Timeline Duration
1280,Street Lighting,Uttar Pradesh,Kairana,196068.41,0.28673128553541904,1.0454545454545454,-1.8431125614446202,0.8587896564766296,Cost Multiplier
1281,Sports Infrastructure,Uttar Pradesh,Kairana,2925255.53,1.4720160996817577,1.2582417582417582,0.3690059390490365,0.3767674299954289,Timeline Duration
1282,Sports Infrastructure,Uttar Pradesh,Kairana,1600026.93,0.8051486021408792,1.2472527472527473,0.5885369752775503,0.6280476881419457,Timeline Duration
1283,Sports Infrastructure,Uttar Pradesh,Kairana,600610.58,0.3022328936163735,1.1373626373626373,-1.4062239026011667,0.7129189365637929,Cost Multiplier
1284,Street Lighting,Uttar Pradesh,Kairana,682469.25,0.9980459646247617,0.6060606060606061,0.6512410314240961,0.400395563748079,Cost Multiplier
1285,Irrigation Facilities,Uttar Pradesh,Kairana,2491920.96,0.7612861005865095,1.1192660550458715,0.551422770863386,0.7885481407544294,Timeline Duration
1286,School Infrastructure,West Bengal,Maldaha Dakshin,1128810.16,0.5220969171606203,0.8388888888888889,0.08187684837522141,0.8846927810581197,Timeline Duration
1287,Electrification,West Bengal,Maldaha Dakshin,1072304.91,1.0361163599241303,0.8315789473684211,0.5071736773953824,0.8468350397989586,Timeline Duration
1288,Sports Infrastructure,West Bengal,Maldaha Dakshin,1936203.06,0.9743155930631074,0.8626373626373627,0.5784595699308481,1.0055636760402111,Timeline Duration
1289,Irrigation Facilities,West Bengal,Maldaha Dakshin,1397932.56,0.42707077975912877,0.7155963302752294,-0.5906068060994385,0.7597733014306244,Timeline Duration
1290,School Infrastructure,West Bengal,Maldaha Dakshin,3380712.3,1.5636459806819867,1.038888888888889,0.2687132867064954,1.0529422785099796,Timeline Duration
1291,Street Lighting,West Bengal,Coochbehar,622319.76,0.910083091911101,1.106060606060606,0.4286947899285284,0.8435127838532969,Timeline Duration
1292,School Infrastructure,West Bengal,Coochbehar,2556323.86,1.1823501008975126,1.2,0.1877588289980075,0.6789904336332505,Timeline Duration
1293,Drinking Water Supply,West Bengal,Coochbehar,1112946.48,0.7406862707776816,1.028169014084507,0.5897399233146995,1.0126291849758586,Timeline Duration
1294,Irrigation Facilities,West Bengal,Coochbehar,3041380.05,0.9291467890964339,0.4724770642201835,0.4798746442445477,-0.5684696106836817,Timeline Duration
1295,Sanitation & Drainage,West Bengal,Coochbehar,363777.85,0.3189777810907033,1.2586206896551724,-1.3233485828526934,0.3915293815457764,Cost Multiplier
1296,Health Centre Infrastructure,West Bengal,Coochbehar,3215508.8,1.0732273195245952,2.755656108597285,0.4555667192173718,-3.3638035361374885,Timeline Duration
1297,School Infrastructure,West Bengal,Coochbehar,3372646.77,1.5599155143046586,1.1611111111111112,0.17256725920466165,0.6962639538327265,Timeline Duration
1298,Sanitation & Drainage,Karnataka,Belgaum,1482717.87,1.3001177948468658,1.2413793103448276,-0.0028280738589763696,0.581050595138601,Timeline Duration
1299,School Infrastructure,Karnataka,Belgaum,1140641.77,0.5275692696650014,1.3722222222222222,0.21227915138266096,-0.06713802776233525,Cost Multiplier
1300,Sports Infrastructure,Karnataka,Belgaum,2651124.35,1.3340707112374335,1.2802197802197801,0.18484258698874484,0.24624218883595025,Timeline Duration
1301,Street Lighting,Karnataka,Belgaum,1003770.25,1.4679179280574006,0.8484848484848485,0.5020027077488683,1.0316084405236967,Timeline Duration
1302,School Infrastructure,Karnataka,Belgaum,1356524.34,0.6274192074665108,0.7888888888888889,0.24445846412538863,1.0399224351541507,Timeline Duration
1303,Rural Roads,Karnataka,Belgaum,2678941.65,0.7759327275133403,2.911917098445596,0.5667083767708496,-3.4856138924963616,Timeline Duration
1304,School Infrastructure,West Bengal,Ranaghat,543774.58,0.2515064462640123,1.1666666666666667,-2.262747756121728,0.6401971140685051,Cost Multiplier
1305,School Infrastructure,West Bengal,Ranaghat,1229757.99,0.5687872754729998,3.911111111111111,0.09540030846259989,-3.766409660608651,Timeline Duration
1306,Community Hall Construction,West Bengal,Ranaghat,2514275.77,1.4065608846008915,1.073394495412844,0.27558954440688926,0.9288416306975418,Timeline Duration
1307,Rural Roads,West Bengal,Ranaghat,1297555.02,0.37582580634678137,1.2849740932642486,-0.989226797940473,0.37289826236162704,Cost Multiplier
1308,Rural Roads,West Bengal,Ranaghat,816475.48,0.2364851978557143,0.7875647668393783,-2.6115019567105713,0.8955664308830357,Cost Multiplier
1309,Rural Roads,West Bengal,Ranaghat,2924379.99,0.8470218610122154,1.2538860103626943,0.47058534051733897,0.5320702186641778,Timeline Duration
1310,Health Centre Infrastructure,West Bengal,Ranaghat,1502566.57,0.5015055447300798,0.6923076923076923,0.08970851198441401,0.6553161482862085,Timeline Duration
1311,Electrification,West Bengal,Ranaghat,568477.85,0.5492926453535457,0.9789473684210527,-0.07162586798448682,1.0098634815839396,Timeline Duration
1312,Sanitation & Drainage,Uttar Pradesh,Domariyaganj,929184.11,0.8147529752912114,3.6982758620689653,0.5643625959541932,-3.608710588492832,Timeline Duration
1313,Rural Roads,Uttar Pradesh,Domariyaganj,3151678.2,0.9128568597118698,1.0259067357512954,0.436930015320451,1.0037695141070877,Timeline Duration
1314,Rural Roads,Uttar Pradesh,Domariyaganj,3074284.19,0.8904403411316705,1.0880829015544042,0.5764823534099038,0.9183023458451928,Timeline Duration
1315,Irrigation Facilities,Uttar Pradesh,Domariyaganj,3575705.06,1.0923839903713684,5.394495412844036,0.36777631273773864,-4.795643712595634,Timeline Duration
1316,Electrification,Uttar Pradesh,Domariyaganj,1327734.83,1.2829259347549609,0.6736842105263158,-0.003749297831055778,0.6419595576130318,Timeline Duration
1317,Health Centre Infrastructure,Uttar Pradesh,Domariyaganj,4432438.35,1.4793969555699924,0.8687782805429864,0.4427013320206053,0.9952433115856565,Timeline Duration
1318,Drinking Water Supply,Uttar Pradesh,Domariyaganj,1559739.91,1.0380354833603649,0.8732394366197183,0.5422530763359049,0.9551316834898983,Timeline Duration
1319,Rural Roads,Haryana,Hisar,4818748.83,1.395709728453256,1.0466321243523315,0.2641189953083478,1.0600625701404836,Timeline Duration
1320,Irrigation Facilities,Haryana,Hisar,5174320.5,1.5807637320205525,0.9495412844036697,0.1406508157392484,1.1139423435789768,Timeline Duration
1321,Irrigation Facilities,Haryana,Hisar,4995223.29,1.526049229106775,1.2155963302752293,0.1584380619919171,0.5472796559716244,Timeline Duration
1322,Sanitation & Drainage,Haryana,Hisar,1232956.11,1.0811147631721534,0.7844827586206896,0.2941766676022041,0.856275308269502,Timeline Duration
1323,Electrification,Haryana,Hisar,1419496.1,1.3715904108454557,0.7052631578947368,0.2564266015569396,0.7568471745215556,Timeline Duration
1324,Irrigation Facilities,Uttar Pradesh,Hardoi,2939777.03,0.8981068933111305,1.1422018348623852,0.5453242612888444,0.7499899127078838,Timeline Duration
1325,Community Hall Construction,Uttar Pradesh,Hardoi,1757881.37,0.9834112885758062,1.2201834862385321,0.6360832616257766,0.5793741859329058,Cost Multiplier
1326,Electrification,Uttar Pradesh,Hardoi,1651456.07,1.5957221083908026,0.7368421052631579,0.05973816471830211,0.9601850379514193,Timeline Duration
1327,Street Lighting,Uttar Pradesh,Hardoi,1665280.13,2.43531281990551,1.5151515151515151,-5.4335653818097285,-0.7641024439031301,Cost Multiplier
1328,Street Lighting,Uttar Pradesh,Hardoi,406716.37,0.5947837676574168,11.893939393939394,0.1797362063632059,-7.792577429387024,Timeline Duration
1329,School Infrastructure,Uttar Pradesh,Hardoi,2067877.5,0.9564340453985732,0.9277777777777778,0.5509838133715202,1.0430947225602107,Timeline Duration
1330,Drinking Water Supply,Uttar Pradesh,Hardoi,1071221.24,0.7129173591828457,1.0,0.5767946185163191,1.033113228708814,Timeline Duration
1331,Rural Roads,Uttar Pradesh,Hardoi,2632908.65,0.7625996594916379,3.1865284974093266,0.5083071727229327,-3.5459315914454073,Timeline Duration
1332,Irrigation Facilities,Madhya Pradesh,Rewa,1749730.23,0.5345455675588668,1.3440366972477065,0.24384370389578752,0.23754996731139946,Cost Multiplier
1333,Electrification,Madhya Pradesh,Rewa,756144.23,0.7306255896610921,1.2842105263157895,0.5355549252716856,0.33063229248302206,Cost Multiplier
1334,Irrigation Facilities,Madhya Pradesh,Rewa,4197589.32,1.2823706917599738,0.9770642201834863,-0.027145156125347653,1.0992007750679982,Timeline Duration
1335,Health Centre Infrastructure,Madhya Pradesh,Rewa,1233386.5,0.4116624054435249,0.8371040723981901,-0.6648895341032403,0.8156562732026068,Timeline Duration
1336,Community Hall Construction,Madhya Pradesh,Rewa,986233.61,0.5517285078496901,1.3256880733944953,0.16736986169665644,0.21300027481716002,Timeline Duration
1337,Rural Roads,Gujarat,Chhota Udaipur,1649635.49,0.47780292831630194,3.865284974093264,-0.23415733726180213,-3.854794522144063,Timeline Duration
1338,Rural Roads,Gujarat,Chhota Udaipur,4280969.12,1.2399463966234519,0.8963730569948186,0.20772490806671373,1.0403870796935528,Timeline Duration
1339,Electrification,Gujarat,Chhota Udaipur,1056074.84,1.0204340284409017,0.6631578947368421,0.5084827264769327,0.573835609577706,Timeline Duration
1340,Sports Infrastructure,Gujarat,Chhota Udaipur,3418283.43,1.720112376724703,6.291208791208791,-0.9282371581963256,-5.236888731087714,Timeline Duration
1341,School Infrastructure,Gujarat,Chhota Udaipur,3570686.16,1.6515126301521716,1.6666666666666667,-0.6508598114778565,-1.9544030750270718,Timeline Duration
1342,Electrification,Gujarat,Dahod,763380.36,0.7376175120197596,0.8421052631578947,0.5645517310476637,0.9655475101040895,Timeline Duration
1343,Drinking Water Supply,Gujarat,Dahod,1258371.54,0.8374693122847814,0.9225352112676056,0.37522980788872456,1.0242378785653503,Timeline Duration
1344,School Infrastructure,Gujarat,Dahod,2151471.86,0.9950980822708273,0.9666666666666667,0.5805220930755033,1.082008764324903,Timeline Duration
1345,Community Hall Construction,Gujarat,Dahod,1340278.21,0.7497916207771033,0.3853211009174312,0.5451665117444416,-1.416436407899838,Timeline Duration
1346,Irrigation Facilities,Gujarat,Dahod,2757004.56,0.8422695922031272,4.307339449541284,0.4754253637393006,-3.9308008989773335,Timeline Duration
1347,Sanitation & Drainage,Gujarat,Dahod,1398904.82,1.226626512418746,0.646551724137931,0.19554956863843892,0.6213391400951092,Timeline Duration
1348,Electrification,Gujarat,Dahod,250330.33,0.24188208771533679,0.7368421052631579,-2.442356643106192,0.8375948922248407,Cost Multiplier
1349,Electrification,Gujarat,Dahod,701714.08,0.6780323688689535,1.4421052631578948,0.563629501155253,-0.6818769195244233,Timeline Duration
1350,Community Hall Construction,Bihar,Gaya,2108660.07,1.1796473595980195,1.2844036697247707,0.04501429429115367,0.179351113887865,Timeline Duration
1351,Community Hall Construction,Bihar,Gaya,2237271.93,1.251596671495404,2.36697247706422,-0.010188999402322603,-3.1985170314462485,Timeline Duration
1352,Health Centre Infrastructure,Bihar,Gaya,3531523.6,1.178702296527955,1.0542986425339367,0.23489731158225413,0.9916859701138692,Timeline Duration
1353,Rural Roads,Bihar,Gaya,1567935.85,0.4541393205247482,1.1554404145077721,-0.11842208041340366,0.7629638823392337,Timeline Duration
1354,School Infrastructure,Bihar,Gaya,2987105.73,1.3815951947720106,1.1166666666666667,0.20990861538723243,0.7847272618134636,Timeline Duration
1355,Drinking Water Supply,Bihar,Gaya,1101260.53,0.7329090569749168,0.9014084507042254,0.5882700406077828,1.0835477175410717,Timeline Duration
1356,Sports Infrastructure,Bihar,Gaya,1890511.84,0.9513233413557494,0.9615384615384616,0.5065389788040796,1.046975539915716,Timeline Duration
1357,Electrification,Uttar Pradesh,Etawah,1595607.49,1.541758327308674,1.168421052631579,0.1886069653042241,0.7232204988082689,Timeline Duration
1358,Community Hall Construction,Uttar Pradesh,Etawah,605063.69,0.338490681571608,0.9220183486238532,-1.3301346273932075,0.8678385967431779,Cost Multiplier
1359,Drinking Water Supply,Uttar Pradesh,Etawah,1995891.87,1.3283026027143672,0.4859154929577465,0.249250968145208,-0.43365328156483507,Timeline Duration
1360,Irrigation Facilities,Uttar Pradesh,Etawah,1668223.5,0.5096451226212965,0.5642201834862385,0.0450213153833182,-0.05316888428164352,Timeline Duration
1361,Street Lighting,Uttar Pradesh,Etawah,958197.43,1.4012720402059398,1.4848484848484849,0.05062430911552044,-1.049578587876065,Timeline Duration
1362,Health Centre Infrastructure,Uttar Pradesh,Etawah,2063463.79,0.6887139330104655,1.1990950226244343,0.42979895489787723,0.6264312193725916,Timeline Duration
1363,Electrification,Uttar Pradesh,Etawah,595494.29,0.5753973243584276,0.631578947368421,0.1618100947846411,0.4909229593831127,Timeline Duration
1364,Drinking Water Supply,Jammu And Kashmir,Udhampur,1467634.2,0.9767374460484264,5.605633802816901,0.4830977654377858,-4.972462370797614,Timeline Duration
1365,Health Centre Infrastructure,Jammu And Kashmir,Udhampur,2955133.6,0.9863229459565054,1.420814479638009,0.6603743916861124,-0.5186449770532383,Cost Multiplier
1366,Electrification,Jammu And Kashmir,Udhampur,580792.56,0.5611917538811019,0.9894736842105263,0.09546274456368542,1.072227919854549,Timeline Duration
1367,Irrigation Facilities,Jammu And Kashmir,Udhampur,3849292.15,1.1759653126765952,0.8211009174311926,0.22120344838163453,0.8667551473360134,Timeline Duration
1368,Community Hall Construction,Jammu And Kashmir,Udhampur,2827704.95,1.5819025197312861,3.18348623853211,-0.014919489886841091,-3.580197674783405,Timeline Duration
1369,Community Hall Construction,Jammu And Kashmir,Udhampur,1403574.06,0.7852012078358711,2.830275229357798,0.5260576782918911,-3.481405829512902,Timeline Duration
1370,Drinking Water Supply,Jammu And Kashmir,Udhampur,2397888.17,1.5958385046325132,4.908450704225352,-0.22240400076417732,-4.825418576282661,Timeline Duration
1371,Sports Infrastructure,Uttar Pradesh,Pilibhit,2503995.13,1.260033903733776,0.7967032967032966,-0.07124436122754173,0.9044516302229879,Timeline Duration
1372,Drinking Water Supply,Uttar Pradesh,Pilibhit,2304023.85,1.5333700801491699,7.563380281690141,0.046875961763818697,-6.092973540903001,Timeline Duration
1373,Drinking Water Supply,Uttar Pradesh,Pilibhit,1048397.71,0.6977278818580398,1.0985915492957747,0.4869743096258365,0.838473811835141,Timeline Duration
1374,School Infrastructure,Uttar Pradesh,Pilibhit,2635870.3,1.2191418950953095,6.183333333333334,0.13492787694397498,-5.336749491558786,Timeline Duration
1375,Sanitation & Drainage,Uttar Pradesh,Pilibhit,1356549.29,1.1894871621907959,0.7068965517241379,0.30959442956584554,0.8024417454015623,Timeline Duration
1376,Street Lighting,Jharkhand,Singhbhum,937219.31,1.3705935473486954,0.6515151515151515,0.2609874667834697,0.6351171412906761,Timeline Duration
1377,Sports Infrastructure,Jharkhand,Singhbhum,1983036.22,0.9978824797203464,0.9725274725274725,0.6526159296856402,1.078878859713665,Timeline Duration
1378,Health Centre Infrastructure,Jharkhand,Singhbhum,2963158.77,0.9890014743709912,1.1266968325791855,0.5469671156576597,0.7483072236735596,Timeline Duration
1379,Street Lighting,Jharkhand,Singhbhum,1199244.78,1.753780720928174,1.1818181818181819,-1.673357590009194,0.5215686681563929,Cost Multiplier
1380,Health Centre Infrastructure,Jharkhand,Singhbhum,3849964.95,1.2849871732747684,1.16289592760181,-0.030034425988619495,0.7632825566371988,Timeline Duration
1381,Irrigation Facilities,Jharkhand,Singhbhum,3593950.77,1.097958085874916,0.8073394495412844,0.22234633777726107,0.8433993402088954,Timeline Duration
1382,Electrification,Jharkhand,Singhbhum,579081.22,0.5595381688281409,1.1894736842105262,0.10863156302066154,0.6774079458782084,Timeline Duration
1383,Rural Roads,Assam,Kokrajhar,5455694.23,1.5801955613190357,3.1709844559585494,-0.0027439317955182656,-3.5723732328747277,Timeline Duration
1384,Rural Roads,Assam,Kokrajhar,1290437.84,0.373764375524052,1.4766839378238341,-0.9717513500730192,-0.7816475819025549,Cost Multiplier
1385,Rural Roads,Assam,Kokrajhar,2174267.7,0.6297581982814584,1.3367875647668395,0.28954047695190877,0.08081141820287034,Cost Multiplier
1386,School Infrastructure,Assam,Kokrajhar,3023495.16,1.3984260223933993,0.5833333333333334,0.19206830104263994,0.2206911939208292,Timeline Duration
1387,Irrigation Facilities,Assam,Kokrajhar,4900349.16,1.4970650206853982,1.3623853211009174,0.10227549880462311,-0.392443757626765,Timeline Duration
1388,Irrigation Facilities,Assam,Kokrajhar,2104990.27,0.6430781152949746,1.9357798165137614,0.3330307045566101,-2.6116939203430194,Timeline Duration
1389,Rural Roads,Assam,Kokrajhar,4475902.68,1.296407248950969,0.917098445595855,0.011388813065911925,1.0604297720244096,Timeline Duration
1390,Electrification,West Bengal,Medinipur,535754.8,0.5176739451728152,10.578947368421053,0.03343337741465059,-7.339612575593324,Timeline Duration
1391,Rural Roads,West Bengal,Medinipur,4357154.48,1.2620128399823007,0.7564766839378239,0.0051013559215911395,0.8971925726493483,Timeline Duration
1392,Street Lighting,West Bengal,Medinipur,262301.34,0.3835906070532374,1.0454545454545454,-1.0496658025522967,0.9107249698309106,Cost Multiplier
1393,Street Lighting,West Bengal,Medinipur,842496.24,1.232070122637078,1.0606060606060606,0.1611071067799845,0.9448134190941887,Timeline Duration
1394,Sanitation & Drainage,West Bengal,Medinipur,538401.25,0.47209591255064326,1.2672413793103448,0.05153487512106723,0.6163656173581695,Timeline Duration
1395,Sports Infrastructure,West Bengal,Medinipur,975815.3,0.49103943815663326,1.2527472527472527,0.13690217868886612,0.5861715325625529,Timeline Duration
1396,Health Centre Infrastructure,Madhya Pradesh,Guna,1379064.34,0.46028470675314437,0.7239819004524887,-0.14881352410926213,0.8096163101896711,Timeline Duration
1397,Sports Infrastructure,Madhya Pradesh,Guna,1102772.02,0.5549252539037414,1.1373626373626373,0.046792159662757266,0.7582610956253779,Timeline Duration
1398,Community Hall Construction,Madhya Pradesh,Guna,542864.43,0.30369455967797787,1.055045871559633,-1.4581073319521833,0.9067955224557697,Cost Multiplier
1399,Sanitation & Drainage,Madhya Pradesh,Guna,1139650.82,0.9993002316710612,1.5086206896551724,0.6000938947258574,-0.9892250588422543,Timeline Duration
1400,Rural Roads,Madhya Pradesh,Guna,3749210.51,1.0859270253407654,0.772020725388601,0.28173466197672076,0.8441525214807354,Timeline Duration
1401,Community Hall Construction,Madhya Pradesh,Guna,2896553.79,1.620418615081537,0.5275229357798165,-0.20133222216680172,-0.17986307802637275,Cost Multiplier
1402,Health Centre Infrastructure,Madhya Pradesh,Guna,3771875.38,1.2589235344833185,1.0497737556561086,-0.10929663197144854,0.9758945474113322,Timeline Duration
1403,Sports Infrastructure,Chhattisgarh,Korba,2373857.67,1.1945475096984177,1.3131868131868132,0.12813292209561425,-0.08317619533169265,Cost Multiplier
1404,School Infrastructure,Chhattisgarh,Korba,1950963.49,0.9023590145768398,0.35555555555555557,0.37252867501817866,-1.8773273041244907,Timeline Duration
1405,School Infrastructure,Chhattisgarh,Korba,2081498.35,0.9627339566202328,1.1555555555555554,0.5729116992731517,0.7145242236099112,Timeline Duration
1406,School Infrastructure,Chhattisgarh,Korba,1186493.65,0.548776666659035,0.8555555555555555,0.002448319362398398,0.9962731807098354,Timeline Duration
1407,Rural Roads,Chhattisgarh,Korba,2572234.28,0.7450258428300269,0.9378238341968912,0.5690381260755091,1.0845908255617587,Timeline Duration
1408,Health Centre Infrastructure,Chhattisgarh,Korba,2980730.62,0.9948663594164273,3.932126696832579,0.5639599392198978,-3.7228280409825456,Timeline Duration
1409,Irrigation Facilities,Chhattisgarh,Korba,3497820.21,1.0685900359470413,1.4954128440366972,0.4353695780244464,-0.9582681795246087,Timeline Duration
1410,Community Hall Construction,Chhattisgarh,Korba,567248.43,0.31733569682742757,0.5275229357798165,-1.262281537062904,-0.19164524713571382,Cost Multiplier
1411,School Infrastructure,Tamil Nadu,Erode,3378198.86,1.5624834652104143,0.7388888888888889,0.27269201559753214,0.9651100531126844,Timeline Duration
1412,Rural Roads,Tamil Nadu,Erode,4573867.99,1.3247820701009518,0.37305699481865284,0.36139675766374163,-1.473254504355811,Timeline Duration
1413,Community Hall Construction,Tamil Nadu,Erode,1684325.13,0.9422617332100812,0.7798165137614679,0.48712348545922995,0.9377311278992205,Timeline Duration
1414,Community Hall Construction,Tamil Nadu,Erode,1029462.94,0.5759122848923746,0.8623853211009175,0.2694106719424896,1.027749851856453,Timeline Duration
1415,Sports Infrastructure,Tamil Nadu,Erode,972191.47,0.4892158928123707,1.2582417582417582,0.10276502988570596,0.5762914916139217,Timeline Duration
1416,Sanitation & Drainage,Tamil Nadu,Erode,668411.6,0.5860951925008264,0.7758620689655172,0.33868576865587635,0.9737572260306413,Timeline Duration
1417,Community Hall Construction,Kerala,Alathur,2752077.35,1.5395941837780498,0.7247706422018348,0.3025864214676203,0.942845144616585,Timeline Duration
1418,Irrigation Facilities,Kerala,Alathur,1563004.45,0.47750052350772065,0.9036697247706422,-0.11911748914481537,0.9770365501690508,Timeline Duration
1419,Irrigation Facilities,Kerala,Alathur,3350931.06,1.023715150259669,0.7981651376146789,0.46332338051105143,0.8728067768898251,Timeline Duration
1420,Drinking Water Supply,Kerala,Alathur,1240985.56,0.8258986240967785,0.34507042253521125,0.22134647784930256,-1.974851043295522,Timeline Duration
1421,Street Lighting,Kerala,Alathur,906965.83,1.3263507281596167,0.3333333333333333,0.41767565199254747,-1.8119162947488558,Timeline Duration
1422,Drinking Water Supply,Tamil Nadu,Tiruppur,2016104.63,1.3417545647768412,0.5492957746478874,0.16315253106609598,-0.09718463919559993,Cost Multiplier
1423,School Infrastructure,Tamil Nadu,Tiruppur,2130807.56,0.9855404367892504,1.3444444444444446,0.6777892508084307,0.10220039444310551,Cost Multiplier
1424,Sanitation & Drainage,Tamil Nadu,Tiruppur,763119.25,0.6691393801810684,1.146551724137931,0.43350209862800104,0.6648917317769453,Timeline Duration
1425,Rural Roads,Tamil Nadu,Tiruppur,3638031.21,1.0537248840615687,0.7461139896373057,0.46698549171159504,0.8643418990274635,Timeline Duration
1426,Health Centre Infrastructure,Tamil Nadu,Tiruppur,2806227.85,0.9366232782291773,0.665158371040724,0.3605611403491903,0.5121428600544121,Timeline Duration
1427,Drinking Water Supply,Kerala,Alappuzha,1756481.65,1.1689707154902262,0.8943661971830986,0.3155294760417868,1.0625963726962364,Timeline Duration
1428,Street Lighting,Kerala,Alappuzha,741151.58,1.083863256248199,0.7121212121212122,0.27518883301710184,0.6813988630980603,Timeline Duration
1429,Sanitation & Drainage,Kerala,Alappuzha,758227.47,0.6648500340045932,0.9224137931034483,0.5109135200700072,1.0257831616377464,Timeline Duration
1430,School Infrastructure,Kerala,Alappuzha,1265403.48,0.5852740162015557,0.5888888888888889,0.261704685814726,0.22902238960966184,Cost Multiplier
1431,Rural Roads,Kerala,Alappuzha,1115701.18,0.32315338398178706,0.538860103626943,-1.2250394514379022,-0.14062426468222566,Cost Multiplier
1432,Irrigation Facilities,Karnataka,Koppal,5252537.05,1.6046590213602392,1.311926605504587,-0.1880584729893499,0.04407502115981081,Cost Multiplier
1433,Health Centre Infrastructure,Karnataka,Koppal,1665799.64,0.5559871838952005,0.7737556561085973,0.06699512273067257,0.9369749800689935,Timeline Duration
1434,Health Centre Infrastructure,Karnataka,Koppal,1297808.61,0.43316431159082536,0.416289592760181,-0.4676394053153046,-1.0445279970964232,Timeline Duration
1435,Rural Roads,Karnataka,Koppal,2409842.18,0.6979903483915352,0.8860103626943006,0.5967814226727687,1.0917783991516485,Timeline Duration
1436,Sanitation & Drainage,Karnataka,Koppal,1903055.09,1.6686895309914245,1.25,-0.7280602347923909,0.3640967448664573,Cost Multiplier
1437,Irrigation Facilities,Karnataka,Koppal,3979280.3,1.2156769140573846,3.9357798165137616,0.12850969356818653,-3.7264045427491856,Timeline Duration
1438,Street Lighting,Telangana,Warangel,981698.46,1.435640047491287,1.5606060606060606,0.09385284405594684,-1.6703203153605266,Timeline Duration
1439,Sanitation & Drainage,Telangana,Warangel,634598.11,0.5564459106351693,1.3017241379310345,0.1622415435227431,0.3184325630222468,Timeline Duration
1440,Sanitation & Drainage,Telangana,Warangel,267573.77,0.23462145216558458,9.767241379310345,-1.6185724120906688,-6.024533073480475,Timeline Duration
1441,School Infrastructure,Telangana,Warangel,3382692.08,1.5645616678996286,0.7666666666666667,0.22300771190503568,0.9143354571784147,Timeline Duration
1442,Rural Roads,Telangana,Warangel,4498788.77,1.3030360108113908,0.8911917098445595,0.15496262674086406,1.0299638514197216,Timeline Duration
1443,School Infrastructure,Telangana,Warangel,2173291.8,1.0051902339986516,0.5611111111111111,0.6412374053987756,0.07911266597040958,Cost Multiplier
1444,Rural Roads,Telangana,Warangel,5574278.06,1.614542361911306,0.6735751295336787,-0.15790075697569167,0.6723584836386142,Timeline Duration
1445,Community Hall Construction,West Bengal,Barasat,1021758.88,0.5716024038610594,0.908256880733945,0.1008279244085728,0.9904647922613942,Timeline Duration
1446,School Infrastructure,West Bengal,Barasat,2878228.1,1.3312371478788514,1.2666666666666666,0.2931178193668298,0.4272664136481253,Timeline Duration
1447,Electrification,West Bengal,Barasat,1304187.17,1.260172970055833,1.0210526315789474,-0.10288366246259231,0.9321546458467259,Timeline Duration
1448,Rural Roads,West Bengal,Barasat,5328376.3,1.5433190027399217,1.3989637305699483,-0.07352901510571438,-0.6870902180099953,Timeline Duration
1449,Drinking Water Supply,West Bengal,Barasat,1590425.58,1.0584573588836288,0.9647887323943662,0.5206137879853685,1.0719286729762916,Timeline Duration
1450,Health Centre Infrastructure,The Dadra And Nagar Haveli And Daman And Diu,Dadra & Nagar Haveli,2074841.58,0.6925114517931271,1.1040723981900453,0.4382346052760476,0.818069085643416,Timeline Duration
1451,Irrigation Facilities,The Dadra And Nagar Haveli And Daman And Diu,Dadra & Nagar Haveli,3273304.16,1.0,1.0779816513761469,0.6433724201653777,0.9305256665867031,Timeline Duration
1452,Street Lighting,The Dadra And Nagar Haveli And Daman And Diu,Dadra & Nagar Haveli,1164602.28,1.7031193800259818,1.0303030303030303,-0.950369254585856,1.0222838014323097,Timeline Duration
1453,Drinking Water Supply,The Dadra And Nagar Haveli And Daman And Diu,Dadra & Nagar Haveli,2376465.5,1.581581325300403,0.4647887323943662,0.09994998030147635,-0.640934242180252,Timeline Duration
1454,Community Hall Construction,The Dadra And Nagar Haveli And Daman And Diu,Dadra & Nagar Haveli,2212270.24,1.2376099801298355,2.7247706422018347,0.21592939970490302,-3.335312358421913,Timeline Duration
1455,Sanitation & Drainage,The Dadra And Nagar Haveli And Daman And Diu,Dadra & Nagar Haveli,293693.73,0.2575246797342172,0.6120689655172413,-2.19563441895489,0.29977919914790596,Cost Multiplier
1456,Irrigation Facilities,The Dadra And Nagar Haveli And Daman And Diu,Dadra & Nagar Haveli,3791924.49,1.158439394767396,3.756880733944954,0.34978138511276313,-3.5394638889245287,Timeline Duration
1457,Health Centre Infrastructure,The Dadra And Nagar Haveli And Daman And Diu,Dadra & Nagar Haveli,4543986.19,1.5166278253228473,0.7692307692307693,0.2324918452985479,0.914437844915918,Timeline Duration
1458,Drinking Water Supply,Tamil Nadu,Chennai North,766313.65,0.5099957723614289,0.8802816901408451,0.12505899110128366,0.9232132934844834,Timeline Duration
1459,Electrification,Tamil Nadu,Chennai North,1524498.14,1.4730488024417487,5.221052631578948,0.09875356330409617,-5.084148696437822,Timeline Duration
1460,Drinking Water Supply,Tamil Nadu,Chennai North,1872236.09,1.2460074158440106,1.232394366197183,-0.09166047717997296,0.5225794438047215,Timeline Duration
1461,Irrigation Facilities,Tamil Nadu,Chennai North,3780396.73,1.1549176444391285,0.8761467889908257,0.2653720129552242,0.9647365758901094,Timeline Duration
1462,Community Hall Construction,Tamil Nadu,Chennai North,1325884.52,0.741739361124189,0.8853211009174312,0.6382964000527624,1.095690057866009,Timeline Duration
1463,School Infrastructure,Tamil Nadu,Chennai North,790077.52,0.3654264039490116,1.2277777777777779,-1.1274304754207705,0.5751694372973587,Cost Multiplier
1464,Street Lighting,Tamil Nadu,Chennai North,803328.76,1.174791431533382,0.6212121212121212,0.2712601940486585,0.4244447928869563,Timeline Duration
1465,Sports Infrastructure,Tamil Nadu,Chennai North,1021743.87,0.5141511266166703,3.8626373626373627,-0.011693677643816203,-3.831369214204121,Timeline Duration
1466,School Infrastructure,Jharkhand,Khunti,3634678.84,1.6811105042082006,0.6777777777777778,-0.6068286297846799,0.7119905822203368,Timeline Duration
1467,Street Lighting,Jharkhand,Khunti,1081646.86,1.581805017254689,14.530303030303031,-0.09966887558757864,-8.235404169140084,Timeline Duration
1468,Electrification,Jharkhand,Khunti,1432813.17,1.384458051350109,1.0105263157894737,0.28458172002353493,0.9811854616686811,Timeline Duration
1469,Sanitation & Drainage,Jharkhand,Khunti,932464.9,0.8176297285471464,0.7241379310344828,0.4724070496096659,0.8459367314625904,Timeline Duration
1470,Irrigation Facilities,Jharkhand,Khunti,2205734.48,0.6738556431614958,1.0688073394495412,0.4020103622480191,0.8450667200047127,Timeline Duration
1471,Electrification,Jharkhand,Khunti,1484239.52,1.4341488455162799,0.6947368421052632,0.357690703496313,0.7501943291474392,Timeline Duration
1472,Drinking Water Supply,Jharkhand,Khunti,314329.33,0.2091919273905671,1.2464788732394365,-3.3386967990235776,0.4426503820380842,Cost Multiplier
1473,Rural Roads,Jharkhand,Chatra,1222313.35,0.354032694792538,0.5025906735751295,-1.074347071071661,-0.23683363281154182,Cost Multiplier
1474,Drinking Water Supply,Jharkhand,Chatra,1646548.77,1.095808369963018,1.0422535211267605,0.4004534785471901,1.0349046084325606,Timeline Duration
1475,Street Lighting,Jharkhand,Chatra,962337.04,1.4073258236630264,1.621212121212121,-0.025405386333811602,-1.835771395915016,Timeline Duration
1476,Community Hall Construction,Jharkhand,Chatra,625747.93,0.35006206258670536,0.8944954128440367,-1.3884309579557872,0.846592381192098,Cost Multiplier
1477,Health Centre Infrastructure,Jharkhand,Chatra,2319247.05,0.7740856734047267,1.1312217194570136,0.6548819174654289,0.739410944559495,Timeline Duration
1478,Community Hall Construction,Jharkhand,Chatra,1361376.21,0.7615944714816263,0.5458715596330275,0.5357219147709412,-0.10630995184294864,Cost Multiplier
1479,Electrification,West Bengal,Jhargram,1333884.5,1.288868063375014,1.0,-0.00926672709298119,1.0034040274761005,Timeline Duration
1480,School Infrastructure,West Bengal,Jhargram,1114381.3,0.5154232854100502,0.95,0.10640834768705623,1.0093422635528466,Timeline Duration
1481,Community Hall Construction,West Bengal,Jhargram,1006546.43,0.5630921054346674,1.110091743119266,0.0991156053182688,0.8556986237660109,Timeline Duration
1482,Rural Roads,West Bengal,Jhargram,1208691.84,0.35008733995169994,0.8290155440414507,-1.2949374345416385,0.8015266284940777,Cost Multiplier
1483,Sports Infrastructure,West Bengal,Jhargram,1987244.25,1.0,1.043956043956044,0.6583396437197775,1.0526501399848347,Timeline Duration
1484,Health Centre Infrastructure,West Bengal,Jhargram,3207242.11,1.0704681799601068,0.918552036199095,0.5205694320129313,1.0605656421063325,Timeline Duration
1485,Health Centre Infrastructure,West Bengal,Sreerampur,4977686.95,1.6613823674751125,0.9547511312217195,-0.38522049031684474,1.196656603031413,Timeline Duration
1486,Rural Roads,West Bengal,Sreerampur,5623956.54,1.6289313122959166,0.6062176165803109,-0.23103457169597913,0.4624511890885392,Timeline Duration
1487,Rural Roads,West Bengal,Sreerampur,5366543.71,1.5543738693300246,0.9844559585492227,0.3104931328327798,1.1459152072547667,Timeline Duration
1488,Irrigation Facilities,West Bengal,Sreerampur,2332660.26,0.7126316852876879,1.31651376146789,0.5579908173474575,0.13042650584392446,Cost Multiplier
1489,Irrigation Facilities,West Bengal,Sreerampur,1550639.72,0.47372307741789565,1.055045871559633,-0.09320401989451055,0.9879614204570656,Timeline Duration
1490,Electrification,West Bengal,Sreerampur,1094127.46,1.0572024342854445,0.968421052631579,0.5201169085655799,1.0724255523960802,Timeline Duration
1491,Sports Infrastructure,West Bengal,Sreerampur,1207849.75,0.6078013560738696,1.10989010989011,0.19441816000506268,0.8241521987543243,Timeline Duration
1492,Rural Roads,Maharashtra,Jalna,4226334.82,1.2241220350085649,0.8808290155440415,0.14114451319091595,0.9500770849015564,Timeline Duration
1493,Sanitation & Drainage,Maharashtra,Jalna,226697.87,0.19877951214068892,1.2586206896551724,-3.651705893809913,0.38014820817988215,Cost Multiplier
1494,Irrigation Facilities,Maharashtra,Jalna,3826248.1,1.1689253161246096,5.055045871559633,0.1852745208065529,-4.807192603763062,Timeline Duration
1495,School Infrastructure,Maharashtra,Jalna,1947859.87,0.9009235292388641,0.7777777777777778,0.49575960450312895,0.8988930949460667,Timeline Duration
1496,Sanitation & Drainage,Maharashtra,Jalna,1637093.18,1.4354814346039027,1.103448275862069,0.32844937860902157,0.8668901586437239,Timeline Duration
1497,Community Hall Construction,Maharashtra,Jalna,1245343.17,0.6966821268085793,0.8669724770642202,0.5241960132658624,1.0401603961883343,Timeline Duration
1498,Sports Infrastructure,Assam,Kaziranga,3591483.6,1.8072683315098284,1.4120879120879122,-2.4945189599625532,-0.6782033714126114,Cost Multiplier
1499,Irrigation Facilities,Assam,Kaziranga,4391715.06,1.3416764362038385,5.490825688073395,0.061375376026789684,-4.95324435243017,Timeline Duration
1500,Sports Infrastructure,Assam,Kaziranga,1984694.77,0.9987170776818199,1.0,0.6496819006477865,1.02295377123009,Timeline Duration
1501,Sports Infrastructure,Assam,Kaziranga,2655619.23,1.3363325771353973,0.8791208791208791,0.2793701659060092,0.9517107736167112,Timeline Duration
1502,Irrigation Facilities,Assam,Kaziranga,2227618.52,0.6805412546813248,1.2844036697247707,0.5398054024572128,0.36222980672495053,Cost Multiplier
1503,Drinking Water Supply,Delhi,West Delhi,1759854.25,1.1712152425737075,1.1267605633802817,0.2128834248669061,0.725370862447802,Timeline Duration
1504,Rural Roads,Delhi,West Delhi,1673182.23,0.4846230418459294,0.34196891191709844,-0.18057527241673269,-1.9850439111432179,Timeline Duration
1505,Street Lighting,Delhi,West Delhi,633720.11,0.9267550127526772,1.196969696969697,0.4508433056031355,0.6219570393553019,Timeline Duration
1506,Community Hall Construction,Delhi,West Delhi,2208813.97,1.2356764395665347,0.8348623853211009,0.12380968777423847,0.8720865077124975,Timeline Duration
1507,Street Lighting,Delhi,West Delhi,322642.61,0.47183393966321674,0.6212121212121212,-0.1792990369157533,0.3005611993134185,Timeline Duration
1508,Street Lighting,Delhi,West Delhi,326063.3,0.4768363714222041,1.3333333333333333,0.11397157314514983,0.21809600615960792,Timeline Duration
1509,Irrigation Facilities,Delhi,West Delhi,3618100.35,1.1053358237262008,1.1972477064220184,0.3292860487062557,0.7070120903367639,Timeline Duration
1510,Drinking Water Supply,Chhattisgarh,Janjgir Champa,2393582.38,1.5929729225086973,1.1338028169014085,-0.02234283325453587,0.6795819840236192,Timeline Duration
1511,Sports Infrastructure,Chhattisgarh,Janjgir Champa,2819009.72,1.4185522086678577,0.8406593406593407,0.36513037015164507,0.9365074061941854,Timeline Duration
1512,Rural Roads,Chhattisgarh,Janjgir Champa,5552178.06,1.6081412843521719,1.3523316062176165,-0.24592904834143559,-0.19247765334994135,Cost Multiplier
1513,Drinking Water Supply,Chhattisgarh,Janjgir Champa,489222.38,0.3255864560739541,0.8873239436619719,-1.3954188998613957,0.8512118686130667,Cost Multiplier
1514,Sanitation & Drainage,Chhattisgarh,Janjgir Champa,564134.94,0.49466044014757093,0.7327586206896551,0.05231589295650707,0.8311559578974277,Timeline Duration
1515,Street Lighting,Chhattisgarh,Janjgir Champa,619693.2,0.9062419992774844,1.121212121212121,0.4777602482759003,0.7710654290147921,Timeline Duration
1516,Rural Roads,Chhattisgarh,Janjgir Champa,982999.39,0.28471743601681276,1.2124352331606219,-1.768741063812709,0.5705285131143658,Cost Multiplier
1517,Sports Infrastructure,Uttar Pradesh,Bansgaon,520179.58,0.26175925782651027,1.0054945054945055,-2.23955691224827,0.7742208161483872,Cost Multiplier
1518,Community Hall Construction,Uttar Pradesh,Bansgaon,2837934.94,1.5876254813711934,1.3623853211009174,-0.08781695390980035,-0.3468023396295886,Timeline Duration
1519,Irrigation Facilities,Uttar Pradesh,Bansgaon,2822567.15,0.8622990751950164,1.1743119266055047,0.5156983158830362,0.7145869316942565,Timeline Duration
1520,Sanitation & Drainage,Uttar Pradesh,Bansgaon,1519198.04,1.3321053490105172,0.9655172413793104,0.43892803770497146,1.1596427190082272,Timeline Duration
1521,Irrigation Facilities,Uttar Pradesh,Bansgaon,1318704.84,0.40286657626097294,0.37155963302752293,-0.7878623117758439,-1.4856028260142289,Timeline Duration
1522,Drinking Water Supply,Uttar Pradesh,Bansgaon,643074.91,0.42797813325092976,0.9507042253521126,-0.5756020566574163,0.946649469689118,Timeline Duration
1523,Sanitation & Drainage,Himachal Pradesh,Mandi,1763273.17,1.5461220720925435,0.6379310344827587,0.2513989455539154,0.6205447132816504,Timeline Duration
1524,Irrigation Facilities,Himachal Pradesh,Mandi,4243144.54,1.296287889115688,0.8853211009174312,-0.008811076021735705,1.020578271111007,Timeline Duration
1525,Community Hall Construction,Himachal Pradesh,Mandi,1748961.16,0.9784210569480217,1.0596330275229358,0.5888044904117669,0.9577150238485528,Timeline Duration
1526,Community Hall Construction,Himachal Pradesh,Mandi,2367250.28,1.3243104386709768,0.3165137614678899,0.37820881028341397,-2.003746919943364,Timeline Duration
1527,Rural Roads,Himachal Pradesh,Mandi,3534303.85,1.023681133999839,0.7202072538860104,0.4689571816287302,0.8058206844706912,Timeline Duration
1528,Drinking Water Supply,Tamil Nadu,Ramanathapuram,1679206.32,1.1175425677496318,1.0845070422535212,0.3056909765158508,0.9070791302450645,Timeline Duration
1529,Sports Infrastructure,Tamil Nadu,Ramanathapuram,980452.39,0.4933728654643233,0.6428571428571429,-0.047119424520484475,0.4514226599942231,Timeline Duration
1530,Rural Roads,Tamil Nadu,Ramanathapuram,4258817.99,1.233530509693476,0.7927461139896373,0.16568195958443618,0.9416473712860997,Timeline Duration
1531,Community Hall Construction,Tamil Nadu,Ramanathapuram,1447274.01,0.8096482637485225,1.4678899082568808,0.5976858153287272,-0.8284205899922089,Timeline Duration
1532,Irrigation Facilities,Tamil Nadu,Ramanathapuram,1857226.95,0.5673859987395733,0.7889908256880734,0.19640730373212534,1.0499769660564542,Timeline Duration
1533,Rural Roads,Tamil Nadu,Ramanathapuram,3177267.03,0.9202684472900371,1.0621761658031088,0.3768197993464575,0.928993073057858,Timeline Duration
1534,Community Hall Construction,Tamil Nadu,Thoothukkudi,887979.12,0.49676201450818624,0.7339449541284404,0.05231589295650707,0.8311559578974277,Timeline Duration
1535,Electrification,Tamil Nadu,Thoothukkudi,366812.45,0.3544331252468592,0.6631578947368421,-1.155452618355205,0.5547299228896686,Cost Multiplier
1536,School Infrastructure,Tamil Nadu,Thoothukkudi,3241666.09,1.4993343717362733,0.7944444444444444,0.31374510273974326,1.005551191519016,Timeline Duration
1537,Sports Infrastructure,Tamil Nadu,Thoothukkudi,2674358.19,1.3457621980790735,1.0384615384615385,0.28628275582869,1.053138335448591,Timeline Duration
1538,Health Centre Infrastructure,Tamil Nadu,Thoothukkudi,3141479.28,1.0485187871407646,1.3122171945701357,0.5056544917393052,0.12294837300647991,Cost Multiplier
1539,Community Hall Construction,Tamil Nadu,Thoothukkudi,1927608.02,1.0783614407479944,1.2293577981651376,0.49744354202387825,0.6276365249829808,Timeline Duration
1540,Rural Roads,Uttar Pradesh,Amroha,1914033.41,0.554383543356743,1.1917098445595855,0.051320116360108,0.67011083670122,Timeline Duration
1541,Drinking Water Supply,Uttar Pradesh,Amroha,2087105.69,1.3890070708925553,0.7605633802816901,0.24525796291594396,0.9318590287123671,Timeline Duration
1542,Drinking Water Supply,Uttar Pradesh,Amroha,2243417.26,1.4930352842372836,0.8028169014084507,0.3765182980231415,1.0260277312368957,Timeline Duration
1543,School Infrastructure,Uttar Pradesh,Amroha,2895950.59,1.3394341483323287,0.45555555555555555,0.11889572803191563,-0.812450481671551,Timeline Duration
1544,School Infrastructure,Uttar Pradesh,Amroha,462413.27,0.2138752389694664,4.261111111111111,-2.541649989062476,-3.3637639654573146,Timeline Duration
1545,Rural Roads,Uttar Pradesh,Amroha,2603814.83,0.7541728812874983,0.47668393782383417,0.5064405507052664,-0.435091172773944,Cost Multiplier
1546,Electrification,Uttar Pradesh,Amroha,509594.11,0.4923961359945436,0.8315789473684211,-0.03772331959835102,0.7992550233097719,Timeline Duration
1547,Electrification,Uttar Pradesh,Amroha,1526036.21,1.4745349650759463,0.9578947368421052,0.5507861750906616,1.1753803078516092,Timeline Duration
1548,Community Hall Construction,Uttar Pradesh,Kaiserganj,1494548.76,0.836095169443074,0.8394495412844036,0.3526020907657956,0.8735260294628734,Timeline Duration
1549,Sports Infrastructure,Uttar Pradesh,Kaiserganj,2757979.56,1.3878412580637736,0.9065934065934066,0.32032096097966695,1.1310918640359997,Timeline Duration
1550,Rural Roads,Uttar Pradesh,Kaiserganj,1473412.91,0.4267615526488484,0.7927461139896373,-0.6017430537289724,0.8791348916162565,Timeline Duration
1551,School Infrastructure,Uttar Pradesh,Kaiserganj,3731738.75,1.7260026229953733,1.3111111111111111,-1.2555450775272028,-0.024579896677157365,Cost Multiplier
1552,Irrigation Facilities,Uttar Pradesh,Kaiserganj,764363.53,0.23351436121964297,0.9174311926605505,-2.8508980725994837,0.7477409646967593,Cost Multiplier
1553,Community Hall Construction,West Bengal,Raiganj,751146.69,0.4202138704742923,1.2201834862385321,-0.48558875536197094,0.6238676614572229,Timeline Duration
1554,Electrification,West Bengal,Raiganj,1280631.4,1.237412169056041,1.0842105263157895,0.17238373981498556,0.9002020935441006,Timeline Duration
1555,Sanitation & Drainage,West Bengal,Raiganj,1498833.57,1.3142488097690868,0.7672413793103449,0.23348903261034928,0.8530211982283024,Timeline Duration
1556,Electrification,West Bengal,Raiganj,1019665.0,0.9852529614380282,0.7894736842105263,0.5547010752537836,0.9345127083227992,Timeline Duration
1557,Sanitation & Drainage,West Bengal,Raiganj,1189450.95,1.0429673624912266,1.0517241379310345,0.5609283425175245,1.040390212717036,Timeline Duration
1558,Community Hall Construction,West Bengal,Raiganj,564113.87,0.31558213043704125,1.2889908256880733,-1.2968876160595604,0.2527208379527645,Cost Multiplier
1559,Health Centre Infrastructure,West Bengal,Raiganj,865359.44,0.28882750755230546,1.1266968325791855,-1.792033406978601,0.6624568109193489,Cost Multiplier
1560,Community Hall Construction,Bihar,Nalanda,816206.94,0.45661051553775533,0.8944954128440367,-0.19909407576394172,0.9441739734791869,Timeline Duration
1561,School Infrastructure,Bihar,Nalanda,2924323.62,1.352557233168406,1.211111111111111,0.20591836191482843,0.6423041835044474,Timeline Duration
1562,Electrification,Bihar,Nalanda,1667020.16,1.6107609356179682,1.0947368421052632,-0.18205491245921435,0.8152021972073857,Timeline Duration
1563,Sanitation & Drainage,Bihar,Nalanda,713078.49,0.6252612534922324,0.6293103448275862,0.15135719528624095,0.49525267759658603,Timeline Duration
1564,Drinking Water Supply,Bihar,Nalanda,543232.51,0.3615311870136825,0.6267605633802817,-1.049868130252975,0.5003091963048603,Cost Multiplier
1565,Street Lighting,Bihar,Nalanda,731535.52,1.0698006887719507,0.3939393939393939,0.4717395813061794,-1.3215763731262689,Timeline Duration
1566,Sanitation & Drainage,West Bengal,Maldaha Uttar,1005970.18,0.8820826662750781,0.5517241379310345,0.5598950885580584,-0.10112458743461838,Cost Multiplier
1567,School Infrastructure,West Bengal,Maldaha Uttar,2230107.07,1.0314684146580535,0.8888888888888888,0.4822326307809501,0.961831325254832,Timeline Duration
1568,Drinking Water Supply,West Bengal,Maldaha Uttar,2088593.74,1.3899973954275058,3.5985915492957745,-0.029398000923419983,-3.8377372214859693,Timeline Duration
1569,Rural Roads,West Bengal,Maldaha Uttar,4461136.66,1.2921303964957778,1.238341968911917,-0.013497038200618773,0.5712761019591363,Timeline Duration
1570,Street Lighting,West Bengal,Maldaha Uttar,775968.3,1.1347793772272325,1.2272727272727273,0.2546114254567511,0.6001610569930801,Timeline Duration
1571,Sports Infrastructure,West Bengal,Jangipur,3265907.76,1.643435506229292,0.5824175824175825,-0.3416644777990835,0.32515928559199275,Cost Multiplier
1572,School Infrastructure,West Bengal,Jangipur,3390494.93,1.5681706396066752,1.0944444444444446,0.15066643586715542,0.8243220150258447,Timeline Duration
1573,Rural Roads,West Bengal,Jangipur,2415126.69,0.6995209618925315,0.7512953367875648,0.5686568273501973,0.9436066657396894,Timeline Duration
1574,Health Centre Infrastructure,West Bengal,Jangipur,764343.24,0.2551117405313723,1.0723981900452488,-2.2627985437363045,0.8170180215985637,Cost Multiplier
1575,Drinking Water Supply,West Bengal,Jangipur,993103.35,0.6609284723271892,1.204225352112676,0.47081430559232956,0.6148217178598225,Timeline Duration
1576,Electrification,West Bengal,Jangipur,1523653.08,1.4722322618449912,3.6315789473684212,0.26776492078908953,-3.8100933670427657,Timeline Duration
1577,Electrification,Andhra Pradesh,Srikakulam,930476.89,0.8990748053744577,0.9157894736842105,0.5569997888073565,1.0688696255354515,Timeline Duration
1578,Rural Roads,Andhra Pradesh,Srikakulam,1571887.29,0.4552838216066606,3.435233160621762,-0.32759131147036347,-3.793205736931723,Timeline Duration
1579,Sanitation & Drainage,Andhra Pradesh,Srikakulam,986408.67,0.8649302006849285,0.8706896551724138,0.556597410457246,0.9804351765699856,Timeline Duration
1580,Rural Roads,Andhra Pradesh,Srikakulam,4499731.83,1.3033091601418396,0.9689119170984456,0.18910095286868428,1.1211855201479763,Timeline Duration
1581,Sports Infrastructure,Andhra Pradesh,Srikakulam,652942.39,0.3285667526777345,0.6373626373626373,-1.3049778503983809,0.47381805472758787,Cost Multiplier
1582,Rural Roads,Andhra Pradesh,Srikakulam,5218020.7,1.5113554391795243,1.4870466321243523,0.03351388508512032,-1.106806027527057,Timeline Duration
1583,Rural Roads,Andhra Pradesh,Srikakulam,5875258.77,1.701718871798784,0.7616580310880829,-0.9515073493528525,0.8990296566634652,Cost Multiplier
1584,Health Centre Infrastructure,Andhra Pradesh,Srikakulam,1938101.94,0.6468724172148488,0.7963800904977375,0.29576533672831773,0.9451658549870235,Timeline Duration
1585,Sports Infrastructure,Arunachal Pradesh,Arunachal West,3297520.91,1.6593435406845436,0.9615384615384616,-0.3417502407653219,1.14490579952236,Timeline Duration
1586,Sanitation & Drainage,Arunachal Pradesh,Arunachal West,1051895.46,0.9223521436783043,0.6293103448275862,0.29727374469535744,0.46163409435277525,Timeline Duration
1587,Rural Roads,Arunachal Pradesh,Arunachal West,5657573.09,1.63866806088508,0.7875647668393783,-0.36824179002158164,1.0248973386306173,Timeline Duration
1588,Street Lighting,Arunachal Pradesh,Arunachal West,757525.8,1.1078089859567217,0.6666666666666666,0.23865709551142364,0.5667327920796522,Timeline Duration
1589,Rural Roads,Arunachal Pradesh,Arunachal West,2144987.5,0.6212774366910981,0.7979274611398963,0.19756188769355082,0.9617564276631747,Timeline Duration
1590,Health Centre Infrastructure,Arunachal Pradesh,Arunachal West,3566446.81,1.190358474566558,0.4796380090497738,0.30005642298577156,-0.42491403951748924,Timeline Duration
1591,Health Centre Infrastructure,Arunachal Pradesh,Arunachal West,3415993.94,1.1401424308770236,0.5610859728506787,0.33008465240591356,0.0631682891819636,Cost Multiplier
1592,Drinking Water Supply,Uttar Pradesh,Gonda,884418.33,0.5885966004898321,1.1830985915492958,0.29558913343689724,0.6567925035251962,Timeline Duration
1593,Community Hall Construction,Uttar Pradesh,Gonda,899518.11,0.5032172698049435,0.5825688073394495,0.006183595754039837,0.1412520758798882,Timeline Duration
1594,Health Centre Infrastructure,Uttar Pradesh,Gonda,2952337.14,0.9853895828539203,1.004524886877828,0.6171757722875345,1.0054468613525025,Timeline Duration
1595,Sports Infrastructure,Uttar Pradesh,Gonda,954016.09,0.48006987062611955,0.9340659340659341,-0.15401308438280387,0.9775561232268488,Timeline Duration
1596,Health Centre Infrastructure,Uttar Pradesh,Gonda,924953.41,0.30871794501057936,0.9095022624434389,-1.532456964709942,0.8499260186509614,Cost Multiplier
1597,Rural Roads,Uttar Pradesh,Gonda,2009774.3,0.5821140801201155,0.8963730569948186,0.2885048190014625,1.0141958744531325,Timeline Duration
1598,Irrigation Facilities,Uttar Pradesh,Gonda,3153009.11,0.9632496571904273,1.18348623853211,0.5501212542144783,0.6245525882514992,Timeline Duration
1599,Sports Infrastructure,Uttar Pradesh,Gonda,933933.68,0.4699642130050194,0.8846153846153846,-0.21516346743649173,0.9785498600586513,Timeline Duration
1600,Electrification,Telangana,Secunderabad,895405.85,0.8651873560448137,1.3578947368421053,0.6089034606806392,-0.048396852948437465,Cost Multiplier
1601,Health Centre Infrastructure,Telangana,Secunderabad,3216007.65,1.0733938186641232,0.8597285067873304,0.45346336339006005,0.9570831783350842,Timeline Duration
1602,Sports Infrastructure,Telangana,Secunderabad,2999983.81,1.509620073123875,0.8296703296703297,0.3713804926630128,0.9394722222434473,Timeline Duration
1603,Sanitation & Drainage,Telangana,Secunderabad,1320585.53,1.1579524209621075,4.129310344827586,0.21468098099426572,-4.040609562972695,Timeline Duration
1604,Electrification,Telangana,Secunderabad,1101805.78,1.0646216234494041,0.8736842105263158,0.5008519520197521,0.9356006356095586,Timeline Duration
1605,Sanitation & Drainage,Uttar Pradesh,Amethi,1646442.72,1.4436795575061596,0.5086206896551724,0.38848660614038216,-0.36388209326861337,Cost Multiplier
1606,Sports Infrastructure,Uttar Pradesh,Amethi,3484052.06,1.753207770006128,0.8186813186813187,-1.550391401300371,0.8681612867505873,Cost Multiplier
1607,Drinking Water Supply,Uttar Pradesh,Amethi,799552.3,0.5321167028433552,0.49295774647887325,-0.05213727395204979,-0.4540399181613634,Timeline Duration
1608,Street Lighting,Uttar Pradesh,Amethi,1174657.44,1.7178240892295924,1.4090909090909092,-1.2786518152213682,-0.6951114665039128,Cost Multiplier
1609,Sports Infrastructure,Uttar Pradesh,Amethi,523034.99,0.26319612699848044,0.5439560439560439,-2.0409716649360403,-0.15693714915845738,Cost Multiplier
1610,Health Centre Infrastructure,Uttar Pradesh,Amethi,4650237.17,1.5520907836149413,0.7104072398190046,0.2874674931433274,0.8571811555825064,Timeline Duration
1611,Street Lighting,Uttar Pradesh,Amethi,202502.46,0.29614046791058674,0.9848484848484849,-1.8183038317289573,0.8680517092634282,Cost Multiplier
1612,Sports Infrastructure,Telangana,Chelvella,2768798.9,1.393285651726002,0.8571428571428571,0.24124807596045894,1.0019726705964875,Timeline Duration
1613,School Infrastructure,Telangana,Chelvella,3212534.18,1.4858602899633022,1.238888888888889,0.26624567621156076,0.5248770093760341,Timeline Duration
1614,Street Lighting,Telangana,Chelvella,972443.06,1.4221049107492463,0.5454545454545454,0.2515262035209139,-0.11357901041336425,Cost Multiplier
1615,Sanitation & Drainage,Telangana,Chelvella,1286570.83,1.1281267085651985,6.741379310344827,0.23491062351314637,-5.581794938682319,Timeline Duration
1616,Rural Roads,Telangana,Chelvella,1709521.13,0.49514829602301624,4.5595854922279795,-0.01817124188536894,-4.383081791449988,Timeline Duration
1617,Street Lighting,Telangana,Chelvella,291053.39,0.42563772855679133,0.6212121212121212,-0.5993874534164096,0.33004726411629526,Cost Multiplier
1618,Sanitation & Drainage,Telangana,Chelvella,2274611.62,1.9944880299631493,1.2241379310344827,-4.050279361259826,0.3717460549446213,Cost Multiplier
1619,Rural Roads,Karnataka,Udupi Chikmagalur,3267843.71,0.9465032144270903,1.38860103626943,0.6411076202616943,-0.20540857134437002,Cost Multiplier
1620,Community Hall Construction,Karnataka,Udupi Chikmagalur,1944598.93,1.0878666627625924,1.5642201834862386,0.35380373967222906,-1.4498528874479977,Timeline Duration
1621,Street Lighting,Karnataka,Udupi Chikmagalur,982154.73,1.4363072987004504,0.7878787878787878,0.37215664746390564,1.006025304945173,Timeline Duration
1622,School Infrastructure,Karnataka,Udupi Chikmagalur,2303542.8,1.065433885204881,0.8944444444444445,0.49560336419246287,0.9943340878232533,Timeline Duration
1623,Irrigation Facilities,Karnataka,Udupi Chikmagalur,2381701.17,0.7276137668795191,2.2752293577981653,0.3634785360945591,-3.295088905052549,Timeline Duration
1624,Irrigation Facilities,Assam,Karimganj,2256634.62,0.6894057226872555,1.0137614678899083,0.4695762156427323,0.9126491595192027,Timeline Duration
1625,Health Centre Infrastructure,Assam,Karimganj,6133512.17,2.0471574593360105,0.9819004524886877,-4.442750399130505,0.7773902807445409,Cost Multiplier
1626,School Infrastructure,Assam,Karimganj,954989.79,0.4417015747615775,1.2777777777777777,-0.2146593037869433,0.45185611108377727,Timeline Duration
1627,Sports Infrastructure,Assam,Karimganj,3203511.16,1.6120369501635243,0.9505494505494505,-0.07320701744008817,1.1040835567115048,Timeline Duration
1628,Community Hall Construction,Assam,Karimganj,576762.74,0.322658285721472,0.6697247706422018,-1.2883570755957492,0.6035352688160563,Cost Multiplier
1629,Drinking Water Supply,Assam,Karimganj,1741120.55,1.1587476220364936,0.7535211267605634,0.22436588414488626,0.8679880182555842,Timeline Duration
1630,Drinking Water Supply,Haryana,Faridabad,1150548.6,0.7657111704800779,2.528169014084507,0.4046997235036261,-3.4855071287197306,Timeline Duration
1631,Health Centre Infrastructure,Haryana,Faridabad,651987.33,0.21761116453480012,0.8416289592760181,-3.0610476858131968,0.858541820774201,Cost Multiplier
1632,Rural Roads,Haryana,Faridabad,5181312.87,1.5007233275570124,1.0829015544041452,0.22931756303126483,0.9076557208061526,Timeline Duration
1633,Street Lighting,Haryana,Faridabad,206161.56,0.30149155147832035,0.6060606060606061,-1.403816937531382,0.34304923990968084,Cost Multiplier
1634,Irrigation Facilities,Haryana,Faridabad,1214335.04,0.37098142446988486,0.7064220183486238,-1.0413034915870962,0.7857180333651846,Cost Multiplier
1635,Street Lighting,Haryana,Faridabad,994100.38,1.4537766686058635,5.742424242424242,0.23624643842015824,-5.1940439618101815,Timeline Duration
1636,Sports Infrastructure,Uttar Pradesh,Banda,2236325.52,1.1253400380954681,0.8241758241758241,0.30509654235134354,0.8614987747704619,Timeline Duration
1637,Drinking Water Supply,Uttar Pradesh,Banda,2082492.42,1.3859368551959383,0.5492957746478874,0.19733419578236466,-0.09401485514046741,Cost Multiplier
1638,Irrigation Facilities,Uttar Pradesh,Banda,3813747.91,1.1651064867739025,1.2155963302752293,0.28777490106958564,0.6043774307179847,Timeline Duration
1639,Irrigation Facilities,Uttar Pradesh,Banda,3099852.05,0.9470100847579039,4.261467889908257,0.4676352150016577,-4.0279308548826345,Timeline Duration
1640,Electrification,Uttar Pradesh,Banda,1113421.06,1.075844906604099,0.631578947368421,0.46619558934122035,0.49755133525252443,Timeline Duration
1641,Community Hall Construction,Uttar Pradesh,Banda,2722409.16,1.522996913077347,0.9678899082568807,0.28115540691941665,1.1558648695706375,Timeline Duration
1642,Irrigation Facilities,Uttar Pradesh,Banda,4738120.3,1.4475038274475536,0.6697247706422018,0.5170781338594622,0.6949757602248978,Timeline Duration
1643,Rural Roads,Andhra Pradesh,Bapatla,2301572.22,0.6666308727678089,0.6062176165803109,0.4405721220105671,0.31840744586951575,Cost Multiplier
1644,Health Centre Infrastructure,Andhra Pradesh,Bapatla,2453016.72,0.8187334331520457,1.330316742081448,0.5431636923020718,0.1241751962894526,Cost Multiplier
1645,Rural Roads,Andhra Pradesh,Bapatla,981319.89,0.28423098308647043,0.9326424870466321,-1.974717795444881,0.7699314510995621,Cost Multiplier
1646,Sanitation & Drainage,Andhra Pradesh,Bapatla,1914494.38,1.6787200464322436,1.0689655172413792,-0.6880200273251482,0.8725602200802851,Timeline Duration
1647,Street Lighting,Andhra Pradesh,Bapatla,1171066.31,1.7125724052820113,0.9393939393939394,-1.0181735374784853,1.119890597840227,Timeline Duration
1648,Health Centre Infrastructure,Andhra Pradesh,Bapatla,4417016.43,1.4742496439334878,3.574660633484163,0.25046861679070814,-3.7804492709483344,Timeline Duration
1649,Electrification,Andhra Pradesh,Bapatla,1517814.6,1.4665908210675824,3.336842105263158,0.2788107021853049,-3.8708448120868995,Timeline Duration
1650,School Infrastructure,Andhra Pradesh,Bapatla,1947627.42,0.9008160165385938,1.0222222222222221,0.5470039784959138,0.9916018461907512,Timeline Duration
1651,Drinking Water Supply,Tripura,Tripura East,1461499.86,0.9726549304019577,0.647887323943662,0.49543474811832844,0.5041162939557942,Timeline Duration
1652,Electrification,Tripura,Tripura East,362604.17,0.35036686786569926,1.305263157894737,-1.2026102316335137,0.15981508775207975,Cost Multiplier
1653,Drinking Water Supply,Tripura,Tripura East,1825069.61,1.2146172593497737,0.7746478873239436,0.10862984639664004,0.9537387127602875,Timeline Duration
1654,Street Lighting,Tripura,Tripura East,165427.17,0.2419214044556505,0.8636363636363636,-2.510247407894201,0.8784685683922798,Cost Multiplier
1655,Rural Roads,Tripura,Tripura East,4876618.44,1.412471170169403,1.0569948186528497,0.34031376958652954,0.9744245986968171,Timeline Duration
1656,Community Hall Construction,Tripura,Tripura East,1720694.38,0.9626077768154216,0.6559633027522935,0.494880505869302,0.4747975810400847,Cost Multiplier
1657,Rural Roads,Tripura,Tripura East,3964468.69,1.1482747314682793,1.1347150259067358,0.23361349638449852,0.7551001198092004,Timeline Duration
1658,Sports Infrastructure,Tripura,Tripura East,660183.71,0.3322106530186211,0.7582417582417582,-1.296967928805154,0.834482491486375,Cost Multiplier
1659,Sports Infrastructure,Rajasthan,Ganganagar,3000316.93,1.5097877022414332,0.7802197802197802,0.3765252266546557,1.018445299597128,Timeline Duration
1660,Sanitation & Drainage,Rajasthan,Ganganagar,1094500.93,0.9597106532272681,10.46551724137931,0.2956787964388073,-7.443471562327116,Timeline Duration
1661,Health Centre Infrastructure,Rajasthan,Ganganagar,4782812.23,1.5963398232318171,1.1764705882352942,-0.12902965081984458,0.6454589919971306,Timeline Duration
1662,Irrigation Facilities,Rajasthan,Ganganagar,3632927.41,1.1098655158278967,1.0871559633027523,0.33308373859888735,0.911569833397242,Timeline Duration
1663,Health Centre Infrastructure,Rajasthan,Ganganagar,3755137.74,1.2533370803232902,1.004524886877828,-0.08934456532064396,0.982807591110441,Timeline Duration
1664,Sports Infrastructure,Rajasthan,Ganganagar,697733.25,0.3511059347636809,2.9175824175824174,-1.211064375806976,-3.386370028399402,Timeline Duration
1665,Electrification,Rajasthan,Ganganagar,826292.33,0.7984063051551524,0.6105263157894737,0.5249110404552407,0.33285315107751834,Cost Multiplier
1666,Street Lighting,Telangana,Nalgonda,234914.37,0.343539784409141,0.5454545454545454,-1.1618808551174669,-0.03400556255722136,Cost Multiplier
1667,School Infrastructure,Telangana,Nalgonda,557860.53,0.2580214753901487,1.0222222222222221,-2.2422071374616634,0.832262691860594,Cost Multiplier
1668,Rural Roads,Telangana,Nalgonda,5361734.12,1.5529808123790003,0.616580310880829,0.270617926856624,0.437746402799841,Timeline Duration
1669,Electrification,Telangana,Nalgonda,1110766.02,1.0732794698942614,1.0105263157894737,0.5362432237964304,0.9640487339117162,Timeline Duration
1670,Rural Roads,Telangana,Nalgonda,5788548.06,1.676603850083056,4.979274611398964,-0.7157900747862393,-4.6911096171723905,Timeline Duration
1671,Drinking Water Supply,Telangana,Nalgonda,867197.24,0.5771356496174893,0.8098591549295775,0.30050566195107203,0.9687893638917648,Timeline Duration
1672,Sports Infrastructure,Uttar Pradesh,Ambedkar Nagar,3177205.58,1.5987997348589635,0.9065934065934066,-0.013686266362970224,1.097477904605072,Timeline Duration
1673,Street Lighting,Uttar Pradesh,Ambedkar Nagar,706436.67,1.0330960226507706,10.469696969696969,0.2552211517553215,-7.44278479521887,Timeline Duration
1674,Health Centre Infrastructure,Uttar Pradesh,Ambedkar Nagar,4520381.3,1.5087493170064112,0.9909502262443439,0.3774529604415375,1.1419006275323758,Timeline Duration
1675,Health Centre Infrastructure,Uttar Pradesh,Ambedkar Nagar,2385925.65,0.7963407190596019,0.6470588235294118,0.5835197785015952,0.5010563720863026,Cost Multiplier
1676,Street Lighting,Uttar Pradesh,Ambedkar Nagar,528111.39,0.7723123666917941,1.1666666666666667,0.6448554758141533,0.7246893550114274,Timeline Duration
1677,Electrification,Andhra Pradesh,Narasaraopet,302722.17,0.2925057881612551,5.978947368421053,-1.4085095201174622,-4.860752162749459,Timeline Duration
1678,Electrification,Andhra Pradesh,Narasaraopet,407660.88,0.39390298704224685,11.010526315789473,-0.6369714148792586,-7.035006342454082,Timeline Duration
1679,Electrification,Andhra Pradesh,Narasaraopet,1778734.33,1.7187049337223372,0.6736842105263158,-1.1179240966900377,0.5841729795112635,Cost Multiplier
1680,Community Hall Construction,Andhra Pradesh,Narasaraopet,920475.22,0.5149413024397081,1.0458715596330275,0.1341390245772737,1.0016598688064762,Timeline Duration
1681,Drinking Water Supply,Andhra Pradesh,Narasaraopet,2264531.39,1.5070871245471749,1.267605633802817,0.2007256778900282,0.35818919079436584,Timeline Duration
1682,Street Lighting,Uttar Pradesh,Sant Kabir Nagar,947523.88,1.385662994808333,1.0,0.2909710508180609,1.059830251272056,Timeline Duration
1683,Electrification,Uttar Pradesh,Sant Kabir Nagar,652425.99,0.6304076718987485,1.0842105263157895,0.20915587148772022,0.8533414337804957,Timeline Duration
1684,School Infrastructure,Uttar Pradesh,Sant Kabir Nagar,3440289.31,1.591201520450204,0.6777777777777778,0.1515657087429221,0.7305967047276842,Timeline Duration
1685,Rural Roads,Uttar Pradesh,Sant Kabir Nagar,1050351.38,0.3042253686752755,3.4248704663212437,-1.327654539336022,-3.6510737307836396,Timeline Duration
1686,Electrification,Uttar Pradesh,Sant Kabir Nagar,433702.11,0.419065367801603,0.6736842105263158,-0.5700985170082922,0.546719336630734,Cost Multiplier
1687,Electrification,Uttar Pradesh,Sant Kabir Nagar,1333031.03,1.2880433966021048,1.3368421052631578,-0.11598556354318762,-0.05302960971958623,Cost Multiplier
1688,Electrification,Bihar,Sheohar,1205729.17,1.1650377677322608,0.7473684210526316,0.298258831632574,0.893271972850546,Timeline Duration
1689,Drinking Water Supply,Bihar,Sheohar,1094961.17,0.7287167174954065,0.8098591549295775,0.5691035283852478,0.9868973832377801,Timeline Duration
1690,Electrification,Bihar,Sheohar,914133.41,0.8832828912946343,1.3473684210526315,0.7380701500800183,0.08256612422738145,Cost Multiplier
1691,Drinking Water Supply,Bihar,Sheohar,2012246.61,1.3391869817908333,1.0492957746478873,0.23882094621513583,1.0417683781562372,Timeline Duration
1692,Health Centre Infrastructure,Bihar,Sheohar,3156633.93,1.053576893154293,1.1538461538461537,0.5239663892060118,0.683435053995566,Timeline Duration
1693,Sanitation & Drainage,Bihar,Sheohar,214489.9,0.18807498138868775,1.2586206896551724,-3.6964378726708405,0.38160998652037537,Cost Multiplier
1694,Community Hall Construction,Bihar,Sheohar,2747109.87,1.5368152272505256,0.9908256880733946,0.2832907723590465,1.144345957133436,Timeline Duration
1695,School Infrastructure,Rajasthan,Jalore,3241396.57,1.4992097134313611,0.9944444444444445,0.3114247337921103,1.1301241952500014,Timeline Duration
1696,Street Lighting,Rajasthan,Jalore,1030876.77,1.5075586194160522,0.8636363636363636,0.32004767704088427,1.0121505548287717,Timeline Duration
1697,Health Centre Infrastructure,Rajasthan,Jalore,1669093.17,0.5570864520339393,0.8959276018099548,-0.033640632171468746,0.9710771372151906,Timeline Duration
1698,Sanitation & Drainage,Rajasthan,Jalore,1923837.99,1.6869129696274765,0.5,-0.6930812030318031,-0.2844937578960796,Cost Multiplier
1699,Electrification,Rajasthan,Jalore,1584090.82,1.5306303262265495,1.0421052631578946,0.33178450019220973,1.0654002237442404,Timeline Duration
1700,School Infrastructure,Rajasthan,Jalore,3831704.52,1.7722387592280482,0.5777777777777777,-1.720696727870379,0.22199415033787928,Cost Multiplier
1701,Irrigation Facilities,Karnataka,Kolar,1595385.32,0.48739293448366866,1.3944954128440368,0.25482648134426156,-0.14132688856326958,Cost Multiplier
1702,Rural Roads,Karnataka,Kolar,1272337.37,0.36852172790745563,1.1813471502590673,-1.0837008220047617,0.6820105931980541,Cost Multiplier
1703,Rural Roads,Karnataka,Kolar,4164581.62,1.2062357443875367,0.9378238341968912,0.3693645308681842,1.12751475979959,Timeline Duration
1704,Electrification,Karnataka,Kolar,396418.17,0.3830397002548324,0.6736842105263158,-0.9686712682712852,0.5731016630404365,Cost Multiplier
1705,Electrification,Karnataka,Kolar,1411918.22,1.364268271994537,1.4,-0.0040073216260058326,-0.6224413026360198,Timeline Duration
1706,Sanitation & Drainage,Karnataka,Kolar,1850902.13,1.622959326532543,0.896551724137931,-0.1262511063860985,1.1229193469173,Timeline Duration
1707,Irrigation Facilities,Karnataka,Kolar,5061351.38,1.5462514733125197,1.0642201834862386,0.19860978118754602,0.9751519022123395,Timeline Duration
1708,Community Hall Construction,Tamil Nadu,Cuddalore,2305956.19,1.290020695883054,1.2293577981651376,-0.04163540757688037,0.5852051596673883,Timeline Duration
1709,School Infrastructure,Tamil Nadu,Cuddalore,886973.01,0.41024247524993585,0.7833333333333333,-0.72512991437768,0.8629832906714414,Timeline Duration
1710,Irrigation Facilities,Tamil Nadu,Cuddalore,4289308.72,1.310391124789332,1.775229357798165,-0.0036139180011153225,-2.462694987300932,Timeline Duration
1711,Community Hall Construction,Tamil Nadu,Cuddalore,2339298.23,1.308673227891028,0.6926605504587156,0.20016740534068567,0.7036669055225765,Timeline Duration
1712,Community Hall Construction,Tamil Nadu,Cuddalore,826461.27,0.46234709369989924,1.055045871559633,-0.11275218791544328,0.9891811236043352,Timeline Duration
1713,School Infrastructure,Tamil Nadu,Cuddalore,4448129.01,2.057347218821739,1.2777777777777777,-4.363601563119518,0.15436521286052593,Cost Multiplier
1714,School Infrastructure,Andhra Pradesh,Tirupati,410389.02,0.18981299936082094,1.3777777777777778,-3.600884783208713,-0.28965000501434884,Cost Multiplier
1715,Sanitation & Drainage,Andhra Pradesh,Tirupati,916190.59,0.8033596368068653,0.9051724137931034,0.5719233059077823,1.0699147328777776,Timeline Duration
1716,Electrification,Andhra Pradesh,Tirupati,388971.21,0.3758440630664318,1.1789473684210525,-1.0112547960587859,0.7320970658092153,Cost Multiplier
1717,Rural Roads,Andhra Pradesh,Tirupati,6092382.88,1.7646070287249367,0.7564766839378239,-1.6742480889475497,0.8652343435085187,Cost Multiplier
1718,Community Hall Construction,Andhra Pradesh,Tirupati,877089.41,0.49066998581610405,3.830275229357798,-0.12251098906740424,-3.803822273698055,Timeline Duration
1719,Irrigation Facilities,Andhra Pradesh,Tirupati,4947030.87,1.5113263626561364,1.114678899082569,0.24234513605204377,0.7635268519392097,Timeline Duration
1720,Rural Roads,Andhra Pradesh,Tirupati,3765705.3,1.0907046013639161,1.160621761658031,0.43480369182805806,0.7617406125456582,Timeline Duration
1721,Sports Infrastructure,Andhra Pradesh,Tirupati,3395936.96,1.7088674228142817,1.2857142857142858,-1.2082893485107946,0.15315968431451513,Cost Multiplier
1722,Health Centre Infrastructure,Telangana,Medak,3447782.22,1.1507522760550861,1.081447963800905,0.17893329539490044,0.9120256873440772,Timeline Duration
1723,Rural Roads,Telangana,Medak,1259990.18,0.3649454690464888,0.8704663212435233,-1.248811426817062,0.7981079329492873,Cost Multiplier
1724,Community Hall Construction,Telangana,Medak,753529.65,0.42154696939906483,1.1330275229357798,-0.551946232006015,0.7203580377480459,Timeline Duration
1725,Community Hall Construction,Telangana,Medak,2098675.09,1.1740614638625164,0.5963302752293578,0.22628369279549412,0.2773759308083273,Timeline Duration
1726,School Infrastructure,Telangana,Medak,3594501.61,1.6625277445322484,3.7444444444444445,-0.6117205730370369,-3.7534492115092397,Timeline Duration
1727,School Infrastructure,Andhra Pradesh,Ongole,1283881.27,0.5938203577714627,0.6611111111111111,0.23569474650544772,0.539895938897847,Timeline Duration
1728,Drinking Water Supply,Andhra Pradesh,Ongole,1122496.51,0.7470419906920076,2.9577464788732395,0.47222304007691185,-3.483578504815274,Timeline Duration
1729,Sports Infrastructure,Andhra Pradesh,Ongole,1704129.9,0.8575341959097378,1.010989010989011,0.5069551348601943,0.9324331461939213,Timeline Duration
1730,School Infrastructure,Andhra Pradesh,Ongole,1971710.09,0.9119547254283124,1.5722222222222222,0.5322757400268401,-1.302786620761209,Timeline Duration
1731,School Infrastructure,Andhra Pradesh,Ongole,3661401.19,1.69347011705425,0.7722222222222223,-0.7627385358701292,0.9338108541957711,Timeline Duration
1732,Irrigation Facilities,Andhra Pradesh,Ongole,1120184.13,0.3422181609911863,0.42660550458715596,-1.2147975033518024,-0.9299695026754424,Cost Multiplier
1733,Sports Infrastructure,Madhya Pradesh,Dewas,1045171.57,0.5259401656338922,1.2692307692307692,0.16274572351666014,0.5839925349229701,Timeline Duration
1734,Community Hall Construction,Madhya Pradesh,Dewas,1462014.91,0.817894763035199,5.243119266055046,0.44706733965228085,-4.757049925704942,Timeline Duration
1735,Community Hall Construction,Madhya Pradesh,Dewas,2852396.59,1.5957157598758414,0.3486238532110092,0.08849425220375937,-1.6469995616376931,Timeline Duration
1736,Street Lighting,Madhya Pradesh,Dewas,381011.25,0.5571924896823355,1.621212121212121,0.27867377551423916,-1.2836030887640681,Timeline Duration
1737,Irrigation Facilities,Madhya Pradesh,Dewas,4645367.86,1.4191677989374505,4.4036697247706424,-0.02560536617755939,-4.485662045654025,Timeline Duration
1738,Health Centre Infrastructure,Madhya Pradesh,Dewas,2000676.84,0.6677577875787923,0.3574660633484163,0.42279030785042304,-1.7009229823294165,Timeline Duration
1739,Sports Infrastructure,Madhya Pradesh,Dewas,4469025.21,2.2488555244278605,1.2582417582417582,-4.992437021224525,0.2847473532090217,Cost Multiplier
1740,Sanitation & Drainage,Chhattisgarh,Bastar,1775561.74,1.556897276771382,6.853448275862069,-0.006452626107831043,-5.866980546808162,Timeline Duration
1741,Street Lighting,Chhattisgarh,Bastar,347715.29,0.5085003346639115,0.7121212121212122,0.11975023153081944,0.7567393300320373,Timeline Duration
1742,Sports Infrastructure,Chhattisgarh,Bastar,3297287.08,1.6592258752289761,6.593406593406593,-0.5254470329677624,-5.613534635797106,Timeline Duration
1743,Drinking Water Supply,Chhattisgarh,Bastar,2325704.7,1.5477990830009425,0.5985915492957746,0.24226366486610856,0.3271588471096582,Timeline Duration
1744,Street Lighting,Chhattisgarh,Bastar,177793.24,0.2600055983761345,11.909090909090908,-1.2374939451898948,-6.799443006710347,Timeline Duration
1745,Sports Infrastructure,Chhattisgarh,Bastar,3480363.8,1.7513518028797919,1.2802197802197801,-1.7137544225543162,0.14906041540845325,Cost Multiplier
1746,Irrigation Facilities,Chhattisgarh,Bastar,4422714.15,1.3511467110346385,1.2477064220183487,0.17125963817390455,0.5307765015022179,Timeline Duration
1747,Community Hall Construction,Chhattisgarh,Bastar,2297841.24,1.285480950725946,3.7339449541284404,-0.11380876787231502,-3.6638954256611096,Timeline Duration
1748,Irrigation Facilities,Uttar Pradesh,Gautam Buddha Nagar,3596270.77,1.0986668498291952,0.9587155963302753,0.35264963759896834,1.09308063472839,Timeline Duration
1749,Community Hall Construction,Uttar Pradesh,Gautam Buddha Nagar,1066592.93,0.5966839091520405,1.128440366972477,0.29180856300129615,0.7670155705849344,Timeline Duration
1750,Drinking Water Supply,Uttar Pradesh,Gautam Buddha Nagar,1425191.43,0.9484910050939837,0.9436619718309859,0.5142486522916268,1.0692863214442536,Timeline Duration
1751,Drinking Water Supply,Uttar Pradesh,Gautam Buddha Nagar,517074.64,0.3441226453362899,1.0070422535211268,-1.2793678124933952,0.8445550504432057,Cost Multiplier
1752,Sports Infrastructure,Uttar Pradesh,Gautam Buddha Nagar,2498661.92,1.2573501822938977,1.978021978021978,-0.24953203161428433,-2.8076655378308506,Timeline Duration
1753,School Infrastructure,Uttar Pradesh,Gautam Buddha Nagar,1567522.65,0.7250100788820382,1.1888888888888889,0.3971127199834189,0.5441262901683428,Timeline Duration
1754,Irrigation Facilities,Rajasthan,Rajsamand,781059.17,0.23861490769620383,0.7844036697247706,-2.531459700824685,0.877938083672002,Cost Multiplier
1755,Community Hall Construction,Rajasthan,Rajsamand,2335631.19,1.3066217763009476,1.0825688073394495,0.18997699473280455,0.9355928032976375,Timeline Duration
1756,Sanitation & Drainage,Rajasthan,Rajsamand,1380961.49,1.2108929442842973,3.6293103448275863,0.14535074426492628,-3.6051646225231733,Timeline Duration
1757,Irrigation Facilities,Rajasthan,Rajsamand,966024.97,0.2951222748575861,1.110091743119266,-1.6503283969115172,0.7830163355664799,Cost Multiplier
1758,Irrigation Facilities,Rajasthan,Rajsamand,5258933.9,1.6066132699382267,0.4541284403669725,-0.03505652494244353,-0.670213543250749,Timeline Duration
1759,Community Hall Construction,Rajasthan,Rajsamand,1503231.59,0.840952603616112,0.4036697247706422,0.25843576034396276,-1.2172349588372482,Timeline Duration
1760,Rural Roads,Uttarakhand,Tehri Garhwal,2431921.04,0.704385302928968,1.0103626943005182,0.557972816208741,0.9393141281788153,Timeline Duration
1761,Sanitation & Drainage,Uttarakhand,Tehri Garhwal,355660.32,0.3118599433572151,1.0517241379310345,-1.3491305426801619,0.9268924041272794,Cost Multiplier
1762,Electrification,Uttarakhand,Tehri Garhwal,1696685.09,1.6394247223845553,0.3157894736842105,-0.36048951944842317,-2.052670320979435,Timeline Duration
1763,Community Hall Construction,Uttarakhand,Tehri Garhwal,650495.31,0.36390648535038433,0.6651376146788991,-1.1104106470363266,0.580520331744803,Cost Multiplier
1764,Electrification,Uttarakhand,Tehri Garhwal,1593659.69,1.5398762623968754,1.2421052631578948,0.1299539488069626,0.5291470582616434,Timeline Duration
1765,Electrification,Uttarakhand,Tehri Garhwal,627658.91,0.6064764406451775,3.8947368421052633,0.23236476328011865,-3.6795773918493855,Timeline Duration
1766,Drinking Water Supply,Uttarakhand,Tehri Garhwal,1546068.33,1.0289367964173606,1.0633802816901408,0.5404782251674581,0.9631480563993202,Timeline Duration
1767,Electrification,Uttarakhand,Tehri Garhwal,1776889.44,1.716922305765089,0.8421052631578947,-1.058165619089961,0.9581327944599916,Cost Multiplier
1768,Irrigation Facilities,West Bengal,Kolkata Dakshin,2717711.66,0.8302655442811034,3.7844036697247705,0.42731855963519844,-3.5264993937706026,Timeline Duration
1769,Rural Roads,West Bengal,Kolkata Dakshin,3933613.11,1.1393376744224843,1.0518134715025906,0.23310852048105526,0.991634935010916,Timeline Duration
1770,Rural Roads,West Bengal,Kolkata Dakshin,1552604.92,0.4496988466793338,0.5854922279792746,-0.2612324344207687,0.2216611083531047,Cost Multiplier
1771,Health Centre Infrastructure,West Bengal,Kolkata Dakshin,4970024.2,1.6588248025128625,0.7828054298642534,-0.3364854236881158,1.0450955283811165,Timeline Duration
1772,Street Lighting,West Bengal,Kolkata Dakshin,1166578.05,1.7060087545663392,1.1818181818181819,-1.0509938278396895,0.5886148823569675,Cost Multiplier
1773,Health Centre Infrastructure,West Bengal,Kolkata Dakshin,3118541.77,1.0408630275378463,0.6425339366515838,0.5372347316637717,0.535442223276203,Cost Multiplier
1774,Drinking Water Supply,West Bengal,Kolkata Dakshin,865249.44,0.5758393530352667,0.9295774647887324,0.18071685007826352,0.942999273626326,Timeline Duration
1775,Drinking Water Supply,West Bengal,Kolkata Dakshin,1595499.28,1.061833999179975,1.267605633802817,0.4450143633335513,0.4563294675445344,Timeline Duration
1776,Community Hall Construction,Tamil Nadu,Kallakurichi,1923274.4,1.0759370844170562,1.0779816513761469,0.5334614400298534,0.9483375568653116,Timeline Duration
1777,Drinking Water Supply,Tamil Nadu,Kallakurichi,3614421.19,2.405463515407255,0.9084507042253521,-6.079037221338672,0.7056749994892384,Cost Multiplier
1778,School Infrastructure,Tamil Nadu,Kallakurichi,3954813.31,1.8291789977304853,0.5555555555555556,-2.435851875670878,0.05308612402153823,Cost Multiplier
1779,Health Centre Infrastructure,Tamil Nadu,Kallakurichi,2421369.02,0.8081705087899297,1.2081447963800904,0.6065251682456095,0.6957746523321295,Timeline Duration
1780,Health Centre Infrastructure,Tamil Nadu,Kallakurichi,4056484.22,1.353916271703072,1.1357466063348416,0.22599257224233998,0.7683572250302338,Timeline Duration
1781,Health Centre Infrastructure,Tamil Nadu,Kallakurichi,1813466.96,0.6052735058685631,1.2081447963800904,0.24823432503046278,0.6569751447728996,Timeline Duration
1782,Irrigation Facilities,Tamil Nadu,Kallakurichi,1522419.29,0.4651016879531293,1.165137614678899,-0.0755266743570723,0.8093977822758771,Timeline Duration
1783,Electrification,Odisha,Kalahandi,1286962.18,1.243529295507584,0.42105263157894735,0.10794067133103498,-1.0270563511201325,Timeline Duration
1784,Electrification,Odisha,Kalahandi,940591.74,0.9088482956060548,0.8210526315789474,0.4173415150549294,0.8329661593925196,Timeline Duration
1785,Irrigation Facilities,Odisha,Kalahandi,2369188.74,0.7237911981879497,1.091743119266055,0.4377619672146596,0.8309874476243255,Timeline Duration
1786,School Infrastructure,Odisha,Kalahandi,436578.3,0.2019260568395526,0.36666666666666664,-3.315493841081619,-1.3467746460042258,Cost Multiplier
1787,Electrification,Odisha,Kalahandi,596341.41,0.576215855433529,0.7368421052631579,0.2736523762180901,0.912256934383867,Timeline Duration
1788,Sports Infrastructure,Odisha,Kalahandi,1499955.37,0.754791651806264,1.0604395604395604,0.5375471310073613,0.9445698141072434,Timeline Duration
1789,Drinking Water Supply,Punjab,Anandpur Sahib,1521829.92,1.0128056905330232,7.669014084507042,0.39165307971004587,-6.068350772643519,Timeline Duration
1790,Health Centre Infrastructure,Punjab,Anandpur Sahib,1432271.31,0.47804338114804124,1.009049773755656,-0.057584681003073894,0.9148343523783048,Timeline Duration
1791,School Infrastructure,Punjab,Anandpur Sahib,1467844.27,0.6789068661810072,0.7944444444444444,0.5205047968491961,0.9695818188348864,Timeline Duration
1792,School Infrastructure,Punjab,Anandpur Sahib,1516098.54,0.7012254158358369,0.8611111111111112,0.5955704174976033,1.061067983196524,Timeline Duration
1793,Sports Infrastructure,Punjab,Anandpur Sahib,2642616.86,1.3297896622420722,0.8791208791208791,0.29451311530901286,0.9479420535213396,Timeline Duration
1794,Irrigation Facilities,Punjab,Anandpur Sahib,4499054.7,1.3744688791768132,0.9908256880733946,0.3146253646611217,1.147987475715111,Timeline Duration
1795,Rural Roads,Punjab,Anandpur Sahib,4162492.4,1.2056306195342292,0.45595854922279794,0.30682946215181145,-0.7409824094739623,Timeline Duration
1796,Sanitation & Drainage,Punjab,Anandpur Sahib,305201.63,0.267615355697621,1.1120689655172413,-2.074490421496306,0.7181315571418735,Cost Multiplier
1797,Street Lighting,Tamil Nadu,Dharamapuri,560385.62,0.819510339366565,1.2575757575757576,0.5285009451244788,0.5085009603162007,Cost Multiplier
1798,Community Hall Construction,Tamil Nadu,Dharamapuri,1800784.91,1.0074128089718404,0.8027522935779816,0.5403827505997721,0.9017331998216986,Timeline Duration
1799,School Infrastructure,Tamil Nadu,Dharamapuri,3560132.98,1.6466315766858908,0.8333333333333334,-0.34883958099103946,0.965236756046848,Timeline Duration
1800,Street Lighting,Tamil Nadu,Dharamapuri,972478.87,1.4221572794471666,0.9848484848484849,0.38260012172204444,1.1771643866667498,Timeline Duration
1801,School Infrastructure,Tamil Nadu,Dharamapuri,3635122.02,1.6813154836812303,0.75,-0.622966830684199,0.9657159280806163,Timeline Duration
1802,Electrification,Tamil Nadu,Dharamapuri,1111999.35,1.074471177008785,0.6526315789473685,0.4661722828965394,0.5283603063166271,Timeline Duration
1803,Community Hall Construction,Tamil Nadu,Dharamapuri,1850459.41,1.0352022064181303,5.0963302752293576,0.4687078725317356,-4.842792214407013,Timeline Duration
1804,Community Hall Construction,Tamil Nadu,Virudhunagar,2154793.49,1.205455771236519,0.8761467889908257,0.3295291610857993,0.9618490852654417,Timeline Duration
1805,Irrigation Facilities,Tamil Nadu,Virudhunagar,2920335.76,0.8921675521898337,0.3853211009174312,0.42609189202311937,-1.518148303189703,Timeline Duration
1806,Electrification,Tamil Nadu,Virudhunagar,1469322.59,1.4197353376896273,9.221052631578948,0.04212218075842919,-6.898216043794951,Timeline Duration
1807,Community Hall Construction,Tamil Nadu,Virudhunagar,2471549.48,1.382658523143495,1.188073394495413,0.23342166443055457,0.6503286460228083,Timeline Duration
1808,Street Lighting,Tamil Nadu,Virudhunagar,563913.07,0.8246688974084337,0.5606060606060606,0.31951057995786497,-0.052092220767311674,Cost Multiplier
1809,School Infrastructure,Tamil Nadu,Virudhunagar,2657923.79,1.229342068295055,0.8611111111111112,0.1443926782124393,0.9963860310789845,Timeline Duration
1810,School Infrastructure,Jharkhand,Hazaribagh,2908800.67,1.3453775632580653,0.65,0.2835411862731991,0.5874690498368793,Timeline Duration
1811,Sports Infrastructure,Jharkhand,Hazaribagh,1374044.14,0.691431936461761,0.7197802197802198,0.46485939388660064,0.8525089400174547,Timeline Duration
1812,Community Hall Construction,Jharkhand,Hazaribagh,1995444.05,1.1163109399648654,0.7981651376146789,0.24106075715661,0.869126088452012,Timeline Duration
1813,School Infrastructure,Jharkhand,Hazaribagh,1193123.32,0.5518430195245978,1.0333333333333334,0.031100282050152434,0.9922252931883283,Timeline Duration
1814,Street Lighting,Jharkhand,Hazaribagh,334954.95,0.48983955860075573,0.9090909090909091,-0.06457263366648404,0.9815952080845545,Timeline Duration
1815,Irrigation Facilities,Chandigarh,Chandigarh,4618979.07,1.4111059786145874,0.981651376146789,0.39129962959292064,1.1683858664854272,Timeline Duration
1816,Irrigation Facilities,Chandigarh,Chandigarh,3576257.52,1.092552767842998,1.0091743119266054,0.41379717700879465,0.9416658710560267,Timeline Duration
1817,Irrigation Facilities,Chandigarh,Chandigarh,3984902.64,1.2173945485102735,0.8990825688073395,0.12924544674661,1.0653617025852204,Timeline Duration
1818,Street Lighting,Chandigarh,Chandigarh,816393.88,1.1938979191785593,13.984848484848484,0.17629382623017884,-8.189539429288901,Timeline Duration
1819,Sports Infrastructure,Chandigarh,Chandigarh,3263845.7,1.6423978582401233,0.9230769230769231,-0.34827346887753924,1.088123497610242,Timeline Duration
1820,Street Lighting,Rajasthan,Jaipur,516754.17,0.7557035193476015,1.0757575757575757,0.5144808535972789,0.8739576977578299,Timeline Duration
1821,Electrification,Rajasthan,Jaipur,693048.17,0.6696589192643722,6.2105263157894735,0.30564705841827955,-5.555355537343538,Timeline Duration
1822,Electrification,Rajasthan,Jaipur,742506.47,0.7174480819233733,1.1368421052631579,0.4703942071003408,0.7032734443818898,Timeline Duration
1823,Community Hall Construction,Rajasthan,Jaipur,2566670.35,1.4358719759586593,1.073394495412844,0.3635580973264961,0.9281531785861252,Timeline Duration
1824,Irrigation Facilities,Rajasthan,Jaipur,2330283.69,0.7119056391019892,0.6834862385321101,0.4964539255424285,0.6912203068136973,Timeline Duration
1825,Community Hall Construction,Rajasthan,Udaipur,660580.85,0.3695486373503129,1.2110091743119267,-1.1185283978791485,0.6349626918774037,Cost Multiplier
1826,Irrigation Facilities,Rajasthan,Udaipur,3881182.14,1.1857077589758722,0.8715596330275229,0.22128582119625606,0.9449425727435138,Timeline Duration
1827,Health Centre Infrastructure,Rajasthan,Udaipur,4531969.79,1.5126171602727827,0.8009049773755657,0.32864864334912813,0.9852117321703071,Timeline Duration
1828,Health Centre Infrastructure,Rajasthan,Udaipur,3900337.04,1.3017996612796376,0.6018099547511312,0.0778692216841715,0.2872192346019979,Timeline Duration
1829,School Infrastructure,Rajasthan,Udaipur,3394869.89,1.5701941447182,0.8888888888888888,0.23784684630818698,1.016601293583157,Timeline Duration
1830,Rural Roads,Rajasthan,Udaipur,3898125.37,1.129058951520295,0.772020725388601,0.26439574647828407,0.8930862179405791,Timeline Duration
1831,Rural Roads,Haryana,Karnal,1805201.28,0.5228612399605543,0.7305699481865285,0.04443938513169064,0.8294671862704487,Timeline Duration
1832,Health Centre Infrastructure,Haryana,Karnal,3824051.26,1.2763380661543986,1.3755656108597285,-0.0941445038858468,-0.4226283538816384,Timeline Duration
1833,Community Hall Construction,Haryana,Karnal,1784218.16,0.9981448747169746,0.8715596330275229,0.6344931203487728,0.960072424564982,Timeline Duration
1834,Drinking Water Supply,Haryana,Karnal,1922501.04,1.2794596608848743,0.8309859154929577,-0.05297619441387232,0.8364329694978094,Timeline Duration
1835,Irrigation Facilities,Haryana,Karnal,2600942.4,0.7945923363259954,0.7385321100917431,0.6356757404679269,0.8833036402898564,Timeline Duration
1836,Irrigation Facilities,Haryana,Karnal,5015893.43,1.5323639921075956,5.720183486238532,0.0441430393691164,-5.127513690343349,Timeline Duration
1837,Sports Infrastructure,Bihar,Sasaram,1694322.73,0.8525991357126835,1.2252747252747254,0.5138314611897957,0.6131966139377069,Timeline Duration
1838,Irrigation Facilities,Bihar,Sasaram,5466128.52,1.6699115794970911,0.3623853211009174,-0.5361177850031051,-1.4859743335339877,Timeline Duration
1839,Street Lighting,Bihar,Sasaram,1095134.71,1.6015297070688659,0.4090909090909091,-0.003444183985754702,-0.9412228329549761,Timeline Duration
1840,Street Lighting,Bihar,Sasaram,627619.59,0.9178335860831054,1.2727272727272727,0.5538843410642268,0.48083722142064644,Cost Multiplier
1841,Irrigation Facilities,Bihar,Sasaram,4497289.32,1.3739295525778454,0.4036697247706422,0.27053229209195845,-1.0736544588607715,Timeline Duration
1842,Sports Infrastructure,West Bengal,Alipurduars,2711519.37,1.3644620534189493,1.1978021978021978,0.15691349087183595,0.6646838305113677,Timeline Duration
1843,Sports Infrastructure,West Bengal,Alipurduars,1979025.0,0.9958639960840244,0.8626373626373627,0.5596511234668528,1.0064528112892772,Timeline Duration
1844,Irrigation Facilities,West Bengal,Alipurduars,3208704.03,0.9802645501785571,1.0642201834862386,0.5863267633657009,0.9622666744705153,Timeline Duration
1845,Sports Infrastructure,West Bengal,Alipurduars,3254662.67,1.6377768711621634,1.2637362637362637,-0.5736434499163976,0.32640454109762895,Cost Multiplier
1846,Health Centre Infrastructure,West Bengal,Alipurduars,2139751.47,0.7141761622909919,0.9276018099547512,0.5819552743156827,1.0216414707016892,Timeline Duration
1847,Street Lighting,West Bengal,Alipurduars,545713.91,0.7980543675998595,1.0454545454545454,0.6554975624852963,1.077818470721058,Timeline Duration
1848,Sports Infrastructure,Delhi,North East Delhi,1112420.05,0.5597802333558143,0.5659340659340659,-0.021983259238300416,-0.02294317244546137,Timeline Duration
1849,Health Centre Infrastructure,Delhi,North East Delhi,3553114.89,1.1859087337461578,0.38461538461538464,0.2866289261595088,-1.3424191738210485,Timeline Duration
1850,Health Centre Infrastructure,Delhi,North East Delhi,3360566.95,1.1216427894184102,0.8597285067873304,0.24911778793908704,0.9496847768118759,Timeline Duration
1851,Drinking Water Supply,Delhi,North East Delhi,1537358.9,1.0231405112021907,1.323943661971831,0.52710379217061,0.08883867984305437,Cost Multiplier
1852,Health Centre Infrastructure,Delhi,North East Delhi,931179.07,0.31079585827708056,0.5429864253393665,-1.2486381815408214,-0.12583853563446903,Cost Multiplier
1853,School Infrastructure,Delhi,North East Delhi,1440310.94,0.6661721591225891,1.0444444444444445,0.4596606486706451,0.9740678762976729,Timeline Duration
1854,Electrification,Delhi,North East Delhi,1077241.5,1.0408863480250314,1.0421052631578946,0.5478547738522362,1.017652483612333,Timeline Duration
1855,Community Hall Construction,Gujarat,Bharuch,795668.93,0.4451209399477468,0.7889908256880734,-0.27560225969069596,0.9798216382649975,Timeline Duration
1856,Electrification,Gujarat,Bharuch,1647684.3,1.5920776295057146,0.8421052631578947,0.10557440820942465,0.998434203117422,Timeline Duration
1857,Drinking Water Supply,Gujarat,Bharuch,1523820.31,1.0141303315404626,0.7887323943661971,0.5028768707150293,0.9312226878183675,Timeline Duration
1858,Irrigation Facilities,Gujarat,Bharuch,3345113.11,1.0219377566183767,0.8532110091743119,0.5071456197843661,0.9802544655028028,Timeline Duration
1859,Drinking Water Supply,Gujarat,Bharuch,628630.11,0.41836485423311975,3.464788732394366,-0.48841668909145913,-3.5802001788142253,Timeline Duration
1860,Street Lighting,Gujarat,Bharuch,256913.64,0.3757116114155455,0.4696969696969697,-0.9777159131466437,-0.510992827350105,Cost Multiplier
1861,Rural Roads,Gujarat,Bharuch,3701382.38,1.072074013139935,0.7098445595854922,0.43005206444711025,0.7001346921644833,Timeline Duration
1862,Irrigation Facilities,Jammu And Kashmir,Anantnag,4353616.09,1.3300371359317857,0.6834862385321101,0.27929940958685173,0.7034198475829466,Timeline Duration
1863,Rural Roads,Jammu And Kashmir,Anantnag,4081321.63,1.1821201944525712,1.0414507772020725,0.20464897036783652,1.018104671017216,Timeline Duration
1864,Health Centre Infrastructure,Jammu And Kashmir,Anantnag,4778653.27,1.594951704035001,0.9909502262443439,0.07601135548478993,1.1057722388974844,Timeline Duration
1865,Irrigation Facilities,Jammu And Kashmir,Anantnag,5031457.1,1.537118719819792,1.0963302752293578,0.18791986028604907,0.836018763090071,Timeline Duration
1866,Sanitation & Drainage,Jammu And Kashmir,Anantnag,1300307.3,1.1401715010686975,1.0948275862068966,0.3046644380486933,0.87128479347617,Timeline Duration
1867,Sanitation & Drainage,Andhra Pradesh,Rajampet,624641.31,0.5477153131819053,1.0948275862068966,-0.014103765814537483,0.865301622170062,Timeline Duration
1868,Health Centre Infrastructure,Andhra Pradesh,Rajampet,2981208.96,0.9950260130165112,0.7737556561085973,0.5342003214064694,0.904311036427468,Timeline Duration
1869,Sanitation & Drainage,Andhra Pradesh,Rajampet,210991.95,0.18500781188024676,0.6637931034482759,-3.712088582590687,0.4945972954720873,Cost Multiplier
1870,School Infrastructure,Andhra Pradesh,Rajampet,1819791.22,0.8416892578624241,4.844444444444444,0.43452258346135963,-4.424235260459867,Timeline Duration
1871,Sports Infrastructure,Andhra Pradesh,Rajampet,1983960.44,0.9983475559182018,1.0604395604395604,0.637502506566333,0.9667551421096034,Timeline Duration
1872,Irrigation Facilities,Bihar,Pataliputra,2258675.26,0.6900291416853849,0.9311926605504587,0.4701360549004083,1.008536032012123,Timeline Duration
1873,Rural Roads,Bihar,Pataliputra,5882991.49,1.703958588561819,1.0,-0.9334990456947982,1.0389919136353851,Timeline Duration
1874,Irrigation Facilities,Bihar,Pataliputra,4788061.5,1.4627609491688667,0.6972477064220184,0.5684975050118306,0.8773658302816997,Timeline Duration
1875,Sports Infrastructure,Bihar,Pataliputra,1190963.23,0.5993039003635311,0.8791208791208791,0.3175881045862314,0.9806544459000787,Timeline Duration
1876,Sports Infrastructure,Bihar,Pataliputra,857247.47,0.43137499076925245,0.33516483516483514,-0.47646548043335024,-1.9723560645479483,Timeline Duration
1877,School Infrastructure,Bihar,Pataliputra,531929.29,0.2460277664903704,0.75,-2.4191496813191926,0.8366520603273188,Cost Multiplier
1878,Rural Roads,Bihar,Pataliputra,5344004.01,1.5478454363952003,0.844559585492228,0.21046044197574149,0.9948830512832515,Timeline Duration
1879,Irrigation Facilities,Gujarat,Anand,3267749.89,0.9983031610481319,0.5,0.635094260785439,-0.28829101636073545,Cost Multiplier
1880,Health Centre Infrastructure,Gujarat,Anand,4239723.66,1.4150753557716298,1.1312217194570136,0.28015994172688474,0.7008106280301732,Timeline Duration
1881,Health Centre Infrastructure,Gujarat,Anand,2397812.29,0.8003080746411988,0.5882352941176471,0.5061777858114286,0.2422200004801412,Cost Multiplier
1882,Irrigation Facilities,Gujarat,Anand,3409720.28,1.0416753571718187,0.8807339449541285,0.4973894736712728,0.9125591884577189,Timeline Duration
1883,Rural Roads,Gujarat,Anand,4623147.47,1.3390554535196757,2.461139896373057,0.18860018568394296,-3.331705583751764,Timeline Duration
1884,School Infrastructure,Gujarat,Anand,3329077.48,1.5397638601134196,0.5833333333333334,0.23839622687217926,0.2785306575425362,Timeline Duration
1885,Electrification,Gujarat,Anand,1141429.13,1.1029077497061603,1.168421052631579,0.3083911537046267,0.7728391098349955,Timeline Duration
1886,School Infrastructure,Gujarat,Anand,2478781.99,1.1464854597802945,0.37222222222222223,0.25140917619691466,-1.4305382330385301,Timeline Duration
1887,Irrigation Facilities,Ladakh,Ladakh,2094445.02,0.639856523446327,0.536697247706422,0.33330459436046406,-0.2063203800051993,Cost Multiplier
1888,Electrification,Ladakh,Ladakh,824603.84,0.7967747989517832,1.063157894736842,0.652675700056982,0.9597687410588445,Timeline Duration
1889,Irrigation Facilities,Ladakh,Ladakh,1306808.37,0.39923218439926467,0.5688073394495413,-0.7794775327082699,0.23285969287515496,Cost Multiplier
1890,Community Hall Construction,Ladakh,Ladakh,1248099.32,0.6982239993542837,1.091743119266055,0.4804290994755606,0.8322304303707273,Timeline Duration
1891,Sanitation & Drainage,Ladakh,Ladakh,1551102.97,1.360081114377359,5.5,-0.08357394295623917,-5.04325159543796,Timeline Duration
1892,Street Lighting,Ladakh,Ladakh,671156.73,0.9815024867527009,1.4393939393939394,0.6165723910505025,-0.7196987117836046,Timeline Duration
1893,School Infrastructure,Ladakh,Ladakh,2697503.16,1.2476483059534402,0.8777777777777778,-0.019038151604710712,0.9330391915987716,Timeline Duration
1894,Electrification,Ladakh,Ladakh,1778410.82,1.7183923416596945,1.0210526315789474,-1.0902670681220572,0.995410400244144,Cost Multiplier
1895,Sports Infrastructure,Uttar Pradesh,Rampur,2231276.58,1.122799363993631,0.9835164835164835,0.35455430350840017,1.1005687679428586,Timeline Duration
1896,Sanitation & Drainage,Uttar Pradesh,Rampur,360974.49,0.31651966124531294,0.896551724137931,-1.459083839835319,0.8453185868200324,Cost Multiplier
1897,Sanitation & Drainage,Uttar Pradesh,Rampur,551285.97,0.48339385000223634,1.1896551724137931,-0.009646901551810166,0.7032316015517557,Timeline Duration
1898,School Infrastructure,Uttar Pradesh,Rampur,3850693.41,1.7810214946078415,1.1055555555555556,-2.0068211259760913,0.758288088408691,Cost Multiplier
1899,School Infrastructure,Uttar Pradesh,Rampur,3004625.0,1.3896982019755466,0.5,0.16537517698684778,-0.3618077705892794,Timeline Duration
1900,Health Centre Infrastructure,Uttar Pradesh,Rampur,2042057.21,0.6815691456991732,0.8959276018099548,0.5225239918224694,1.0555219181289501,Timeline Duration
1901,School Infrastructure,Uttar Pradesh,Rampur,1764812.73,0.8162606241060217,5.355555555555555,0.41128481136303197,-4.870633147656959,Timeline Duration
1902,Sanitation & Drainage,Uttar Pradesh,Rampur,635590.08,0.5573157172754267,0.4224137931034483,-0.10481530930406466,-1.027977724057769,Timeline Duration
1903,Sports Infrastructure,Maharashtra,Madha,2496977.39,1.2565025109520382,0.5274725274725275,-0.061570664532429424,-0.2029735973963277,Timeline Duration
1904,Sanitation & Drainage,Maharashtra,Madha,1621737.03,1.4220164293731115,0.6379310344827587,0.36330940429800324,0.6128173089529627,Timeline Duration
1905,Community Hall Construction,Maharashtra,Madha,2595797.91,1.452166802106495,1.0321100917431192,0.5280377299504508,1.0440411571987764,Timeline Duration
1906,Street Lighting,Maharashtra,Madha,580352.19,0.8487095371559128,1.0454545454545454,0.5101362498757493,1.0612494095862883,Timeline Duration
1907,Street Lighting,Maharashtra,Madha,230370.57,0.336894911758744,0.45454545454545453,-1.2196554047383685,-0.7473231063381129,Cost Multiplier
1908,Irrigation Facilities,Maharashtra,Madha,4886523.47,1.492841248825468,0.5688073394495413,0.32496679722013366,0.21721317024645131,Cost Multiplier
1909,Irrigation Facilities,Maharashtra,Madha,3324942.1,1.0157754786832887,1.128440366972477,0.5059003503222587,0.7387880916769994,Timeline Duration
1910,Irrigation Facilities,Bihar,Darbhanga,4887339.91,1.4930906726370334,0.44495412844036697,0.3257439216836338,-0.7112372572351338,Timeline Duration
1911,Sanitation & Drainage,Bihar,Darbhanga,1629644.47,1.4289500501675272,0.3620689655172414,0.37395425143181676,-1.577923449878859,Timeline Duration
1912,Community Hall Construction,Bihar,Darbhanga,932833.03,0.5218546300757335,3.123853211009174,-0.14159355434222215,-3.674436195706652,Timeline Duration
1913,School Infrastructure,Bihar,Darbhanga,3392169.35,1.568945091813973,1.288888888888889,0.058512237629149005,0.1263640921022514,Timeline Duration
1914,Health Centre Infrastructure,Bihar,Darbhanga,4508370.33,1.5047404643054048,1.0950226244343892,0.2305041303495705,0.8278650126329303,Timeline Duration
1915,Drinking Water Supply,Bihar,Darbhanga,746809.16,0.4970151769589252,0.9014084507042254,0.02933002184510596,0.9648328217052824,Timeline Duration
1916,Irrigation Facilities,West Bengal,Krishnanagar,1767734.54,0.540045914950965,1.0275229357798166,0.04494606648770724,1.0000668436020974,Timeline Duration
1917,Drinking Water Supply,West Bengal,Krishnanagar,1631094.28,1.0855231237534508,7.183098591549296,0.3434866722606098,-5.787250023401224,Timeline Duration
1918,Irrigation Facilities,West Bengal,Krishnanagar,1313038.2,0.4011354080825779,0.8211009174311926,-0.8474499830620695,0.8459157708779599,Cost Multiplier
1919,School Infrastructure,West Bengal,Krishnanagar,3619979.24,1.6743116498787056,1.1277777777777778,-0.7444998773159179,0.6493744419068312,Cost Multiplier
1920,Rural Roads,West Bengal,Krishnanagar,902337.36,0.2613543631612831,1.2642487046632125,-2.0659313730765403,0.45754918484814033,Cost Multiplier
1921,Drinking Water Supply,West Bengal,Krishnanagar,1667045.14,1.1094490796760128,1.3591549295774648,0.24125676262219492,-0.1644073293444665,Cost Multiplier
1922,Drinking Water Supply,West Bengal,Krishnanagar,1592239.76,1.059664728908034,1.1971830985915493,0.5013774521275214,0.6975791391782646,Timeline Duration
1923,Sanitation & Drainage,Lakshadweep,Lakshadweep,340631.52,0.298681974230024,1.2241379310344827,-1.5310739883289455,0.5462927239899489,Cost Multiplier
1924,Street Lighting,Lakshadweep,Lakshadweep,254662.72,0.3724198563325243,1.0303030303030303,-1.1531670655404402,0.9008167791163135,Cost Multiplier
1925,School Infrastructure,Lakshadweep,Lakshadweep,580937.86,0.26869519474194675,0.7444444444444445,-2.027987882442403,0.840684188815276,Cost Multiplier
1926,Drinking Water Supply,Lakshadweep,Lakshadweep,369954.57,0.246211543622889,1.0070422535211268,-2.5453781118480463,0.7092019083177024,Cost Multiplier
1927,Street Lighting,Lakshadweep,Lakshadweep,1156357.99,1.6910628948939466,1.2272727272727273,-0.9176831948015879,0.4465607463796282,Cost Multiplier
1928,Rural Roads,Lakshadweep,Lakshadweep,3373650.69,0.9771493087835499,2.937823834196891,0.5281330186001377,-3.4376271775345413,Timeline Duration
1929,School Infrastructure,Uttar Pradesh,Farrukhabad,3109486.86,1.438198876202051,0.6333333333333333,0.40778543887317215,0.5922374322344757,Timeline Duration
1930,Rural Roads,Uttar Pradesh,Farrukhabad,4206447.08,1.218361719795176,1.2020725388601037,0.06556405610530358,0.6262781653346385,Timeline Duration
1931,Street Lighting,Uttar Pradesh,Farrukhabad,981964.54,1.436029164026966,0.7424242424242424,0.3705653721343355,0.9108959261872527,Timeline Duration
1932,Sports Infrastructure,Uttar Pradesh,Farrukhabad,1270505.96,0.6393305503337096,0.7967032967032966,0.3952484281710408,0.9571504165978622,Timeline Duration
1933,Community Hall Construction,Uttar Pradesh,Farrukhabad,1401364.78,0.7839652706852175,0.8211009174311926,0.6532538169899873,0.8794502883249061,Timeline Duration
1934,Drinking Water Supply,Gujarat,Surat,1583350.29,1.0537486237746676,0.7746478873239436,0.4359732418929917,0.8866251189455636,Timeline Duration
1935,Street Lighting,Gujarat,Surat,823630.44,1.204480695627117,0.6818181818181818,0.3127084693246322,0.7465714753231336,Timeline Duration
1936,Irrigation Facilities,Gujarat,Surat,815710.93,0.24920107943772632,3.197247706422018,-1.9661318537509278,-3.167960436002154,Timeline Duration
1937,Street Lighting,Gujarat,Surat,188908.15,0.27626009053481776,0.6060606060606061,-2.109336159228703,0.2988334495091459,Cost Multiplier
1938,Street Lighting,Gujarat,Surat,717517.23,1.0493002812218089,0.7121212121212122,0.4252181205182838,0.6873434578554222,Timeline Duration
1939,Irrigation Facilities,Gujarat,Surat,3937429.66,1.2028914722058703,0.7798165137614679,0.24559987321528057,0.9478519453697385,Timeline Duration
1940,Health Centre Infrastructure,Rajasthan,Dausa,703996.67,0.23497011082611283,0.5746606334841629,-2.565715199232422,0.18932651052986318,Cost Multiplier
1941,Sports Infrastructure,Rajasthan,Dausa,1374727.76,0.6917759404763657,1.2747252747252746,0.5385523208381844,0.4323721547873046,Cost Multiplier
1942,Electrification,Rajasthan,Dausa,1741019.0,1.6822624348878057,0.8421052631578947,-0.6541491406220556,0.9884834363755707,Timeline Duration
1943,Health Centre Infrastructure,Rajasthan,Dausa,2575808.43,0.859717123752781,0.7194570135746606,0.39792252362750635,0.7605865609633674,Timeline Duration
1944,Health Centre Infrastructure,Rajasthan,Dausa,2499451.22,0.8342316877263964,0.8235294117647058,0.29864329679801055,0.8571558033626502,Timeline Duration
1945,Drinking Water Supply,Rajasthan,Dausa,1090415.16,0.7256912645609418,0.7394366197183099,0.5368863623785104,0.9487561689956354,Timeline Duration
1946,School Infrastructure,Rajasthan,Dausa,3255805.99,1.5058743537992976,1.3166666666666667,0.12037612797389212,-0.041737730746024077,Cost Multiplier
1947,Rural Roads,Rajasthan,Dausa,2111037.35,0.611444063691359,1.1036269430051813,0.19551161082657076,0.8527397655952005,Timeline Duration
1948,School Infrastructure,Tamil Nadu,Thanjavur,3761747.7,1.73988235303096,0.8944444444444445,-1.3305290229552427,1.035210897908731,Cost Multiplier
1949,Irrigation Facilities,Tamil Nadu,Thanjavur,4516752.2,1.3798754955909749,1.036697247706422,0.28395732736534735,1.0738006697011644,Timeline Duration
1950,Health Centre Infrastructure,Tamil Nadu,Thanjavur,2309434.65,0.7708106284880084,0.8280542986425339,0.6596701929677153,0.8856958979938495,Timeline Duration
1951,School Infrastructure,Tamil Nadu,Thanjavur,1964423.33,0.9085844555043694,0.9,0.48556186628116754,1.0628972285645717,Timeline Duration
1952,Rural Roads,Tamil Nadu,Thanjavur,4243194.57,1.229005318600312,1.1917098445595855,0.11021150682998321,0.6289591691387196,Timeline Duration
1953,School Infrastructure,Tamil Nadu,Thanjavur,2689319.1,1.243863017118108,1.2277777777777779,0.03092952140657343,0.5391566826313249,Timeline Duration
1954,Street Lighting,Tamil Nadu,Thanjavur,181469.89,0.2653823471393025,7.303030303030303,-1.518856757171799,-5.270995408342429,Timeline Duration
1955,Street Lighting,Tamil Nadu,Thanjavur,613697.59,0.8974739934428423,1.4393939393939394,0.6209478168486375,-0.6543916707149015,Timeline Duration
1956,Irrigation Facilities,Maharashtra,Pune,1430596.22,0.43704958356207263,0.9541284403669725,-0.47695449326871525,0.9593368854630845,Timeline Duration
1957,Street Lighting,Maharashtra,Pune,297775.33,0.43546792250538285,0.7878787878787878,-0.38545663740995884,0.9564754353051675,Timeline Duration
1958,Sports Infrastructure,Maharashtra,Pune,1182204.55,0.5948964501973022,1.0384615384615385,0.30092626862899113,0.9946108096200538,Timeline Duration
1959,Drinking Water Supply,Maharashtra,Pune,318526.79,0.2119854139148593,0.9084507042253521,-3.5507280242123636,0.698442104514625,Cost Multiplier
1960,Irrigation Facilities,Maharashtra,Pune,1257737.74,0.3842410232967779,0.3302752293577982,-0.7805846068137428,-1.8174698804946057,Timeline Duration
1961,Rural Roads,Odisha,Mayurbhanj,5393521.58,1.562187780563067,0.533678756476684,0.19261918764749342,-0.180113542090877,Cost Multiplier
1962,Rural Roads,Odisha,Mayurbhanj,1464491.5,0.4241775419091726,0.8911917098445595,-0.6984806599758783,0.869486030075812,Timeline Duration
1963,Electrification,Odisha,Mayurbhanj,1389262.55,1.3423771940808469,1.1473684210526316,0.254053702842452,0.765334437135015,Timeline Duration
1964,Drinking Water Supply,Odisha,Mayurbhanj,1395068.68,0.9284437631429885,0.9788732394366197,0.47411486492125404,1.0636316112035167,Timeline Duration
1965,Drinking Water Supply,Odisha,Mayurbhanj,2435419.1,1.6208160260857627,1.1619718309859155,-0.2329968355927242,0.7473077580656422,Timeline Duration
1966,Drinking Water Supply,Odisha,Mayurbhanj,535556.04,0.35642235560155855,0.7676056338028169,-1.2011837193030812,0.8114602993562218,Cost Multiplier
1967,Community Hall Construction,Odisha,Mayurbhanj,1148682.46,0.6426072415529535,0.4908256880733945,0.2611975540645939,-0.40273466694983034,Timeline Duration
1968,Sanitation & Drainage,Odisha,Mayurbhanj,1562352.14,1.3699449235282242,0.8879310344827587,0.2128613432404859,1.020166218216701,Timeline Duration
1969,Street Lighting,Jharkhand,Dumka,1131694.77,1.6549952959572138,6.53030303030303,-0.5402070307396998,-5.545504437504741,Timeline Duration
1970,Irrigation Facilities,Jharkhand,Dumka,2821589.62,0.8620004381138843,0.9587155963302753,0.4885912328161424,1.06661736155993,Timeline Duration
1971,School Infrastructure,Jharkhand,Dumka,1701780.24,0.787106856824234,2.25,0.4695981148551408,-3.272822370377737,Timeline Duration
1972,Community Hall Construction,Jharkhand,Dumka,1088233.7,0.608790401589282,1.0229357798165137,0.17830610220751383,0.9518354645412819,Timeline Duration
1973,Community Hall Construction,Jharkhand,Dumka,2868685.7,1.6048283740307165,0.9770642201834863,-0.051246420546867566,1.1130504068372538,Timeline Duration
1974,Sanitation & Drainage,Jharkhand,Dumka,662200.24,0.5806487756000844,10.474137931034482,0.1408480881030418,-7.3336893111268555,Timeline Duration
1975,Rural Roads,Jharkhand,Dumka,4287019.2,1.241698750981776,1.2227979274611398,0.12332053396588732,0.5295465779042646,Timeline Duration
1976,Street Lighting,Jharkhand,Dumka,395176.81,0.5779082655134808,0.3333333333333333,0.05905339921321226,-2.124775340767031,Timeline Duration
1977,Irrigation Facilities,Uttar Pradesh,Jalaun,3180722.52,0.9717161511810133,1.4220183486238531,0.6132747162127177,-0.510753288069337,Cost Multiplier
1978,Rural Roads,Uttar Pradesh,Jalaun,5963409.2,1.7272508962015456,0.9015544041450777,-1.1433351245379468,1.05227643737441,Cost Multiplier
1979,Community Hall Construction,Uttar Pradesh,Jalaun,1117836.39,0.6253510296356501,1.0688073394495412,0.14524241723148518,0.8751227550046539,Timeline Duration
1980,School Infrastructure,Uttar Pradesh,Jalaun,2188016.54,1.012000716072973,0.6666666666666666,0.5132555944593722,0.5630557530343971,Timeline Duration
1981,Electrification,Uttar Pradesh,Jalaun,942418.81,0.9106137049593764,1.2,0.4387699546591815,0.6893783125667121,Timeline Duration
1982,Rural Roads,Maharashtra,Ratnagiri-Sindhudurg,2051649.68,0.5942429287716184,1.1243523316062176,0.32858688006487297,0.7616704037030263,Timeline Duration
1983,Rural Roads,Maharashtra,Ratnagiri-Sindhudurg,5400055.73,1.564080341691258,0.8808290155440415,0.23281691412575337,0.9401264705838831,Timeline Duration
1984,Electrification,Maharashtra,Ratnagiri-Sindhudurg,1254421.97,1.2120872647736516,1.063157894736842,0.12080637519047834,0.928984269474043,Timeline Duration
1985,School Infrastructure,Maharashtra,Ratnagiri-Sindhudurg,3849535.89,1.7804861188245906,0.8777777777777778,-1.9889304981674831,0.8694052308490627,Cost Multiplier
1986,Irrigation Facilities,Maharashtra,Ratnagiri-Sindhudurg,3236725.74,0.9888252303446191,0.47706422018348627,0.5347162540646283,-0.415783603036882,Cost Multiplier
1987,School Infrastructure,Maharashtra,Ratnagiri-Sindhudurg,2084613.73,0.9641748811896783,1.0722222222222222,0.5990210957062995,0.9309759997093776,Timeline Duration
1988,Community Hall Construction,Maharashtra,Ratnagiri-Sindhudurg,2734393.19,1.5297011370288365,1.4495412844036697,0.09756859101797592,-0.9382477436504215,Timeline Duration
1989,Sanitation & Drainage,Maharashtra,Ratnagiri-Sindhudurg,1707502.28,1.4972194939348749,0.8189655172413793,0.37762198954102844,0.9710935180403559,Timeline Duration
1990,Irrigation Facilities,Uttar Pradesh,Fatehpur,2458414.74,0.7510498932674805,0.7431192660550459,0.6012490451676532,0.939773325487377,Timeline Duration
1991,School Infrastructure,Uttar Pradesh,Fatehpur,3274249.19,1.514404696813376,0.5833333333333334,0.3028620041475083,0.2841702228012472,Cost Multiplier
1992,Street Lighting,Uttar Pradesh,Fatehpur,782588.06,1.1444601427046288,4.0,0.23157041073671908,-3.807978366845537,Timeline Duration
1993,Street Lighting,Uttar Pradesh,Fatehpur,990889.37,1.4490808737801335,1.4696969696969697,0.2605968387830191,-1.08803807084249,Timeline Duration
1994,Rural Roads,Uttar Pradesh,Fatehpur,2473641.13,0.716469173149061,0.7409326424870466,0.6313341663884131,0.9477563451584816,Timeline Duration
1995,School Infrastructure,Maharashtra,Thane,1710323.24,0.7910581624745154,1.1166666666666667,0.661887045900882,0.8216108205577908,Timeline Duration
1996,Electrification,Maharashtra,Thane,462278.0,0.4466768679003877,0.9789473684210527,-0.4186836028030623,0.9508201583096917,Timeline Duration
1997,Electrification,Maharashtra,Thane,1504521.82,1.453746650814858,0.6631578947368421,0.558683633492654,0.6619831396381914,Timeline Duration
1998,Street Lighting,Maharashtra,Thane,650084.73,0.9506867033799365,1.878787878787879,0.5721248779832663,-2.492250706622345,Timeline Duration
1999,School Infrastructure,Maharashtra,Thane,1515489.49,0.7009437182230188,0.65,0.48414115547740855,0.49805443162301793,Timeline Duration
2000,Health Centre Infrastructure,Maharashtra,Thane,3982312.6,1.3291603111790649,0.9547511312217195,0.3912513500725485,1.2165338371958632,Timeline Duration
2001,Irrigation Facilities,Haryana,Kurukshetra,2317408.17,0.707972145796558,0.7660550458715596,0.5906547415153371,0.9665441591082342,Timeline Duration
2002,Community Hall Construction,Haryana,Kurukshetra,1085525.55,0.6072753816757616,0.44495412844036697,0.17617340929171016,-0.7991387492718345,Timeline Duration
2003,Drinking Water Supply,Haryana,Kurukshetra,1977339.91,1.3159559334764925,1.232394366197183,0.23494626781041783,0.5808119337722365,Timeline Duration
2004,Sanitation & Drainage,Haryana,Kurukshetra,1589063.37,1.3933666048527016,0.8706896551724138,0.2637138529911724,0.9757258628304069,Timeline Duration
2005,Sports Infrastructure,Haryana,Kurukshetra,1110722.61,0.5589260655805144,1.2362637362637363,0.15597519364865745,0.688545201522616,Timeline Duration
2006,School Infrastructure,Haryana,Kurukshetra,2132155.98,0.9861641075799507,1.2666666666666666,0.6736954985768047,0.5468608145946461,Cost Multiplier
2007,Health Centre Infrastructure,Uttar Pradesh,Aonla,4213886.96,1.4064519452910362,1.2714932126696832,0.16951733836102906,0.3386982147707754,Timeline Duration
2008,Electrification,Uttar Pradesh,Aonla,517775.4,0.5003013207374576,0.7789473684210526,0.09749051357812241,0.9148982637373768,Timeline Duration
2009,Drinking Water Supply,Uttar Pradesh,Aonla,1287128.74,0.8566077556949334,1.1056338028169015,0.5708583571687721,0.8913901172055797,Timeline Duration
2010,Sports Infrastructure,Uttar Pradesh,Aonla,3336786.2,1.6791022039691397,4.549450549450549,-0.7597145890288534,-4.386307188498074,Timeline Duration
2011,Community Hall Construction,Uttar Pradesh,Aonla,1395336.34,0.7805927814776541,0.7110091743119266,0.6355830814035129,0.7411201986850793,Timeline Duration
2012,Drinking Water Supply,Uttar Pradesh,Aonla,2054128.43,1.367060100244096,1.2605633802816902,0.12303419145847838,0.3979993126499624,Timeline Duration
2013,School Infrastructure,Uttar Pradesh,Aonla,1334949.67,0.6174404979412902,0.6222222222222222,0.15507616765231338,0.32719447021614345,Timeline Duration
2014,Electrification,Uttar Pradesh,Aonla,898086.07,0.8677771229705249,2.663157894736842,0.4198044989598601,-3.4356299533837356,Timeline Duration
2015,Street Lighting,Maharashtra,Ahmednagar,622743.44,0.9107026833641844,1.378787878787879,0.5940543607417561,-0.15047304606328626,Cost Multiplier
2016,Community Hall Construction,Maharashtra,Ahmednagar,1590835.48,0.8899608335338982,0.8577981651376146,0.5819660396254716,1.0273502400200203,Timeline Duration
2017,Street Lighting,Maharashtra,Ahmednagar,937058.13,1.3703578370239031,0.4696969696969697,0.17602850914107476,-0.5812712281155279,Timeline Duration
2018,Rural Roads,Maharashtra,Ahmednagar,1353367.62,0.3919914525629321,0.7150259067357513,-0.8926107639693718,0.7839800474105202,Cost Multiplier
2019,Street Lighting,Maharashtra,Ahmednagar,322600.76,0.4717727380433349,1.4848484848484849,0.06939887555891439,-0.7174686172916928,Timeline Duration
2020,Electrification,Maharashtra,Ahmednagar,1107861.39,1.0704728664417729,0.5578947368421052,0.5125294099719023,0.05964240938342657,Cost Multiplier
2021,Electrification,Maharashtra,Ahmednagar,1577540.73,1.5243012911315077,0.7052631578947368,0.32983747170167244,0.8515192681291824,Timeline Duration
2022,Community Hall Construction,Gujarat,Bhavnagar,2196520.66,1.2287991951550066,0.7981651376146789,0.12662798942900663,0.9222463979765192,Timeline Duration
2023,Drinking Water Supply,Gujarat,Bhavnagar,2327500.53,1.5489942407641895,3.035211267605634,0.08510105076900372,-3.577001605943964,Timeline Duration
2024,Health Centre Infrastructure,Gujarat,Bhavnagar,3166531.1,1.0568802314098062,0.9819004524886877,0.526832778819566,1.086909625026788,Timeline Duration
2025,Rural Roads,Gujarat,Bhavnagar,5287732.6,1.5315468997539408,0.9637305699481865,0.38138905701060755,1.1595194077904343,Timeline Duration
2026,Electrification,Gujarat,Bhavnagar,300392.54,0.29025477939214483,0.8421052631578947,-1.7141624695883275,0.9163453171188259,Cost Multiplier
2027,Electrification,Gujarat,Bhavnagar,589424.93,0.5695327954062389,1.3368421052631578,0.2565126435153087,0.17043396750121936,Cost Multiplier
2028,Community Hall Construction,Gujarat,Bhavnagar,2737019.2,1.5311702053755323,0.944954128440367,0.36162505377458226,1.0945407979889699,Timeline Duration
2029,Street Lighting,Jharkhand,Godda,904452.61,1.322675384429164,0.7121212121212122,0.28135162389769874,0.7802324557623378,Timeline Duration
2030,School Infrastructure,Jharkhand,Godda,2517203.58,1.1642562014003108,0.7666666666666667,0.31219649238688424,0.8475914353049167,Timeline Duration
2031,Street Lighting,Jharkhand,Godda,935592.87,1.3682150345018464,1.0606060606060606,0.22252458110667095,0.9954166383619185,Timeline Duration
2032,Electrification,Jharkhand,Godda,322009.07,0.3111417865940337,11.48421052631579,-0.8264947252827505,-7.1025161501933765,Timeline Duration
2033,Health Centre Infrastructure,Jharkhand,Godda,2985741.15,0.9965387036753818,0.6923076923076923,0.48156743576522393,0.6065199653256813,Timeline Duration
2034,Community Hall Construction,Jharkhand,Godda,516401.35,0.2888903231426736,0.8211009174311926,-1.7036097910130004,0.8763024132819403,Cost Multiplier
2035,Rural Roads,Maharashtra,Nagpur,4014597.24,1.1627940408111272,1.072538860103627,0.32516158145328383,0.9246942225375654,Timeline Duration
2036,Electrification,Maharashtra,Nagpur,1031655.14,0.9968384536762208,0.9789473684210527,0.595439854605211,1.1112608458702284,Timeline Duration
2037,Health Centre Infrastructure,Maharashtra,Nagpur,4339128.29,1.4482532356154774,0.3393665158371041,0.5431738129626267,-1.7850963216792635,Timeline Duration
2038,Rural Roads,Maharashtra,Nagpur,1456893.15,0.42197674427698045,1.0880829015544042,-0.5920427978467397,0.8429187540599583,Timeline Duration
2039,Electrification,Maharashtra,Nagpur,1181772.4,1.1418894998315388,0.7157894736842105,0.3079673903335182,0.7988181664588891,Timeline Duration
2040,Sports Infrastructure,Bihar,Ujjarpur,1426970.02,0.7180647371353571,0.8351648351648352,0.4244999391674937,0.8872004556142826,Timeline Duration
2041,Electrification,Bihar,Ujjarpur,564881.69,0.5458178499160197,2.642105263157895,-0.16935275952615161,-3.547928696363554,Timeline Duration
2042,Rural Roads,Bihar,Ujjarpur,4455551.28,1.2905126385511065,0.8031088082901554,-0.005394480651996504,0.9238122769189657,Timeline Duration
2043,Sanitation & Drainage,Bihar,Ujjarpur,472060.59,0.41392525558817905,1.0,-0.6927816396047666,0.8631944482549266,Timeline Duration
2044,Rural Roads,Bihar,Ujjarpur,3132558.13,0.9073188936029977,1.0362694300518134,0.4685303581447097,1.0174652718165733,Timeline Duration
2045,Health Centre Infrastructure,Bihar,Ujjarpur,868771.45,0.28996632027970065,1.0,-1.8585179501897446,0.8233424423333134,Cost Multiplier
2046,Sanitation & Drainage,Bihar,Ujjarpur,369356.87,0.323869732099432,0.9568965517241379,-1.3890062388077546,0.9665163185071054,Cost Multiplier
2047,Sports Infrastructure,Bihar,Ujjarpur,3251976.19,1.6364250091552661,1.10989010989011,-0.40142391781100184,0.7857096460790427,Timeline Duration
2048,Rural Roads,Rajasthan,Kota,3408935.56,0.9873692721108787,0.5544041450777202,0.5875211695593511,-0.01336704734216595,Cost Multiplier
2049,Health Centre Infrastructure,Rajasthan,Kota,3995307.39,1.3334975294878704,1.090497737556561,0.2930112581684129,0.9043525836936482,Timeline Duration
2050,School Infrastructure,Rajasthan,Kota,3127193.29,1.4463884485894225,0.5888888888888889,0.45532031581860677,0.2676352529695794,Cost Multiplier
2051,Sports Infrastructure,Rajasthan,Kota,2649234.94,1.3331199423523303,3.60989010989011,0.15177471413019816,-3.7553705078391943,Timeline Duration
2052,Irrigation Facilities,Rajasthan,Kota,1524621.95,0.4657746043374105,0.41743119266055045,-0.2930353403058246,-1.1219672211410514,Timeline Duration
2053,Street Lighting,Rajasthan,Kota,656367.77,0.9598750480820253,1.0606060606060606,0.5435144708079285,0.9532124240873232,Timeline Duration
2054,Electrification,Maharashtra,Osmanabad,857274.68,0.8283430511352631,1.0736842105263158,0.4228594766200977,0.9272612983501995,Timeline Duration
2055,Street Lighting,Maharashtra,Osmanabad,326402.78,0.4773328284333747,1.606060606060606,0.1531657138496923,-1.26636618472954,Timeline Duration
2056,Drinking Water Supply,Maharashtra,Osmanabad,499407.28,0.33236469360361826,0.795774647887324,-1.3511642858961026,0.7985508374441354,Cost Multiplier
2057,Electrification,Maharashtra,Osmanabad,1338356.76,1.2931893918596837,1.2105263157894737,-0.006588047980945857,0.6228946358127325,Timeline Duration
2058,Drinking Water Supply,Maharashtra,Osmanabad,877007.64,0.5836646505365968,8.049295774647888,0.15149376996825759,-6.39740814532136,Timeline Duration
2059,Drinking Water Supply,Karnataka,Bangalore Central,1877788.18,1.2497024334490998,1.1126760563380282,-0.018634233473898403,0.759220306955909,Timeline Duration
2060,Irrigation Facilities,Karnataka,Bangalore Central,3672097.38,1.1218320084253948,0.908256880733945,0.30663894787895285,1.0463774152676124,Timeline Duration
2061,Drinking Water Supply,Karnataka,Bangalore Central,1828621.23,1.2169809275227657,8.5,0.05784411808551919,-6.488318527815624,Timeline Duration
2062,Health Centre Infrastructure,Karnataka,Bangalore Central,2361026.42,0.7880302041354548,1.2171945701357465,0.6563915546553148,0.5977509590753586,Cost Multiplier
2063,Irrigation Facilities,Karnataka,Bangalore Central,4123495.48,1.2597348973521605,1.1238532110091743,-0.10146721560265548,0.7139579026326348,Timeline Duration
2064,Rural Roads,Uttar Pradesh,Maharajganj,3112403.05,0.9014811456260494,1.077720207253886,0.5415625189412446,0.9198558880211909,Timeline Duration
2065,Drinking Water Supply,Uttar Pradesh,Maharajganj,1714411.07,1.140971973799023,1.119718309859155,0.3062287574395722,0.8038397179808559,Timeline Duration
2066,Rural Roads,Uttar Pradesh,Maharajganj,2823264.92,0.8177347385928815,0.9689119170984456,0.43687782314166695,1.0197217447558824,Timeline Duration
2067,Irrigation Facilities,Uttar Pradesh,Maharajganj,2437658.79,0.7447089151654027,1.311926605504587,0.5717982783234385,0.14996263341106567,Cost Multiplier
2068,Electrification,Uttar Pradesh,Maharajganj,1760750.97,1.7013284829305515,1.168421052631579,-0.996648174462173,0.6852889412948386,Cost Multiplier
2069,Drinking Water Supply,Uttar Pradesh,Maharajganj,2495611.89,1.6608754305171456,0.6549295774647887,-0.3651541471195074,0.6655119332246481,Timeline Duration
2070,Irrigation Facilities,Uttar Pradesh,Maharajganj,1752124.86,0.5352771311053477,1.128440366972477,0.08834269882785517,0.794887392777548,Timeline Duration
2071,Street Lighting,Uttar Pradesh,Maharajganj,969950.03,1.4184590929615752,1.3484848484848484,0.17254539942191166,-0.19715566248883262,Timeline Duration
2072,Health Centre Infrastructure,Assam,Silchar,3999927.83,1.3350396749910094,1.0723981900452488,0.3003071642312286,0.9499520750293665,Timeline Duration
2073,Sports Infrastructure,Assam,Silchar,1018869.81,0.5127048725892653,0.3021978021978022,-0.024495610625691625,-2.293774636792797,Timeline Duration
2074,Irrigation Facilities,Assam,Silchar,4897105.23,1.4960739945413446,1.1697247706422018,0.25916541602885185,0.7189668606462247,Timeline Duration
2075,Sanitation & Drainage,Assam,Silchar,1604413.77,1.4068265682090595,0.7672413793103449,0.2586147567256236,0.8857530580490267,Timeline Duration
2076,Street Lighting,Assam,Silchar,202406.5,0.2960001355941265,0.36363636363636365,-1.592576123816808,-1.5669123581962168,Cost Multiplier
2077,School Infrastructure,Assam,Silchar,2045331.14,0.9460059101227589,1.0166666666666666,0.48695326379601017,0.9372178347080314,Timeline Duration
2078,Street Lighting,Assam,Silchar,1041533.65,1.523143286534007,0.8333333333333334,0.2865550336408249,0.9335699386935847,Timeline Duration
2079,Irrigation Facilities,Gujarat,Rajkot,7172752.88,2.191288230299991,5.422018348623853,-3.487194952493282,-3.568349804487097,Timeline Duration
2080,Drinking Water Supply,Gujarat,Rajkot,2009556.12,1.3373964114080914,1.0070422535211268,0.31608933303817066,0.9533521381973493,Timeline Duration
2081,School Infrastructure,Gujarat,Rajkot,1708027.33,0.7899962589095456,1.1277777777777778,0.6609568824350883,0.7846791817368619,Timeline Duration
2082,Street Lighting,Gujarat,Rajkot,771747.14,1.1286063346996236,0.9090909090909091,0.30061927056043547,1.0379351742538272,Timeline Duration
2083,Street Lighting,Gujarat,Rajkot,644553.36,0.9425976041167148,1.106060606060606,0.5134492010972396,0.8511701971983053,Timeline Duration
2084,Electrification,West Bengal,Barrackpur,1245678.27,1.2036386504552963,0.9263157894736842,0.3213035724221819,1.071770237577744,Timeline Duration
2085,School Infrastructure,West Bengal,Barrackpur,2208572.9,1.021508437179987,0.8888888888888888,0.48343090862604005,0.9565016684134998,Timeline Duration
2086,Community Hall Construction,West Bengal,Barrackpur,2240938.96,1.2536481174911858,1.2110091743119267,-0.11981272148258049,0.6087961074551602,Timeline Duration
2087,Health Centre Infrastructure,West Bengal,Barrackpur,3112407.49,1.038815613803008,0.8009049773755657,0.4893701850819446,0.871808957754294,Timeline Duration
2088,Rural Roads,West Bengal,Barrackpur,3634338.23,1.0526552437265313,1.2020725388601037,0.5659988623156809,0.7235212662730501,Timeline Duration
2089,Community Hall Construction,West Bengal,Barrackpur,1944701.09,1.0879238141147571,0.8027522935779816,0.29863434948691253,0.8459392782251164,Timeline Duration
2090,Electrification,West Bengal,Barrackpur,1515421.69,1.4642786678957516,1.4631578947368422,0.2899301402124561,-0.9784167603467352,Timeline Duration
2091,School Infrastructure,West Bengal,Barrackpur,2069142.0,0.9570189015374918,1.011111111111111,0.4742725954163321,0.9049024289365788,Timeline Duration
2092,Community Hall Construction,Karnataka,Bagalkot,575517.56,0.32196169487682996,3.532110091743119,-1.230139903856231,-3.6019971993233737,Timeline Duration
2093,Rural Roads,Karnataka,Bagalkot,2267840.31,0.6568607111330698,1.4145077720207253,0.4566276607730705,-0.5609683154565183,Timeline Duration
2094,School Infrastructure,Karnataka,Bagalkot,407170.33,0.18832429188294378,0.8611111111111112,-3.807799728369543,0.8104461928051571,Cost Multiplier
2095,Community Hall Construction,Karnataka,Bagalkot,2457025.0,1.3745330956621777,0.7431192660550459,0.2614013147663629,0.921172405695627,Timeline Duration
2096,Health Centre Infrastructure,Karnataka,Bagalkot,3518624.19,1.1743969128145755,0.35294117647058826,0.3223770320484695,-1.6168957200886482,Timeline Duration
2097,Health Centre Infrastructure,Karnataka,Bagalkot,4482931.12,1.4962497224485878,4.343891402714932,-0.014676615941159269,-4.43062321014955,Timeline Duration
2098,Drinking Water Supply,Karnataka,Bagalkot,551762.82,0.3672082645875093,0.704225352112676,-1.0981598327272546,0.7653876017253555,Cost Multiplier
2099,Irrigation Facilities,The Dadra And Nagar Haveli And Daman And Diu,Daman And Diu,3774985.05,1.1532643669752949,0.7339449541284404,0.18226827854930333,0.8472996514422566,Timeline Duration
2100,Community Hall Construction,The Dadra And Nagar Haveli And Daman And Diu,Daman And Diu,2128204.97,1.1905813598224406,0.5688073394495413,0.38489572685715373,0.2105578692696775,Cost Multiplier
2101,Community Hall Construction,The Dadra And Nagar Haveli And Daman And Diu,Daman And Diu,1790850.35,1.001855119688727,2.55045871559633,0.542387647514419,-3.374971338550138,Timeline Duration
2102,Rural Roads,The Dadra And Nagar Haveli And Daman And Diu,Daman And Diu,2978531.53,0.862706395287625,1.9896373056994818,0.5150476105959453,-2.6430980755866353,Timeline Duration
2103,Sports Infrastructure,The Dadra And Nagar Haveli And Daman And Diu,Daman And Diu,1718433.53,0.8647319170756187,0.4340659340659341,0.46699617628962314,-0.8818574426782031,Timeline Duration
2104,Community Hall Construction,West Bengal,Baharampur,2985663.5,1.670269245636724,0.591743119266055,-0.5270186118190364,0.4075188902557259,Cost Multiplier
2105,Street Lighting,West Bengal,Baharampur,811724.77,1.1870697926455482,0.8939393939393939,0.24692189390229996,1.0377165504822838,Timeline Duration
2106,Community Hall Construction,West Bengal,Baharampur,527380.06,0.29503214109026366,1.1559633027522935,-1.6225374668683867,0.6585044890921263,Cost Multiplier
2107,Drinking Water Supply,West Bengal,Baharampur,1588247.13,1.0570075605010725,0.7676056338028169,0.43364481289056545,0.8141803473835943,Timeline Duration
2108,Drinking Water Supply,West Bengal,Baharampur,849836.29,0.5655816193530172,0.9929577464788732,0.07916990441139979,1.0481669228992783,Timeline Duration
2109,Drinking Water Supply,Assam,Barpeta,1074247.27,0.7149312375824265,0.7605633802816901,0.6522545653380734,0.9934310272873736,Timeline Duration
2110,Drinking Water Supply,Assam,Barpeta,2435974.05,1.6211853554770266,1.1830985915492958,-0.233210476246811,0.6479808942872881,Timeline Duration
2111,Sports Infrastructure,Assam,Barpeta,1246309.05,0.627154437608764,3.758241758241758,0.24452988903223608,-3.5653314060365426,Timeline Duration
2112,Street Lighting,Assam,Barpeta,190362.39,0.27838677736150763,0.7878787878787878,-2.111117278654189,0.8852879431096733,Cost Multiplier
2113,Sanitation & Drainage,Assam,Barpeta,1246658.28,1.0931294797985989,2.2241379310344827,0.3313768539548685,-3.078828665088411,Timeline Duration
2114,Health Centre Infrastructure,Assam,Barpeta,1418379.12,0.4734066412840339,1.334841628959276,0.09350654773505643,0.22467642426421355,Timeline Duration
2115,Street Lighting,Assam,Barpeta,568062.9,0.8307376266374485,1.0,0.37827385222612353,1.0310284901309896,Timeline Duration
2116,Sanitation & Drainage,Maharashtra,Mumbai North,1552692.15,1.361474583248962,0.33620689655172414,0.24537705914496197,-1.735989513842511,Timeline Duration
2117,Street Lighting,Maharashtra,Mumbai North,162975.17,0.2383355891163368,0.5,-2.45675485169614,-0.30833491323777906,Cost Multiplier
2118,Sanitation & Drainage,Maharashtra,Mumbai North,560255.72,0.4912589549060625,7.431034482758621,-0.1509438165038033,-6.069140249446483,Timeline Duration
2119,Drinking Water Supply,Maharashtra,Mumbai North,309721.86,0.20612557170020177,0.8732394366197183,-3.583408545027279,0.7359450106447744,Cost Multiplier
2120,Electrification,Maharashtra,Mumbai North,1372783.88,1.326454652444074,11.715789473684211,0.10888690111438175,-7.801452961329586,Timeline Duration
2121,Electrification,Maharashtra,Mumbai North,359611.29,0.3474749927074574,1.0210526315789474,-1.282171016218211,0.9028925905172972,Cost Multiplier
2122,Community Hall Construction,Andhra Pradesh,Nellore,582930.04,0.32610845735622435,0.9311926605504587,-1.3884612401408967,0.837446476208404,Cost Multiplier
2123,Drinking Water Supply,Andhra Pradesh,Nellore,1024914.35,0.6820992755806474,1.2394366197183098,0.49166172094867905,0.6030332207861706,Timeline Duration
2124,Street Lighting,Andhra Pradesh,Nellore,599512.5,0.876729656855752,1.106060606060606,0.6722837464839299,0.8880889129358317,Timeline Duration
2125,Sanitation & Drainage,Andhra Pradesh,Nellore,924136.83,0.8103272792931084,0.8879310344827587,0.6294505718357161,1.070639222838875,Timeline Duration
2126,Electrification,Andhra Pradesh,Nellore,883161.33,0.8533560687186945,0.7578947368421053,0.4441666038636943,0.8669884265035799,Timeline Duration
2127,Health Centre Infrastructure,Andhra Pradesh,Nellore,1690798.78,0.564331045374485,1.1040723981900453,0.10284181018887215,0.8580499750258239,Timeline Duration
2128,Sports Infrastructure,Andhra Pradesh,Nellore,2481428.46,1.2486781431120004,0.8131868131868132,-0.03086155485662275,0.9133909758218529,Timeline Duration
2129,Rural Roads,Andhra Pradesh,Nellore,3380911.08,0.9792522191681454,1.0310880829015545,0.5662810268774348,0.9886183940337336,Timeline Duration
2130,Electrification,Gujarat,Bardoli,1403526.81,1.3561600584605422,1.0105263157894737,0.1504823370489484,0.9664696216387106,Timeline Duration
2131,Health Centre Infrastructure,Gujarat,Bardoli,3819754.57,1.2749039773745676,1.0769230769230769,0.004333640771120523,0.8962417387159354,Timeline Duration
2132,Sports Infrastructure,Gujarat,Bardoli,1793755.74,0.902634761680654,0.8516483516483516,0.4989469296582632,1.031189993317203,Timeline Duration
2133,Sports Infrastructure,Gujarat,Bardoli,1740616.56,0.8758946264406099,0.6153846153846154,0.5403406853578433,0.3023333439351885,Cost Multiplier
2134,Sports Infrastructure,Gujarat,Bardoli,2585229.56,1.30091183305726,0.31868131868131866,0.12449004184521613,-2.0163503589475518,Timeline Duration
2135,Health Centre Infrastructure,Gujarat,Bardoli,762973.38,0.25465452791981796,0.7104072398190046,-2.2290838664411248,0.7082511924613851,Cost Multiplier
2136,Rural Roads,Gujarat,Bardoli,2468996.92,0.7151240171123684,1.3419689119170986,0.6061706343468958,0.037597792187519255,Cost Multiplier
2137,Street Lighting,Assam,Lakhimpur,199235.56,0.29136293930862756,0.9696969696969697,-1.8909479716661848,0.8637158250928981,Cost Multiplier
2138,Sanitation & Drainage,Assam,Lakhimpur,1807019.21,1.5844806878540725,0.5258620689655172,0.07307420853862477,-0.18241664066892865,Timeline Duration
2139,Rural Roads,Assam,Lakhimpur,4982213.9,1.4430559995518666,0.5284974093264249,0.39299243504216724,-0.258385430413335,Cost Multiplier
2140,Irrigation Facilities,Assam,Lakhimpur,3362478.06,1.02724277844073,1.1422018348623852,0.5218569614318505,0.7327430322121635,Timeline Duration
2141,Electrification,Assam,Lakhimpur,1331612.5,1.2866727396869524,0.8105263157894737,-0.016375024306188597,0.9627233583674785,Timeline Duration
2142,Street Lighting,Bihar,Araria,288758.71,0.42228197866167866,0.42424242424242425,-0.6153356146804709,-0.9702735699453313,Timeline Duration
2143,Sports Infrastructure,Bihar,Araria,627714.49,0.3158718360865807,0.5824175824175825,-1.2838717230066432,0.24942232936738917,Cost Multiplier
2144,Irrigation Facilities,Bihar,Araria,4727659.26,1.4443079618974362,1.0045871559633028,0.5098691329077215,1.030115366722407,Timeline Duration
2145,Rural Roads,Bihar,Araria,1300492.25,0.37667655010420287,1.2487046632124352,-1.0433952814364333,0.5324142577866647,Cost Multiplier
2146,Rural Roads,Bihar,Araria,1379479.59,0.39955456320509425,1.2279792746113989,-0.8470106411226159,0.583130039860831,Cost Multiplier
2147,Sanitation & Drainage,Bihar,Araria,606602.52,0.5318980411633886,1.0517241379310345,0.018505024831354962,0.9890492492934293,Timeline Duration
2148,Drinking Water Supply,Bihar,Araria,2199795.06,1.4640039110115757,6.823943661971831,0.1752369091994819,-5.879539590026748,Timeline Duration
2149,Electrification,Odisha,Bargarh,1137057.15,1.0986833169342718,3.473684210526316,0.3345897400341551,-3.607622871780006,Timeline Duration
2150,Street Lighting,Odisha,Bargarh,338792.08,0.49545099400570713,7.287878787878788,-0.11095559019953499,-5.997054552174861,Timeline Duration
2151,Irrigation Facilities,Odisha,Bargarh,2145792.95,0.6555434035803138,0.9311926605504587,0.3399591884765077,0.9571957530833369,Timeline Duration
2152,Irrigation Facilities,Odisha,Bargarh,2626166.89,0.8022984610143898,1.0137614678899083,0.5788882236296287,0.9703670822755084,Timeline Duration
2153,Sanitation & Drainage,Odisha,Bargarh,279230.23,0.2448423926273871,0.45689655172413796,-2.4349124361220214,-0.7963870681333329,Cost Multiplier
2154,Electrification,Assam,Nowgong,317892.69,0.30716432773705193,0.7052631578947368,-1.3557637960055504,0.747561798962253,Cost Multiplier
2155,Drinking Water Supply,Assam,Nowgong,1638282.1,1.0903067496388765,1.2394366197183098,0.451979501824421,0.6565854472228448,Timeline Duration
2156,School Infrastructure,Assam,Nowgong,3486885.21,1.6127530413386448,4.822222222222222,-0.32186364165370973,-4.632317024395652,Timeline Duration
2157,Sports Infrastructure,Assam,Nowgong,1546450.64,0.7781885090370748,1.3241758241758241,0.7494743640221763,0.15487802203132475,Cost Multiplier
2158,Sanitation & Drainage,Assam,Nowgong,714493.97,0.6265024139135671,0.5948275862068966,0.13808962940280248,0.23942904777941731,Timeline Duration
2159,Irrigation Facilities,Assam,Nowgong,1279722.95,0.39095754242404407,1.3623853211009174,-0.8934712514984314,-0.20898291805143576,Cost Multiplier
2160,Street Lighting,Karnataka,Dharwad,314745.28,0.46028485032650296,0.8484848484848485,-0.1295061264307973,0.9659995339104475,Timeline Duration
2161,Street Lighting,Karnataka,Dharwad,548880.48,0.802685173178575,0.8484848484848485,0.5970299420653256,1.0477824539467162,Timeline Duration
2162,Sports Infrastructure,Karnataka,Dharwad,531455.01,0.2674331602670381,1.0054945054945055,-2.2533687248844156,0.7659587052086361,Cost Multiplier
2163,Rural Roads,Karnataka,Dharwad,2703056.89,0.7829175022462423,1.0880829015544042,0.6979273166575167,0.9193300515427539,Timeline Duration
2164,Rural Roads,Karnataka,Dharwad,3000434.31,0.8690503497464782,0.7823834196891192,0.48051050604340856,0.9278866716821658,Timeline Duration
2165,Community Hall Construction,Karnataka,Dharwad,1139150.15,0.63727458292184,0.7981651376146789,0.3935963244304226,0.9724634862513848,Timeline Duration
2166,Street Lighting,Karnataka,Dharwad,1167060.63,1.7067144816325892,1.5757575757575757,-1.1340369099189906,-1.5089272690801991,Timeline Duration
2167,Drinking Water Supply,Karnataka,Dharwad,1002499.39,0.6671817090755349,3.1267605633802815,0.3831120542799915,-3.5530549860287826,Timeline Duration
2168,Street Lighting,Maharashtra,Solapur,759773.28,1.1110957103689567,0.7424242424242424,0.21998242658818598,0.7971139931859451,Timeline Duration
2169,Health Centre Infrastructure,Maharashtra,Solapur,3359685.59,1.1213486214688972,1.257918552036199,0.2685419142282642,0.4278547133996498,Timeline Duration
2170,School Infrastructure,Maharashtra,Solapur,3977753.11,1.839789106750306,0.7833333333333333,-2.7371552972935858,0.8790962172042164,Cost Multiplier
2171,Rural Roads,Maharashtra,Solapur,3731042.14,1.080664711065062,0.7772020725388601,0.2869627039381972,0.8244705498580178,Timeline Duration
2172,School Infrastructure,Maharashtra,Solapur,3230082.33,1.4939766547352777,0.7611111111111111,0.3315386156315792,0.9530457510933972,Timeline Duration
2173,Sanitation & Drainage,Maharashtra,Solapur,632131.52,0.5542830867989724,3.810344827586207,-0.02538042748672609,-3.6866442961990122,Timeline Duration
2174,Community Hall Construction,Maharashtra,Solapur,1598240.14,0.894103221271966,1.0504587155963303,0.5705669614080362,1.0349137200884975,Timeline Duration
2175,School Infrastructure,West Bengal,Howrah,2869637.87,1.3272639974239504,0.5944444444444444,0.2926045804119424,0.2805963761373543,Cost Multiplier
2176,Irrigation Facilities,West Bengal,Howrah,2038721.43,0.6228328717243312,3.738532110091743,0.19934926208909756,-3.581196948442661,Timeline Duration
2177,Sports Infrastructure,West Bengal,Howrah,1494198.27,0.7518946249309817,0.8956043956043956,0.6363424184076227,1.1049302187385641,Timeline Duration
2178,Sports Infrastructure,West Bengal,Howrah,1470822.37,0.7401316521610266,1.0494505494505495,0.5567680246612029,0.9863720329289376,Timeline Duration
2179,School Infrastructure,West Bengal,Howrah,1168398.72,0.5404074053748904,0.45,-0.15836260363445262,-0.8751919256997327,Timeline Duration
2180,Sports Infrastructure,West Bengal,Howrah,1902318.25,0.957264437927044,4.576923076923077,0.5086487990946648,-4.300866504860486,Timeline Duration
2181,Health Centre Infrastructure,Odisha,Balasore,3812498.33,1.2724820916048794,0.8009049773755657,0.001964408449457916,0.913326549782128,Timeline Duration
2182,Sanitation & Drainage,Odisha,Balasore,1305852.81,1.1450340689100775,0.49137931034482757,0.1567729172049602,-0.4140778089206881,Timeline Duration
2183,Health Centre Infrastructure,Odisha,Balasore,3802868.14,1.2692678621802196,0.9547511312217195,0.04571179375247156,1.144867517333516,Timeline Duration
2184,Irrigation Facilities,Odisha,Balasore,1501621.49,0.4587479246047211,1.31651376146789,0.07892160753627406,0.2952511301164092,Timeline Duration
2185,Drinking Water Supply,Odisha,Balasore,839242.58,0.558531311279263,0.9014084507042254,0.012119814755362127,0.9757210703232603,Timeline Duration
2186,Rural Roads,Odisha,Balasore,2270167.42,0.6575347388072162,1.2953367875647668,0.4995744154355471,0.24101608165570274,Cost Multiplier
2187,Electrification,Odisha,Balasore,1333423.37,1.2884224957639772,1.0526315789473684,-0.01819090701462615,1.000304211316264,Timeline Duration
2188,Electrification,Odisha,Balasore,1666536.96,1.6102940428336059,1.2210526315789474,-0.24085372078761694,0.4655611511714511,Timeline Duration
2189,Community Hall Construction,Maharashtra,Buldhana,2558865.14,1.431505508599315,1.165137614678899,0.3167140262848891,0.738875313581901,Timeline Duration
2190,Rural Roads,Maharashtra,Buldhana,1479963.93,0.4286590000294565,0.44041450777202074,-0.5305733347798947,-0.8082070396299958,Timeline Duration
2191,Electrification,Maharashtra,Buldhana,696890.79,0.6733718570769684,1.105263157894737,0.43132588838210184,0.797775302194078,Timeline Duration
2192,Street Lighting,Maharashtra,Buldhana,928378.13,1.3576641677150765,1.2878787878787878,0.018488779136977017,0.13970013880057497,Timeline Duration
2193,Health Centre Infrastructure,Maharashtra,Buldhana,1359549.98,0.45377147803020074,0.9276018099547512,-0.25621694018411856,0.9099764929921164,Timeline Duration
2194,Irrigation Facilities,Maharashtra,Buldhana,4416885.97,1.3493661921109097,4.408256880733945,-0.005885604947947609,-4.44772432023057,Timeline Duration
2195,Irrigation Facilities,West Bengal,Joynagar,9093974.44,2.7782246914689406,0.9724770642201835,-7.246392065033834,0.6550947783534822,Cost Multiplier
2196,Health Centre Infrastructure,West Bengal,Joynagar,3132352.02,1.045472418620671,1.1990950226244343,0.5662431921298667,0.7322580716155234,Timeline Duration
2197,Sanitation & Drainage,West Bengal,Joynagar,1127565.01,0.9887028166374525,0.3706896551724138,0.49419391142181435,-1.5685209012706087,Timeline Duration
2198,Electrification,West Bengal,Joynagar,1580024.09,1.526700841762663,0.8421052631578947,0.29855637795657575,0.9851743912439007,Timeline Duration
2199,Community Hall Construction,West Bengal,Joynagar,1542952.09,0.8631734364632542,1.0963302752293578,0.5607528137269658,0.9027900614398899,Timeline Duration
2200,Sports Infrastructure,West Bengal,Joynagar,2553151.46,1.284769831388366,1.0934065934065933,-0.07279738515778686,0.8273402436893398,Timeline Duration
2201,Sanitation & Drainage,West Bengal,Joynagar,1799241.48,1.577660802978392,9.017241379310345,-0.08021003560800065,-6.672172568798946,Timeline Duration
2202,Street Lighting,Delhi,Chandini Chowk,699963.64,1.0236298357560571,1.0757575757575757,0.5573803159972981,0.9291795606894345,Timeline Duration
2203,Sanitation & Drainage,Delhi,Chandini Chowk,328324.01,0.28789016205522655,0.853448275862069,-1.765456026044053,0.9225706712047769,Cost Multiplier
2204,Rural Roads,Delhi,Chandini Chowk,4803169.19,1.3911972178657726,1.4663212435233162,0.05896478026430517,-1.0443616945203462,Timeline Duration
2205,Irrigation Facilities,Delhi,Chandini Chowk,5490935.44,1.6774901358387666,1.1559633027522935,-0.7165128035962863,0.5877904581311262,Cost Multiplier
2206,Drinking Water Supply,Delhi,Chandini Chowk,2408329.26,1.6027872413003843,1.1690140845070423,-0.17382986849796245,0.6917302779315614,Timeline Duration
2207,Drinking Water Supply,Uttar Pradesh,Phulpur,681388.64,0.4534766224444829,0.6408450704225352,-0.19097918214052492,0.5049560284738415,Timeline Duration
2208,Health Centre Infrastructure,Uttar Pradesh,Phulpur,3885513.36,1.2968520217795092,1.090497737556561,-0.054885356871664175,0.8326048476535577,Timeline Duration
2209,Sports Infrastructure,Uttar Pradesh,Phulpur,2289129.94,1.1519117189545272,1.2802197802197801,0.14474716008510022,0.2685690722500301,Timeline Duration
2210,School Infrastructure,Uttar Pradesh,Phulpur,1705282.76,0.7887268412636843,1.1222222222222222,0.6591596039367195,0.7749470941377627,Timeline Duration
2211,Sanitation & Drainage,Uttar Pradesh,Phulpur,1556319.82,1.3646554974446157,1.0775862068965518,0.207315927298946,0.9355417062135318,Timeline Duration
2212,School Infrastructure,Uttar Pradesh,Phulpur,2462933.87,1.1391553923446935,0.5722222222222222,0.2854425325030321,0.23791000045607397,Cost Multiplier
2213,Street Lighting,Uttar Pradesh,Phulpur,151144.25,0.2210340008560622,1.5303030303030303,-2.6586459544457277,-0.9540799430089143,Cost Multiplier
2214,Sanitation & Drainage,Uttar Pradesh,Phulpur,1840425.63,1.6137730313152923,1.1896551724137931,-0.26901364525281996,0.5795215504824619,Timeline Duration
2215,Community Hall Construction,Uttar Pradesh,Machhlishahr,4056218.88,2.269169867547042,0.30275229357798167,-4.526209156911086,-1.5835168534674213,Cost Multiplier
2216,Sanitation & Drainage,Uttar Pradesh,Machhlishahr,1297392.44,1.1376156127016899,0.7413793103448276,0.22510430962287034,0.8712376112518792,Timeline Duration
2217,Drinking Water Supply,Uttar Pradesh,Machhlishahr,1401892.56,0.9329851802913086,1.028169014084507,0.4413933917442044,0.9960423614757138,Timeline Duration
2218,Community Hall Construction,Uttar Pradesh,Machhlishahr,1111731.42,0.6219357272626483,4.155963302752293,0.24967268915839594,-3.904548129947211,Timeline Duration
2219,Community Hall Construction,Uttar Pradesh,Machhlishahr,1648116.54,0.9220055676023798,2.9862385321100917,0.389288066545691,-3.363034572144612,Timeline Duration
2220,Street Lighting,Uttar Pradesh,Machhlishahr,572997.88,0.8379545626012358,1.1515151515151516,0.36059958088649713,0.67651768658204,Timeline Duration
2221,Sports Infrastructure,Uttar Pradesh,Machhlishahr,2122647.1,1.0681359878132746,0.8846153846153846,0.46636914631863674,1.0150565898729031,Timeline Duration
2222,Street Lighting,Kerala,Wayanad,1124243.6,1.6440986729222082,0.5909090909090909,-0.3070577428734629,0.39449176164224525,Timeline Duration
2223,Electrification,Kerala,Wayanad,1029009.71,0.9942823026444828,12.578947368421053,0.30576770925454594,-7.99462881962175,Timeline Duration
2224,Street Lighting,Kerala,Wayanad,482176.33,0.7051367375073345,0.9696969696969697,0.5151579064949475,1.0339361155280757,Timeline Duration
2225,Sports Infrastructure,Kerala,Wayanad,2242774.9,1.128585426778817,1.2252747252747254,0.2889420694769064,0.5617313637366966,Timeline Duration
2226,Electrification,Kerala,Wayanad,1063488.54,1.0275975281003122,1.4105263157894736,0.5237867664166742,-0.5637632163207166,Timeline Duration
2227,Sanitation & Drainage,Karnataka,Chikkodi,1249733.94,1.0958263652801898,1.1724137931034482,0.4145855115874661,0.7465070515230973,Timeline Duration
2228,Street Lighting,Karnataka,Chikkodi,1018112.94,1.4888927395618954,0.9090909090909091,0.43384449945632436,1.1384581928610138,Timeline Duration
2229,Drinking Water Supply,Karnataka,Chikkodi,1807545.25,1.202954476736754,1.147887323943662,0.21935635566401362,0.6642834028671787,Timeline Duration
2230,Electrification,Karnataka,Chikkodi,293178.83,0.2832845203948711,0.7473684210526316,-1.7870554975660868,0.8780757418585782,Cost Multiplier
2231,Irrigation Facilities,Karnataka,Chikkodi,3210374.78,0.9807749671512346,1.110091743119266,0.5965203692453422,0.8428384081677797,Timeline Duration
2232,Street Lighting,West Bengal,Dum Dum,901032.06,1.3176731574067786,0.7878787878787878,0.25215099324930235,0.9748731243601222,Timeline Duration
2233,Electrification,West Bengal,Dum Dum,1109997.26,1.072536654296359,0.6421052631578947,0.4907889064534059,0.5274807990399075,Timeline Duration
2234,Electrification,West Bengal,Dum Dum,1648286.23,1.5926592453453075,1.2947368421052632,-0.08030580070538484,0.10041749007486866,Timeline Duration
2235,Irrigation Facilities,West Bengal,Dum Dum,3648080.46,1.1144947984302198,3.6192660550458715,0.25724361152277997,-3.66003034212308,Timeline Duration
2236,Sports Infrastructure,West Bengal,Dum Dum,1208376.89,0.6080666178805146,1.065934065934066,0.17352672849835124,0.9147883064421038,Timeline Duration
2237,Sanitation & Drainage,West Bengal,Dum Dum,1337826.11,1.1730697843560491,1.1551724137931034,0.2191124680849132,0.6843608334280267,Timeline Duration
2238,Electrification,West Bengal,Dum Dum,1185431.36,1.1454249758710062,1.5368421052631578,0.08387495193832133,-1.29624194640395,Timeline Duration
2239,Sanitation & Drainage,West Bengal,Dum Dum,1967340.06,1.7250576608489252,1.0086206896551724,-1.0547547353121722,0.9649055861301081,Cost Multiplier
2240,Community Hall Construction,Uttar Pradesh,Agra,2840522.51,1.5890730452349482,1.151376146788991,-0.013181507292004692,0.6205973601942475,Timeline Duration
2241,Irrigation Facilities,Uttar Pradesh,Agra,3588354.34,1.096248366971189,0.6788990825688074,0.3161000521257206,0.5689469443679518,Timeline Duration
2242,Health Centre Infrastructure,Uttar Pradesh,Agra,4138904.86,1.3814254741473946,1.0,0.29016767728009035,1.0606336248100265,Timeline Duration
2243,School Infrastructure,Uttar Pradesh,Agra,3349849.99,1.549371554849874,2.0833333333333335,-0.05511572520479087,-3.045086446036066,Timeline Duration
2244,Sports Infrastructure,Uttar Pradesh,Agra,1155889.37,0.5816544040824373,1.2362637362637363,0.34344231929350416,0.6391080032280984,Timeline Duration
2245,Electrification,Uttar Pradesh,Kaushambi,1660518.66,1.604478850689301,1.1789473684210525,-0.143039992103604,0.6629783736564324,Timeline Duration
2246,Community Hall Construction,Uttar Pradesh,Kaushambi,1912337.18,1.06981847721341,1.2844036697247707,0.48677248474862683,0.32222026082913346,Cost Multiplier
2247,School Infrastructure,Uttar Pradesh,Kaushambi,1030181.23,0.47647909574071867,0.5388888888888889,-0.1029561018642645,-0.22935616327391367,Timeline Duration
2248,Electrification,Uttar Pradesh,Kaushambi,920933.68,0.8898536632207847,12.642105263157895,0.304848862285066,-8.012777732771333,Timeline Duration
2249,Street Lighting,Uttar Pradesh,Kaushambi,335520.28,0.49066629962268654,0.696969696969697,-0.017319799849439866,0.750832458869597,Timeline Duration
2250,Health Centre Infrastructure,Uttar Pradesh,Kaushambi,3859184.18,1.28806423824843,0.7420814479638009,-0.01912270017813303,0.8862443084079293,Timeline Duration
2251,Street Lighting,Andhra Pradesh,Eluru,742771.27,1.0862318978660348,1.1666666666666667,0.4098094680423153,0.7792146721740999,Timeline Duration
2252,Street Lighting,Andhra Pradesh,Eluru,884003.0,1.292769786867589,0.7121212121212122,0.016159845100376432,0.7799338660989813,Timeline Duration
2253,Community Hall Construction,Andhra Pradesh,Eluru,1978728.33,1.1069596674471571,0.6972477064220184,0.20179923389278018,0.722579571046981,Timeline Duration
2254,Community Hall Construction,Andhra Pradesh,Eluru,1561880.94,0.873762799936489,0.6192660550458715,0.5157358731657485,0.31705116856003634,Cost Multiplier
2255,Street Lighting,Andhra Pradesh,Eluru,545967.16,0.7984247214883918,0.7878787878787878,0.5937882143630261,1.010527909075212,Timeline Duration
2256,Sanitation & Drainage,Uttar Pradesh,Mohanlalganj,1543889.88,1.3537563328025393,0.6637931034482759,0.23536314064050132,0.6072960946062392,Timeline Duration
2257,Health Centre Infrastructure,Uttar Pradesh,Mohanlalganj,3300361.66,1.1015483141652556,1.2986425339366516,0.2804378077619237,0.2040407520323805,Cost Multiplier
2258,Sports Infrastructure,Uttar Pradesh,Mohanlalganj,5411652.95,2.7231946702072483,1.2472527472527473,-6.902208252348762,0.388799172486983,Cost Multiplier
2259,Health Centre Infrastructure,Uttar Pradesh,Mohanlalganj,4182710.86,1.3960464249465634,0.9230769230769231,0.2667153755715043,1.093724734773335,Timeline Duration
2260,Sports Infrastructure,Uttar Pradesh,Mohanlalganj,1412136.36,0.710600299887646,0.9560439560439561,0.4864260611012486,1.0818327655290636,Timeline Duration
2261,Irrigation Facilities,Uttar Pradesh,Mohanlalganj,2541904.48,0.7765561511399539,1.2110091743119267,0.7026389891108485,0.6706171227869188,Cost Multiplier
2262,Electrification,Odisha,Jajpur,1424797.1,1.3767125107003915,1.1894736842105262,0.24351356932347457,0.6400000955901536,Timeline Duration
2263,Electrification,Odisha,Jajpur,319720.85,0.30893079030464277,0.7263157894736842,-1.3940957470907582,0.8017235205061629,Cost Multiplier
2264,School Infrastructure,Odisha,Jajpur,3394276.55,1.5699197132895988,3.8722222222222222,-0.1299792290978966,-4.001342519537561,Timeline Duration
2265,Community Hall Construction,Odisha,Jajpur,1833612.72,1.0257776653746484,0.6834862385321101,0.4759551972427544,0.6610188328470162,Timeline Duration
2266,Sanitation & Drainage,Odisha,Jajpur,696787.99,0.6109769655872428,1.4137931034482758,0.31987341113912854,-0.4603291828639369,Timeline Duration
2267,Rural Roads,Odisha,Jajpur,1395174.88,0.4041005708341939,1.471502590673575,-0.6138391155215527,-0.6786575986199271,Timeline Duration
2268,Community Hall Construction,Odisha,Jajpur,2687121.43,1.5032559040294982,0.7201834862385321,0.33623904268696225,0.9448481663944253,Timeline Duration
2269,Street Lighting,West Bengal,Hooghly,249496.51,0.3648647686228523,1.303030303030303,-1.046505222322649,0.2258115965790269,Cost Multiplier
2270,School Infrastructure,West Bengal,Hooghly,708786.77,0.32782783204328503,0.75,-1.2722769753801315,0.8577658304078132,Cost Multiplier
2271,Community Hall Construction,West Bengal,Hooghly,2078268.34,1.1626453190329342,3.6926605504587156,0.3329539920703425,-3.6062916259319646,Timeline Duration
2272,Street Lighting,West Bengal,Hooghly,466251.91,0.6818487972521656,0.9545454545454546,0.44816749913755455,1.0702815731329316,Timeline Duration
2273,Electrification,West Bengal,Hooghly,1267645.84,1.2248648506270168,0.8,0.11199885302716901,0.909741354863882,Timeline Duration
2274,Street Lighting,West Bengal,Hooghly,184902.39,0.27040204989305217,0.8787878787878788,-2.149662292383113,0.7701968035844101,Cost Multiplier
2275,Sanitation & Drainage,West Bengal,Hooghly,1847922.39,1.6203465482849746,0.5862068965517241,-0.163178077275961,0.32742414363604766,Timeline Duration
2276,Street Lighting,West Bengal,Hooghly,654419.6,0.9570260359002998,0.6212121212121212,0.45914379636792285,0.35483410369486246,Cost Multiplier
2277,Street Lighting,Bihar,Purvi Champaran,595635.63,0.8710601055039882,0.45454545454545453,0.5133290520474053,-0.8051147251433477,Timeline Duration
2278,Drinking Water Supply,Bihar,Purvi Champaran,2480670.36,1.6509315685846175,0.8098591549295775,-0.37893421493643836,1.0071586422181196,Timeline Duration
2279,Rural Roads,Bihar,Purvi Champaran,5796577.52,1.678929515070294,0.6683937823834197,-0.5544535072894272,0.6917561963885429,Timeline Duration
2280,Electrification,Bihar,Purvi Champaran,406594.56,0.39287265361132534,0.968421052631579,-1.0169140321048713,0.9548427403535932,Cost Multiplier
2281,School Infrastructure,Bihar,Purvi Champaran,4971102.51,2.2992327561619588,1.2666666666666666,-5.429460760298493,0.27955911780322734,Cost Multiplier
2282,Irrigation Facilities,Karnataka,Gulbarga,2618693.48,0.8000153215214806,0.9678899082568807,0.5024667586368105,1.0345699194230047,Timeline Duration
2283,School Infrastructure,Karnataka,Gulbarga,1363441.68,0.6306186133692285,0.42777777777777776,0.23880611745141206,-0.9179490050184744,Timeline Duration
2284,School Infrastructure,Karnataka,Gulbarga,1396220.48,0.6457794535482579,1.2666666666666666,0.2985578411137455,0.5079779459494217,Timeline Duration
2285,Rural Roads,Karnataka,Gulbarga,2539963.39,0.7356788532466656,2.4093264248704664,0.3475856524676391,-3.435305289542722,Timeline Duration
2286,Street Lighting,Karnataka,Gulbarga,1158463.24,1.6941416215428413,0.6363636363636364,-0.782077651163834,0.5575173806242317,Cost Multiplier
2287,Rural Roads,Karnataka,Gulbarga,2186325.39,0.6332506059228157,1.2227979274611398,0.31523248393770775,0.5645250995738271,Timeline Duration
2288,Street Lighting,Chhattisgarh,Raigarh,606017.35,0.8862423774552359,1.0606060606060606,0.6445247316561344,0.9694854576875582,Timeline Duration
2289,Electrification,Chhattisgarh,Raigarh,1104738.63,1.067455494522701,0.8210526315789474,0.4253298456688493,0.82008072798141,Timeline Duration
2290,Electrification,Chhattisgarh,Raigarh,483638.55,0.46731653401175277,0.6421052631578947,-0.23191053233601946,0.4755210201300882,Timeline Duration
2291,Irrigation Facilities,Chhattisgarh,Raigarh,5169857.13,1.5794001648780478,1.188073394495413,0.03847245927514825,0.601900996937827,Timeline Duration
2292,School Infrastructure,Chhattisgarh,Raigarh,2807521.19,1.2985338102928807,0.40555555555555556,-0.014554826956726242,-1.0994261166476995,Timeline Duration
2293,Electrification,Chhattisgarh,Raigarh,1193048.7,1.1527852430109788,1.1473684210526316,0.18862068623904726,0.7116479815027431,Timeline Duration
2294,Street Lighting,Chhattisgarh,Raigarh,1091784.07,1.5966297167309713,0.4090909090909091,0.04438046665201073,-0.931981078712695,Timeline Duration
2295,Street Lighting,Uttar Pradesh,Rae Bareli,1849209.0,2.704291189966128,1.2121212121212122,-6.864250530126825,0.43446125816761255,Cost Multiplier
2296,Irrigation Facilities,Uttar Pradesh,Rae Bareli,5038412.6,1.5392436369249594,0.3165137614678899,0.19491977719177064,-2.126452973144796,Timeline Duration
2297,Rural Roads,Uttar Pradesh,Rae Bareli,5891037.83,1.7062891426978897,0.44559585492227977,-0.9092235191584596,-0.6636511090558459,Cost Multiplier
2298,Health Centre Infrastructure,Uttar Pradesh,Rae Bareli,4288645.94,1.4314039465779844,1.4796380090497738,0.0755563401035418,-1.1239940994944226,Timeline Duration
2299,Electrification,Uttar Pradesh,Rae Bareli,418771.38,0.40463852570254927,0.8210526315789474,-0.8454648001775172,0.8439305879934071,Cost Multiplier
2300,Rural Roads,Uttar Pradesh,Rae Bareli,1743914.76,0.5051101192433857,1.1709844559585492,0.20235807953628512,0.8135903682698303,Timeline Duration
2301,Street Lighting,Rajasthan,Churu,866024.44,1.2664778634472087,0.9696969696969697,0.014966235453417012,1.0984020959472247,Timeline Duration
2302,Rural Roads,Rajasthan,Churu,1683002.97,0.48746753589244934,1.5336787564766838,0.3116187581094646,-0.8867434070737524,Timeline Duration
2303,School Infrastructure,Rajasthan,Churu,1215117.08,0.562015566423689,1.0055555555555555,0.059923468744060696,0.9444528544521305,Timeline Duration
2304,Health Centre Infrastructure,Rajasthan,Churu,2947308.04,0.9837110405614466,0.8868778280542986,0.6263463668740492,0.9827023673422245,Timeline Duration
2305,Drinking Water Supply,Rajasthan,Churu,2401029.5,1.5979291172943029,1.2746478873239437,-0.21830831693527478,0.22028449507461267,Timeline Duration
2306,Health Centre Infrastructure,Madhya Pradesh,Damoh,3144704.39,1.0495952190138393,0.7918552036199095,0.4396372268671641,0.8756847597346477,Timeline Duration
2307,Irrigation Facilities,Madhya Pradesh,Damoh,3396741.97,1.0377104613461892,1.81651376146789,0.5829839333636656,-2.30029483454331,Timeline Duration
2308,Electrification,Madhya Pradesh,Damoh,311311.02,0.3008047784157476,0.7894736842105263,-1.4512138733863553,0.9048544304353588,Cost Multiplier
2309,Irrigation Facilities,Madhya Pradesh,Damoh,1953439.04,0.5967789562214102,0.8532110091743119,0.3473885861300233,1.0637303339409636,Timeline Duration
2310,Rural Roads,Madhya Pradesh,Damoh,3325450.02,0.9631883935314127,4.300518134715026,0.4972219846138112,-4.1029559577571515,Timeline Duration
2311,Sports Infrastructure,Bihar,Muzaffarpur,848018.39,0.4267308308981143,0.3791208791208791,-0.5941409484941111,-1.5032693436201572,Timeline Duration
2312,Sports Infrastructure,Bihar,Muzaffarpur,2507020.72,1.2615564090825777,5.054945054945055,-0.04659080810044382,-4.773824617090478,Timeline Duration
2313,Rural Roads,Bihar,Muzaffarpur,1489104.06,0.43130636116206145,1.0829015544041452,-0.4840167559611182,0.8628780081233642,Timeline Duration
2314,Street Lighting,Bihar,Muzaffarpur,650258.7,0.9509411178557033,0.9848484848484849,0.47949440859638687,1.0580869272963487,Timeline Duration
2315,Irrigation Facilities,Bihar,Muzaffarpur,4485366.5,1.3702871107462253,5.385321100917431,-0.05786185492866834,-5.016889759889635,Timeline Duration
2316,Community Hall Construction,Rajasthan,Banswara,1123758.99,0.6286643087892481,0.8073394495412844,0.284606839206875,0.9854262867000536,Timeline Duration
2317,School Infrastructure,Rajasthan,Banswara,5570996.01,2.5766953075042456,2.0166666666666666,-5.436940611868743,-1.9119578031984583,Cost Multiplier
2318,Community Hall Construction,Rajasthan,Banswara,2995850.83,1.675968341999778,0.5688073394495413,-0.5810422882606743,0.2468555616129056,Cost Multiplier
2319,Sports Infrastructure,Rajasthan,Banswara,2661991.8,1.339539314304218,0.9285714285714286,0.2735394014741441,1.0906895580621405,Timeline Duration
2320,Street Lighting,Rajasthan,Banswara,784734.48,1.1475990765384825,12.090909090909092,0.12753210557803327,-7.717876656873852,Timeline Duration
2321,Sports Infrastructure,Rajasthan,Banswara,1543604.3,0.7767562039744234,1.164835164835165,0.6693306432313081,0.7346770807847921,Timeline Duration
2322,Sports Infrastructure,Rajasthan,Banswara,2414454.6,1.2149762667573452,0.7747252747252747,0.10862984639664004,0.9537387127602875,Timeline Duration
2323,Drinking Water Supply,Bihar,Karakat,869779.21,0.5788539979522267,0.5492957746478874,0.31576068757206793,-0.06487557961471557,Cost Multiplier
2324,Drinking Water Supply,Bihar,Karakat,2471023.04,1.6445111003930126,0.704225352112676,-0.36044235522939655,0.8493067325582406,Timeline Duration
2325,Rural Roads,Bihar,Karakat,5360133.7,1.552517264299942,0.7409326424870466,0.24703595457859573,0.9322490824699444,Timeline Duration
2326,Community Hall Construction,Bihar,Karakat,1840746.58,1.0297685595128119,0.6788990825688074,0.48603482689294003,0.595033813291842,Timeline Duration
2327,Community Hall Construction,Bihar,Karakat,850017.48,0.47552514042444144,0.5458715596330275,-0.11918407877513325,-0.13632405126499353,Timeline Duration
2328,Sports Infrastructure,Bihar,Karakat,1480226.47,0.7448638837425243,0.8901098901098901,0.6100149689042669,1.0715601492930154,Timeline Duration
2329,Health Centre Infrastructure,Bihar,Karakat,1005985.52,0.33576370343323464,1.2805429864253393,-1.235418138887017,0.28832674340939984,Cost Multiplier
2330,Drinking Water Supply,Maharashtra,Nashik,2117293.88,1.4090978643623617,1.0070422535211268,0.3095869776118523,0.9494758521628075,Timeline Duration
2331,Street Lighting,Maharashtra,Nashik,453731.72,0.663539217581235,7.787878787878788,0.3634071551231166,-6.1601864621638205,Timeline Duration
2332,Community Hall Construction,Maharashtra,Nashik,2816585.6,1.5756820235713973,0.7247706422018348,0.2282434035584461,0.9464325837254588,Timeline Duration
2333,Health Centre Infrastructure,Maharashtra,Nashik,939685.7,0.3136350816413853,0.38461538461538464,-1.256749587274753,-1.3776508366452058,Timeline Duration
2334,Sports Infrastructure,Maharashtra,Nashik,2167010.53,1.0904600831025173,1.3571428571428572,0.4320383119723581,-0.10017342172071454,Cost Multiplier
2335,Irrigation Facilities,Maharashtra,Nashik,3935846.44,1.2024077957973816,0.981651376146789,0.2947379445029677,1.1146423916460622,Timeline Duration
2336,Sports Infrastructure,Maharashtra,Nashik,2174933.46,1.0944469760071012,0.6318681318681318,0.37289719798354215,0.5171685580656893,Timeline Duration
2337,Street Lighting,Himachal Pradesh,Kangra,776074.38,1.134934509075191,0.9848484848484849,0.27245191981896727,1.0945463663741475,Timeline Duration
2338,Electrification,Himachal Pradesh,Kangra,724394.64,0.6999474967855466,1.168421052631579,0.4719637690997644,0.689232974838707,Timeline Duration
2339,Electrification,Himachal Pradesh,Kangra,2000450.44,1.9329384849141695,0.8421052631578947,-3.424359879697126,0.7915950865507063,Cost Multiplier
2340,Street Lighting,Himachal Pradesh,Kangra,220011.47,0.32174571939272256,0.7121212121212122,-1.2533871562365078,0.7669997968243863,Cost Multiplier
2341,Sports Infrastructure,Himachal Pradesh,Kangra,3181039.68,1.6007290900451718,0.7857142857142857,-0.03069326295859184,1.0146438035551313,Timeline Duration
2342,Irrigation Facilities,Himachal Pradesh,Kangra,1031738.16,0.3151977664061625,0.5458715596330275,-1.2499060250879233,-0.042939871947044864,Cost Multiplier
2343,Street Lighting,Uttar Pradesh,Ghosi,796763.48,1.1651903378421549,0.6666666666666666,0.3183662344205213,0.6219676300103175,Timeline Duration
2344,Drinking Water Supply,Uttar Pradesh,Ghosi,1469308.28,0.9778515769563058,1.1971830985915493,0.586352466964472,0.6730028722962488,Timeline Duration
2345,Irrigation Facilities,Uttar Pradesh,Ghosi,722883.63,0.22084218107002923,0.8623853211009175,-3.033310470372161,0.8610478658242638,Cost Multiplier
2346,School Infrastructure,Uttar Pradesh,Ghosi,3792268.62,1.7539988792685568,0.9777777777777777,-1.5448286513399545,1.0529944765635535,Cost Multiplier
2347,Community Hall Construction,Uttar Pradesh,Ghosi,2585240.88,1.446260884532641,1.3577981651376148,0.333641554066149,-0.2571544754720718,Cost Multiplier
2348,School Infrastructure,Uttar Pradesh,Ghosi,1197843.66,0.5540262696841728,1.2555555555555555,0.12617116730163702,0.5626013002554995,Timeline Duration
2349,Irrigation Facilities,Uttar Pradesh,Ghosi,5123788.42,1.5653260954521255,0.7889908256880734,0.2253447399211371,1.0094831557530375,Timeline Duration
2350,Community Hall Construction,Uttar Pradesh,Ghosi,2762052.61,1.5451746418555357,0.8669724770642202,0.17766314188736587,0.997671592642242,Timeline Duration
2351,Health Centre Infrastructure,Bihar,Purnea,982856.62,0.32804406436692185,0.6380090497737556,-1.3049778503983809,0.47381805472758787,Cost Multiplier
2352,Community Hall Construction,Bihar,Purnea,2749617.81,1.538218243716347,1.0642201834862386,0.24467618829768878,0.9781588596688321,Timeline Duration
2353,School Infrastructure,Bihar,Purnea,835995.99,0.3866646001287239,0.85,-0.9339280612865085,0.9407991633585735,Timeline Duration
2354,Community Hall Construction,Bihar,Purnea,612708.16,0.3427672261789265,0.7981651376146789,-1.297335859286184,0.8186597013387277,Cost Multiplier
2355,School Infrastructure,Bihar,Purnea,2161872.5,0.9999085829846919,0.9277777777777778,0.6472675967878864,1.0375901578337434,Timeline Duration
2356,Street Lighting,Bihar,Khagaria,303536.14,0.44389255581079545,1.7121212121212122,-0.06491068278120268,-1.8571759588913839,Timeline Duration
2357,Irrigation Facilities,Bihar,Khagaria,4251817.35,1.2989374473528912,1.1605504587155964,0.007456792045152305,0.6881025249356125,Timeline Duration
2358,Drinking Water Supply,Bihar,Khagaria,928440.27,0.6178940080084748,0.9366197183098591,0.15321870160637224,0.9993400537286424,Timeline Duration
2359,Irrigation Facilities,Bihar,Khagaria,4388221.79,1.340609236264802,1.0779816513761469,0.24869274260909874,0.9637476804845132,Timeline Duration
2360,Rural Roads,Bihar,Khagaria,3997681.48,1.157894534397928,1.1917098445595855,0.26196505188907426,0.6530678157549037,Timeline Duration
2361,Street Lighting,Gujarat,Junagadh,897073.33,1.3118838936391597,1.1818181818181819,0.24920070777703915,0.6652539353735254,Timeline Duration
2362,Drinking Water Supply,Gujarat,Junagadh,2024257.72,1.3471805955302831,0.8098591549295775,0.28198666470650413,0.949432754737476,Timeline Duration
2363,Rural Roads,Gujarat,Junagadh,4945198.59,1.4323348289552424,0.6424870466321243,0.40425789142221663,0.6235073032602894,Timeline Duration
2364,Irrigation Facilities,Gujarat,Junagadh,5879636.01,1.7962388224869392,1.275229357798165,-2.5499213279106665,0.15117890271256404,Cost Multiplier
2365,Community Hall Construction,Gujarat,Junagadh,877921.54,0.49113550416650475,1.3577981651376148,0.2088503113648772,0.0354382257155444,Cost Multiplier
2366,Irrigation Facilities,Gujarat,Junagadh,4158216.26,1.2703421548213227,1.3623853211009174,-0.07677393758964768,-0.292106209954703,Timeline Duration
2367,Health Centre Infrastructure,Gujarat,Junagadh,1447286.56,0.4830549601894333,5.389140271493213,-0.2567652618212887,-4.951379318757623,Timeline Duration
2368,Rural Roads,Gujarat,Junagadh,1877331.21,0.5437530624159804,1.1036269430051813,0.05472612690864212,0.8779293658813428,Timeline Duration
2369,Community Hall Construction,Bihar,Saran,2927246.97,1.637589295771036,1.4403669724770642,-0.5614379337702055,-0.890022431101384,Timeline Duration
2370,Sanitation & Drainage,Bihar,Saran,1226224.44,1.075212113630311,7.068965517241379,0.4279927896854515,-5.759697254641875,Timeline Duration
2371,Sanitation & Drainage,Bihar,Saran,494601.44,0.43369014868680605,1.0862068965517242,-0.45536630836320896,0.8459772053434644,Timeline Duration
2372,Community Hall Construction,Bihar,Saran,1719629.39,0.9620119896331385,2.7660550458715596,0.5683541295486065,-3.3350076282988605,Timeline Duration
2373,Street Lighting,Bihar,Saran,479716.13,0.701538930452775,0.803030303030303,0.5715920287694143,0.9735977615597151,Timeline Duration
2374,Street Lighting,Bihar,Saran,317729.87,0.4646495275710226,0.8484848484848485,-0.16355210069001008,0.9596865565861352,Timeline Duration
2375,Street Lighting,Bihar,Munger,757524.19,1.1078066314858013,1.2878787878787878,0.25802407462870086,0.2414161942786737,Cost Multiplier
2376,Drinking Water Supply,Bihar,Munger,2206009.63,1.4681398211927972,0.9225352112676056,0.5668216367427458,1.1268668603433534,Timeline Duration
2377,Drinking Water Supply,Bihar,Munger,1650555.7,1.0984750552819447,1.1690140845070423,0.3717894638504498,0.7824517796778848,Timeline Duration
2378,Rural Roads,Bihar,Munger,2366041.24,0.6853037776176447,1.0984455958549222,0.4421488536777027,0.8389535366694606,Timeline Duration
2379,Drinking Water Supply,Bihar,Munger,931123.89,0.6196800062803632,0.5352112676056338,0.1470014383216566,-0.19886303607380046,Timeline Duration
2380,Drinking Water Supply,Uttar Pradesh,Fatehpur Sikri,1309702.03,0.8716306937155318,0.9859154929577465,0.5781643009197123,1.0776214566085283,Timeline Duration
2381,School Infrastructure,Uttar Pradesh,Fatehpur Sikri,2000946.55,0.9254771636341217,0.5888888888888889,0.47424019318774907,0.2524214219480552,Cost Multiplier
2382,Street Lighting,Uttar Pradesh,Fatehpur Sikri,662649.54,0.9690615355306552,1.1515151515151516,0.5499360810248338,0.6673208589905282,Timeline Duration
2383,Street Lighting,Uttar Pradesh,Fatehpur Sikri,360484.31,0.5271738043963763,16.863636363636363,-0.04086644572711985,-8.332379157331607,Timeline Duration
2384,Irrigation Facilities,Uttar Pradesh,Fatehpur Sikri,2102454.05,0.6423032957621634,1.0045871559633028,0.25475597252870547,0.9282920623894704,Timeline Duration
2385,School Infrastructure,Uttar Pradesh,Fatehpur Sikri,1922294.59,0.8890990840422084,1.0777777777777777,0.5395392515225853,0.9233611410647236,Timeline Duration
2386,Rural Roads,Uttar Pradesh,Fatehpur Sikri,4426021.7,1.2819596461588596,0.5284974093264249,-0.06635921660750035,-0.21043034628380314,Timeline Duration
2387,Drinking Water Supply,Uttar Pradesh,Lucknow,1537040.77,1.0229287898592898,1.176056338028169,0.49798094935661275,0.6807909643293728,Timeline Duration
2388,Health Centre Infrastructure,Uttar Pradesh,Lucknow,6910086.47,2.3063515111142823,0.4343891402714932,-5.002448731707277,-0.5975879847290434,Cost Multiplier
2389,Sanitation & Drainage,Uttar Pradesh,Lucknow,725192.33,0.6358832465676431,0.7931034482758621,0.39393391662800703,0.9849193431657883,Timeline Duration
2390,School Infrastructure,Uttar Pradesh,Lucknow,3825971.05,1.7695869165022236,0.39444444444444443,-1.540061329215094,-1.16812360539495,Cost Multiplier
2391,Drinking Water Supply,Uttar Pradesh,Lucknow,920060.16,0.6123168912861983,0.9436619718309859,0.17338978185230688,1.0023209375649467,Timeline Duration
2392,Sanitation & Drainage,Uttar Pradesh,Lucknow,543677.93,0.47672275741743686,1.4396551724137931,0.07140451222357991,-0.6102455225545479,Timeline Duration
2393,Irrigation Facilities,Gujarat,Panchmahal,939705.67,0.287081683848164,0.7798165137614679,-1.7366123511433207,0.9069430103600974,Cost Multiplier
2394,Sports Infrastructure,Gujarat,Panchmahal,829969.57,0.41764849489437444,1.1758241758241759,-0.5296895568650093,0.7248594840540377,Timeline Duration
2395,Sports Infrastructure,Gujarat,Panchmahal,2870929.47,1.444678715261096,1.2472527472527473,0.39483696916653066,0.522252556413389,Timeline Duration
2396,Rural Roads,Gujarat,Panchmahal,3066843.55,0.888285222863363,0.8082901554404145,0.4790310922060453,0.8982939230212754,Timeline Duration
2397,Electrification,Gujarat,Panchmahal,1135493.69,1.0971726211713595,1.4105263157894736,0.3935619222605968,-0.5148599326927231,Timeline Duration
2398,Community Hall Construction,Gujarat,Panchmahal,1534558.03,0.8584775488442946,1.2798165137614679,0.5894828647590463,0.4185321334478568,Cost Multiplier
2399,School Infrastructure,Gujarat,Panchmahal,4179593.64,1.9331443246649516,0.8055555555555556,-3.3722821378898766,0.8455690796587657,Cost Multiplier
2400,Sanitation & Drainage,West Bengal,Darjeeling,1913339.59,1.6777074714449933,0.7413793103448276,-0.593237014500014,0.9543623079966558,Timeline Duration
2401,Sports Infrastructure,West Bengal,Darjeeling,3216264.62,1.618454611203429,1.0769230769230769,-0.1815421774296722,0.9469092396174628,Timeline Duration
2402,Street Lighting,West Bengal,Darjeeling,725455.66,1.0609094753751809,0.9848484848484849,0.46322869134850037,1.0782145419333988,Timeline Duration
2403,Community Hall Construction,West Bengal,Darjeeling,2752375.35,1.539760893869525,1.2706422018348624,0.07911032616048375,0.29895275481961747,Timeline Duration
2404,Sanitation & Drainage,West Bengal,Darjeeling,325338.27,0.28527212272129304,0.8620689655172413,-1.7885232853919366,0.9201927450846493,Cost Multiplier
2405,Rural Roads,West Bengal,Darjeeling,5835060.25,1.6900757114240146,0.6113989637305699,-0.6601577918133812,0.43820422590637154,Cost Multiplier
2406,Sports Infrastructure,Uttar Pradesh,Sitapur,2796577.18,1.407263943523802,1.0604395604395604,0.2935649372334925,0.9833732359500613,Timeline Duration
2407,Rural Roads,Uttar Pradesh,Sitapur,1428527.03,0.4137607382058625,1.2487046632124352,-0.5575343017674648,0.5926694008316142,Timeline Duration
2408,Drinking Water Supply,Uttar Pradesh,Sitapur,2016512.08,1.3420257302160172,0.6126760563380281,0.19543020188804983,0.3760253944777245,Timeline Duration
2409,Community Hall Construction,Uttar Pradesh,Sitapur,983655.28,0.5502861131176305,1.1376146788990826,0.032149371325027,0.7787560368113156,Timeline Duration
2410,Sports Infrastructure,Uttar Pradesh,Sitapur,781807.0,0.3934126366197814,2.065934065934066,-0.7753668785697673,-2.6162971643538935,Timeline Duration
2411,Electrification,Assam,Dhubri,923478.86,0.8923129475272901,1.2947368421052632,0.6154409024564954,0.3034575419492791,Cost Multiplier
2412,School Infrastructure,Assam,Dhubri,1435259.45,0.6638357455700501,1.0222222222222221,0.4860540593336599,0.9508283632339125,Timeline Duration
2413,Street Lighting,Assam,Dhubri,866258.31,1.2668198759404412,1.0151515151515151,-0.007134094393175505,0.9391264058859032,Timeline Duration
2414,Electrification,Assam,Dhubri,367705.13,0.3552956787459167,7.905263157894737,-0.822993562460038,-5.81953832092733,Timeline Duration
2415,School Infrastructure,Assam,Dhubri,1916800.36,0.8865578945253003,1.3444444444444446,0.7444243656464747,0.14213129421308518,Cost Multiplier
2416,Rural Roads,Assam,Dhubri,1028052.34,0.2977666408682966,1.072538860103627,-1.606285534065274,0.8366695713747923,Cost Multiplier
2417,Irrigation Facilities,Assam,Dhubri,3444738.88,1.0523735991585945,0.4036697247706422,0.4930805531594882,-1.1234121323534063,Timeline Duration
2418,Health Centre Infrastructure,Uttar Pradesh,Basti,2833440.42,0.945705907254629,0.8687782805429864,0.5188166214662375,0.9622963938698136,Timeline Duration
2419,Sports Infrastructure,Uttar Pradesh,Basti,2210403.14,1.112295652635553,1.3956043956043955,0.33272315379498363,-0.36071215419029656,Timeline Duration
2420,School Infrastructure,Uttar Pradesh,Basti,3324326.96,1.5375666511098172,0.7666666666666667,0.23303860290855674,0.909315935339787,Timeline Duration
2421,Community Hall Construction,Uttar Pradesh,Basti,2446700.47,1.3687572455254648,0.8807339449541285,0.20967793326736117,0.9633021171798525,Timeline Duration
2422,Community Hall Construction,Uttar Pradesh,Basti,1225245.62,0.6854389576846489,0.46788990825688076,0.481244269233546,-0.6145178301224021,Timeline Duration
2423,Rural Roads,Uttar Pradesh,Basti,2381809.89,0.6898710333485424,1.233160621761658,0.5038530051338896,0.618343876214035,Timeline Duration
2424,Community Hall Construction,Uttar Pradesh,Basti,1738768.17,0.9727187942120896,1.9724770642201834,0.6119287826969427,-2.5862186897013966,Timeline Duration
2425,Street Lighting,Uttar Pradesh,Shrawasti,1037266.53,1.5169030319048504,1.7878787878787878,-0.02805510534346348,-2.5039797993867237,Timeline Duration
2426,Drinking Water Supply,Uttar Pradesh,Shrawasti,425101.73,0.2829129888571469,0.823943661971831,-1.78121631316125,0.8756484479209905,Cost Multiplier
2427,Drinking Water Supply,Uttar Pradesh,Shrawasti,2080992.99,1.384938957062515,1.1408450704225352,0.23057581794401494,0.7386457005834335,Timeline Duration
2428,Rural Roads,Uttar Pradesh,Shrawasti,2542535.14,0.736423738821901,0.6010362694300518,0.5361395073695668,0.295643624339225,Cost Multiplier
2429,Street Lighting,Uttar Pradesh,Shrawasti,242946.48,0.35528597659717326,1.4848484848484849,-1.0779814104534964,-0.8221882275822568,Cost Multiplier
2430,Community Hall Construction,Uttar Pradesh,Shrawasti,2185947.79,1.2228844162125319,0.8486238532110092,0.06967479373907681,0.9289314760439719,Timeline Duration
2431,Drinking Water Supply,Uttar Pradesh,Shrawasti,2217992.87,1.47611488693669,7.746478873239437,0.1654666675738469,-6.230976226725278,Timeline Duration
2432,Electrification,Telangana,Khammam,920608.11,0.8895390806797978,0.3368421052631579,0.3456865595954448,-2.0486495706247285,Timeline Duration
2433,Electrification,Telangana,Khammam,1780524.92,1.720435094216442,1.2526315789473683,-1.282144622691823,0.30450776568823973,Cost Multiplier
2434,Sanitation & Drainage,Telangana,Khammam,1365749.88,1.19755467862404,0.6293103448275862,0.36644329105171575,0.5782432879760149,Timeline Duration
2435,Street Lighting,Telangana,Khammam,1063219.67,1.554857015393984,0.5454545454545454,0.23585885866716846,-0.07987846910046599,Cost Multiplier
2436,Irrigation Facilities,Telangana,Khammam,5049049.91,1.542493353260517,1.224770642201835,0.13648707747925878,0.49934372906891766,Timeline Duration
2437,Community Hall Construction,Uttar Pradesh,Salempur,1980311.34,1.1078452504736889,0.963302752293578,0.2904676204534516,1.0650939587589239,Timeline Duration
2438,Sports Infrastructure,Uttar Pradesh,Salempur,2430744.09,1.2231732913556046,2.423076923076923,0.1420601612673546,-3.3150137453744186,Timeline Duration
2439,Health Centre Infrastructure,Uttar Pradesh,Salempur,3155432.74,1.05317597684396,0.3574660633484163,0.4836005105736674,-1.6489777334711835,Timeline Duration
2440,Sports Infrastructure,Uttar Pradesh,Salempur,956881.77,0.4815119077586965,0.8076923076923077,-0.16587458593599697,0.8698516920373309,Timeline Duration
2441,Sanitation & Drainage,Uttar Pradesh,Salempur,252787.25,0.22165592570581438,0.7068965517241379,-2.9659131024887766,0.6872130483496278,Cost Multiplier
2442,Irrigation Facilities,Uttar Pradesh,Salempur,3497019.23,1.0683453351918264,5.077981651376147,0.4399057165249475,-4.789632588738141,Timeline Duration
2443,Rural Roads,Uttar Pradesh,Salempur,3578792.62,1.0365669288994082,0.6632124352331606,0.5247175307353181,0.5631688124485026,Timeline Duration
2444,Sanitation & Drainage,Uttar Pradesh,Salempur,1592962.07,1.3967851710879418,0.7155172413793104,0.21558052575560122,0.8484717078245803,Timeline Duration
2445,Sports Infrastructure,Uttar Pradesh,Sultanpur,3477254.11,1.7497869776198873,0.7307692307692307,-1.5133574481717558,0.8633101866478017,Cost Multiplier
2446,Community Hall Construction,Uttar Pradesh,Sultanpur,1349738.51,0.7550839948656425,0.5458715596330275,0.5124851726342495,-0.0993872637187708,Cost Multiplier
2447,Electrification,Uttar Pradesh,Sultanpur,1419064.73,1.3711735988827272,0.7157894736842105,0.25991862096460194,0.8182977736377792,Timeline Duration
2448,School Infrastructure,Uttar Pradesh,Sultanpur,1869067.51,0.8644805118834835,0.9833333333333333,0.5184326025197118,1.0750679289199905,Timeline Duration
2449,School Infrastructure,Uttar Pradesh,Sultanpur,471326.67,0.21799786191026227,0.48333333333333334,-2.903646685894359,-0.40801009879790306,Cost Multiplier
2450,Electrification,Uttar Pradesh,Sultanpur,949410.08,0.9173690309455707,3.042105263157895,0.4395457061927822,-3.4200220112712807,Timeline Duration
2451,Rural Roads,Uttar Pradesh,Sultanpur,4995150.0,1.4468028311995007,1.1243523316062176,0.4201276266209463,0.7226768761839446,Timeline Duration
2452,Drinking Water Supply,Uttar Pradesh,Kanpur,1884794.42,1.254365214518117,0.4788732394366197,-0.09997883692349589,-0.39467700106304054,Timeline Duration
2453,Sanitation & Drainage,Uttar Pradesh,Kanpur,1504196.47,1.318951256446946,0.9137931034482759,0.3624491753329154,1.0964962055391703,Timeline Duration
2454,Irrigation Facilities,Uttar Pradesh,Kanpur,1653407.92,0.5051189376791675,0.9724770642201835,0.10194183986774927,1.0321960825635983,Timeline Duration
2455,Community Hall Construction,Uttar Pradesh,Kanpur,2636690.01,1.4750430629508604,1.311926605504587,0.3153045457248471,-0.0050778643962185,Cost Multiplier
2456,Community Hall Construction,Uttar Pradesh,Kanpur,573246.34,0.32069110664206235,1.2889908256880733,-1.2550939802869594,0.24450508694188522,Cost Multiplier
2457,Community Hall Construction,Uttar Pradesh,Kanpur,2432848.91,1.3610082695701733,0.463302752293578,0.048994408403791496,-0.7366969188252497,Timeline Duration
2458,Irrigation Facilities,Uttar Pradesh,Kanpur,852034.06,0.26029785756298307,0.6605504587155964,-2.1600242462307446,0.5023692574153162,Cost Multiplier
2459,Street Lighting,Karnataka,Bijapur,636655.14,0.9310472132401756,1.106060606060606,0.5382747599885657,0.8679245110669537,Timeline Duration
2460,Sports Infrastructure,Karnataka,Bijapur,1840509.76,0.9261618243454472,1.3571428571428572,0.5812337641850707,-0.043695973743814405,Cost Multiplier
2461,School Infrastructure,Karnataka,Bijapur,2424021.29,1.1211575581856121,0.7166666666666667,0.25744232399501393,0.8193810340402095,Timeline Duration
2462,Drinking Water Supply,Karnataka,Bijapur,1788484.9,1.1902694646405592,1.295774647887324,0.17646731000010335,0.07936987904148957,Cost Multiplier
2463,School Infrastructure,Karnataka,Bijapur,1636303.66,0.7568226498108769,1.3722222222222222,0.6011741084453535,-0.19201243633551027,Cost Multiplier
2464,Electrification,Karnataka,Bijapur,1580632.37,1.5272885933000635,1.0421052631578946,0.30463483016735793,1.0628370577531685,Timeline Duration
2465,Health Centre Infrastructure,Karnataka,Bijapur,4972538.31,1.6596639268020852,0.9321266968325792,-0.32394986279728566,1.1267303815205452,Timeline Duration
2466,Sanitation & Drainage,Bihar,Jhanjharpur,399817.1,0.3505787155543413,0.5603448275862069,-1.2120418660201941,0.04570668979445999,Cost Multiplier
2467,Health Centre Infrastructure,Bihar,Jhanjharpur,2105774.66,0.7028358603386861,0.6832579185520362,0.5112018119675346,0.6764724203885903,Timeline Duration
2468,School Infrastructure,Bihar,Jhanjharpur,1567044.17,0.7247887724642051,0.9833333333333333,0.4968864928469655,1.0870967289949867,Timeline Duration
2469,School Infrastructure,Bihar,Jhanjharpur,2879095.96,1.3316385502107784,6.588888888888889,0.11259029781584913,-5.744139386754852,Timeline Duration
2470,School Infrastructure,Bihar,Jhanjharpur,1290822.65,0.5970308826473554,0.8055555555555556,0.3335156249280149,0.9980055751538341,Timeline Duration
2471,Street Lighting,Bihar,Jhanjharpur,905098.88,1.3236204924549955,0.803030303030303,0.26530358853436997,0.930678499769176,Timeline Duration
2472,Irrigation Facilities,Delhi,South Delhi,1268935.78,0.3876620436030607,1.3073394495412844,-0.7858368948013974,0.23138900647627952,Cost Multiplier
2473,Rural Roads,Delhi,South Delhi,3938238.2,1.140677292513343,1.1917098445595855,0.3200288251776628,0.6690373738562556,Timeline Duration
2474,Sports Infrastructure,Delhi,South Delhi,3323074.74,1.6722024683176213,0.9065934065934066,-0.5867817660791766,1.1024839894543121,Timeline Duration
2475,Street Lighting,Delhi,South Delhi,612748.87,0.8960865812370047,15.848484848484848,0.2773735096644687,-8.396471265571394,Timeline Duration
2476,Irrigation Facilities,Delhi,South Delhi,2351950.25,0.7185248101111386,0.8853211009174312,0.48539221349657063,1.0715342357544109,Timeline Duration
2477,Sanitation & Drainage,Delhi,South Delhi,283156.3,0.24828495818492938,0.5344827586206896,-2.3017918759636955,-0.17152930445200273,Cost Multiplier
2478,Sports Infrastructure,Delhi,South Delhi,1585435.67,0.7978061428533508,0.8956043956043956,0.6530651400705906,1.0853159064580868,Timeline Duration
2479,Electrification,Assam,Sonitpur,287638.44,0.27793110956384165,0.7157894736842105,-2.1466284347740836,0.7202804570779734,Cost Multiplier
2480,Health Centre Infrastructure,Assam,Sonitpur,1694419.01,0.5655393548460568,3.574660633484163,0.03235264000678275,-3.6463340712175913,Timeline Duration
2481,Electrification,Assam,Sonitpur,999903.92,0.9661587858105293,0.8210526315789474,0.5193764697397627,0.8478989851422437,Timeline Duration
2482,Sports Infrastructure,Assam,Sonitpur,2314869.93,1.1648643240507552,0.9395604395604396,0.4015109163029964,1.1133583720612823,Timeline Duration
2483,Community Hall Construction,Assam,Sonitpur,2213270.85,1.2381697512192018,0.7614678899082569,0.17533389180759107,0.9153310367023051,Timeline Duration
2484,Electrification,Assam,Sonitpur,1102414.61,1.0652099064251976,0.968421052631579,0.5292736927905206,1.0726579851329963,Timeline Duration
2485,Drinking Water Supply,Assam,Sonitpur,1089766.69,0.7252596958964619,1.204225352112676,0.40705203617288577,0.5809172176549127,Timeline Duration
2486,Sanitation & Drainage,Haryana,Gurgaon,1754099.75,1.5380783796120556,0.47413793103448276,0.22125398271732588,-0.5481311855256235,Timeline Duration
2487,Street Lighting,Haryana,Gurgaon,929521.32,1.359335973684795,0.7727272727272727,0.13422300204552948,0.9443451567798701,Timeline Duration
2488,Drinking Water Supply,Haryana,Gurgaon,674222.21,0.4487072319959059,0.9859154929577465,-0.2938948255677242,1.0012443237532989,Timeline Duration
2489,Electrification,Haryana,Gurgaon,1460350.24,1.4110657899376122,1.4526315789473685,0.1356721976747512,-0.9091878772278555,Timeline Duration
2490,Rural Roads,Haryana,Gurgaon,3589641.22,1.039709133877147,0.5906735751295337,0.5745468652719138,0.31622213390145426,Cost Multiplier
2491,Community Hall Construction,Rajasthan,Jaipur Rural,679177.39,0.3799520966943593,1.0642201834862386,-1.0834485487946828,0.8718115864362415,Cost Multiplier
2492,Community Hall Construction,Rajasthan,Jaipur Rural,507305.02,0.2838015647319677,0.8486238532110092,-1.7875579752029784,0.9251653374656318,Cost Multiplier
2493,Rural Roads,Rajasthan,Jaipur Rural,5383715.99,1.5593476745855526,0.9222797927461139,0.30456652325899425,1.0928465481081264,Timeline Duration
2494,Irrigation Facilities,Rajasthan,Jaipur Rural,3413633.37,1.0428708128364093,1.238532110091743,0.5325138602195592,0.6070835840623747,Timeline Duration
2495,Street Lighting,Rajasthan,Jaipur Rural,656249.87,0.9597026306152613,0.3787878787878788,0.5075092413873293,-1.4794201162309253,Timeline Duration
2496,Sports Infrastructure,Rajasthan,Jaipur Rural,3239974.21,1.6303854999203042,0.989010989010989,-0.2942757401698387,1.1109363398961098,Timeline Duration
2497,Community Hall Construction,Rajasthan,Jaipur Rural,1041728.97,0.5827742680579447,0.6559633027522935,0.25620921051340967,0.516246858537502,Timeline Duration
2498,Health Centre Infrastructure,Rajasthan,Jaipur Rural,2191951.15,0.731598637591461,0.3755656108597285,0.5038382585729105,-1.4753013851565964,Timeline Duration
2499,Sports Infrastructure,Bihar,Patna Sahib,1783358.3,0.89740267206711,0.8681318681318682,0.5788319050715356,0.9884963075254377,Timeline Duration
2500,Street Lighting,Bihar,Patna Sahib,402543.56,0.5886814323776282,0.9393939393939394,0.25227446035237155,1.0202108637284548,Timeline Duration
2501,School Infrastructure,Bihar,Patna Sahib,3783840.27,1.7501006014999099,1.0055555555555555,-1.514635937154477,0.9849205636785727,Cost Multiplier
2502,Community Hall Construction,Bihar,Patna Sahib,2323596.55,1.2998892396053991,1.2477064220183487,-0.016581371404128697,0.5239279482457536,Timeline Duration
2503,Sports Infrastructure,Bihar,Patna Sahib,1772788.76,0.8920839801146739,1.3241758241758241,0.6401699818582655,0.18031367238254487,Cost Multiplier
2504,Health Centre Infrastructure,Bihar,Patna Sahib,1366109.47,0.4559608123806924,0.8733031674208145,-0.19796587357047485,0.8808582790140206,Timeline Duration
2505,School Infrastructure,Maharashtra,Mumbai North West,3593830.46,1.6622173244471277,0.9666666666666667,-0.3941492541373239,1.1398578280951577,Timeline Duration
2506,Drinking Water Supply,Maharashtra,Mumbai North West,776191.35,0.5165695626634214,1.2887323943661972,0.32889523014341365,0.4597712501276224,Timeline Duration
2507,Street Lighting,Maharashtra,Mumbai North West,915383.33,1.3386605163401524,0.6060606060606061,0.25146815909986914,0.35962773944617815,Timeline Duration
2508,Sports Infrastructure,Maharashtra,Mumbai North West,3305126.54,1.663170765244383,1.2637362637362637,-0.6509497494285952,0.3106025165769796,Cost Multiplier
2509,Community Hall Construction,Maharashtra,Mumbai North West,1947523.55,1.089502782452964,0.6284403669724771,0.3611671760966042,0.5008708044357606,Timeline Duration
2510,Irrigation Facilities,Maharashtra,Mumbai North West,1624381.82,0.49625141465619255,0.6926605504587156,0.051772652286292103,0.6620557310397975,Timeline Duration
2511,Sanitation & Drainage,Maharashtra,Mumbai North West,1418861.34,1.244125341629739,0.9913793103448276,0.11677466525463548,1.0999692245981554,Timeline Duration
2512,Sanitation & Drainage,Maharashtra,Mumbai North West,490213.86,0.429842909134541,0.5948275862068966,-0.4676058491879661,0.23577107866938807,Cost Multiplier
2513,Irrigation Facilities,Uttar Pradesh,Gorakhpur,4241292.96,1.2957222282697982,0.7568807339449541,-0.04396447106513193,0.8595221877586595,Timeline Duration
2514,Sports Infrastructure,Uttar Pradesh,Gorakhpur,1133777.95,0.5705277295430594,1.2197802197802199,0.16211867284496587,0.6210450124023389,Timeline Duration
2515,Community Hall Construction,Uttar Pradesh,Gorakhpur,1990944.2,1.113793589612095,1.0963302752293578,0.3349961322696327,0.9035727217177805,Timeline Duration
2516,Electrification,Uttar Pradesh,Gorakhpur,722886.86,0.6984906019130178,1.1157894736842104,0.4839949509089642,0.755529795026768,Timeline Duration
2517,Street Lighting,Uttar Pradesh,Gorakhpur,706921.34,1.0338048061420044,0.6060606060606061,0.5257305893545056,0.3960838207269066,Cost Multiplier
2518,Street Lighting,Uttar Pradesh,Gorakhpur,1190663.56,1.7412315079159286,1.303030303030303,-1.4880729808970432,0.04773303482506917,Cost Multiplier
2519,Rural Roads,Uttar Pradesh,Gorakhpur,4972118.25,1.4401318801554923,1.0310880829015545,0.40565496265736956,1.0470520722262553,Timeline Duration
2520,School Infrastructure,Maharashtra,Nanded,2114397.85,0.9779506229249778,1.1555555555555554,0.5780118198590262,0.7344630809400714,Timeline Duration
2521,School Infrastructure,Maharashtra,Nanded,2848296.94,1.3173933972493908,0.4111111111111111,0.20527646714451872,-1.0784899630795177,Timeline Duration
2522,Community Hall Construction,Maharashtra,Nanded,2776940.13,1.5535031647449375,1.0963302752293578,0.20269114232492735,0.8460055828136498,Timeline Duration
2523,Irrigation Facilities,Maharashtra,Nanded,4926806.14,1.5051476731694862,0.6834862385321101,0.36066092344937856,0.7928609844481279,Timeline Duration
2524,Street Lighting,Maharashtra,Nanded,1001653.0,1.4648216525569269,0.8787878787878788,0.5302254679814725,0.9931389676773158,Timeline Duration
2525,Irrigation Facilities,Mizoram,Mizoram,1908107.79,0.5829301820824374,0.9495412844036697,0.2527945426533242,1.0058415779637493,Timeline Duration
2526,Sports Infrastructure,Mizoram,Mizoram,2293447.42,1.1540843155037435,0.6593406593406593,0.20749326305831045,0.5678512140301797,Timeline Duration
2527,Electrification,Mizoram,Mizoram,1084487.96,1.047888251762967,7.178947368421053,0.4511310333538779,-5.823063095907886,Timeline Duration
2528,Rural Roads,Mizoram,Mizoram,3196691.73,0.9258946468946938,0.6010362694300518,0.4614244739389877,0.27523714119681386,Cost Multiplier
2529,School Infrastructure,Mizoram,Mizoram,1176853.48,0.5443178982883604,1.1722222222222223,0.10926473488924829,0.7735397997002523,Timeline Duration
2530,Sports Infrastructure,Mizoram,Mizoram,2470586.96,1.2432225983293197,3.565934065934066,0.15720010888925207,-3.594499684213881,Timeline Duration
2531,Health Centre Infrastructure,Tamil Nadu,Tirunelveli,1013853.52,0.3383897738548175,1.0,-1.2596043990642318,0.912636118181286,Cost Multiplier
2532,Street Lighting,Tamil Nadu,Tirunelveli,478304.82,0.6994750246426091,1.606060606060606,0.6331827714487068,-1.3729969396690551,Timeline Duration
2533,Community Hall Construction,Tamil Nadu,Tirunelveli,1241327.21,0.6944354789597151,1.4587155963302751,0.5298064802369553,-0.7142021031488722,Timeline Duration
2534,Sanitation & Drainage,Tamil Nadu,Tirunelveli,213181.16,0.1869274156937873,1.2327586206896552,-3.7330235800216647,0.49003992538330005,Cost Multiplier
2535,Rural Roads,Tamil Nadu,Tirunelveli,5895348.57,1.7075377119774038,1.2797927461139897,-1.198918503150681,0.18644367099224526,Cost Multiplier
2536,School Infrastructure,Tamil Nadu,Tirunelveli,2635589.79,1.2190121536990832,0.32222222222222224,0.28810096661520773,-1.7483067877897167,Timeline Duration
2537,Electrification,Madhya Pradesh,Rajgarh,336493.94,0.3251378157443378,1.1263157894736842,-1.2893293247917497,0.7219799257905235,Cost Multiplier
2538,Sanitation & Drainage,Madhya Pradesh,Rajgarh,889995.54,0.780390566742374,1.3706896551724137,0.7483785321576286,-0.1594435801209817,Cost Multiplier
2539,School Infrastructure,Madhya Pradesh,Rajgarh,2129025.65,0.9847162683412469,1.3222222222222222,0.7117397922979511,0.16413025432529016,Cost Multiplier
2540,Electrification,Madhya Pradesh,Rajgarh,787809.86,0.7612225560503483,1.0,0.5920435596600826,1.0209908992959789,Timeline Duration
2541,Electrification,Madhya Pradesh,Rajgarh,1479226.78,1.4293052773542672,1.431578947368421,0.18284644300724773,-0.7977871607294824,Timeline Duration
2542,Street Lighting,Chhattisgarh,Mahasamund,857014.93,1.2533023172980653,0.8939393939393939,-0.07850916914784846,1.0195440818315789,Timeline Duration
2543,Health Centre Infrastructure,Chhattisgarh,Mahasamund,1518222.59,0.5067309909733069,4.710407239819005,0.04639617381296725,-4.526352264024919,Timeline Duration
2544,Drinking Water Supply,Chhattisgarh,Mahasamund,1417006.76,0.9430439572720202,0.9577464788732394,0.4871509270759244,1.0609378702585845,Timeline Duration
2545,Community Hall Construction,Chhattisgarh,Mahasamund,1886212.68,1.0552036524323736,1.0779816513761469,0.5440053575149044,0.9445973411503644,Timeline Duration
2546,Irrigation Facilities,Chhattisgarh,Mahasamund,3741287.56,1.1429697263452596,1.1330275229357798,0.31034035569560264,0.7559078898633871,Timeline Duration
2547,Electrification,Chhattisgarh,Mahasamund,911726.0,0.8809567274742663,1.2105263157894737,0.6706518741110995,0.6838061693512035,Timeline Duration
2548,Sanitation & Drainage,Chhattisgarh,Mahasamund,280642.83,0.2460810277272667,3.0948275862068964,-2.015143575690659,-3.0910226376383187,Timeline Duration
2549,Community Hall Construction,Chhattisgarh,Mahasamund,1876196.9,1.0496005262578856,3.743119266055046,0.5256619876210394,-3.5993387678494955,Timeline Duration
2550,Irrigation Facilities,Uttar Pradesh,Moradabad,5321783.11,1.6258138107153477,0.3119266055045872,-0.24117304244519805,-2.0687595035919784,Timeline Duration
2551,Sports Infrastructure,Uttar Pradesh,Moradabad,2600840.23,1.3087672690460672,1.1703296703296704,0.2031662467268423,0.7389752910030243,Timeline Duration
2552,Electrification,Uttar Pradesh,Moradabad,932487.83,0.9010178794137492,0.6631578947368421,0.404604358310346,0.45073942384930904,Timeline Duration
2553,Sanitation & Drainage,Uttar Pradesh,Moradabad,905940.19,0.7943715968608044,0.9482758620689655,0.6405803834853362,1.0474108982567407,Timeline Duration
2554,Drinking Water Supply,Uttar Pradesh,Moradabad,1809694.95,1.2043851414676319,1.0845070422535212,0.26771618791338697,0.8954006645441746,Timeline Duration
2555,School Infrastructure,Uttar Pradesh,Moradabad,3890764.25,1.7995550468147392,1.2777777777777777,-2.568157004993999,0.14941457979589742,Cost Multiplier
2556,Sanitation & Drainage,Uttar Pradesh,Moradabad,1606771.71,1.4088941225396627,1.0,0.31390558809449076,1.0472577669581173,Timeline Duration
2557,Irrigation Facilities,Uttar Pradesh,Moradabad,2786240.84,0.8512013255743395,3.86697247706422,0.49428635734526727,-3.6232994569855075,Timeline Duration
2558,Sanitation & Drainage,Odisha,Dhenkanal,300254.66,0.2632776162950645,1.5258620689655173,-1.881804021576751,-0.9859576195490888,Cost Multiplier
2559,Health Centre Infrastructure,Odisha,Dhenkanal,2862313.87,0.9553428814557033,3.6199095022624435,0.5457745161276254,-3.609580109828235,Timeline Duration
2560,Irrigation Facilities,Odisha,Dhenkanal,4867227.45,1.4869462818267398,1.1697247706422018,0.31306975683280286,0.7251480977182787,Timeline Duration
2561,Rural Roads,Odisha,Dhenkanal,5220800.2,1.5121604977802308,0.8549222797927462,0.28290923868249734,1.0080039839827863,Timeline Duration
2562,Health Centre Infrastructure,Odisha,Dhenkanal,3427881.77,1.14411018364009,1.3936651583710407,0.1580957702932795,-0.4198123327733099,Timeline Duration
2563,Drinking Water Supply,Odisha,Dhenkanal,2261373.85,1.5049857238334303,0.8943661971830986,0.33491000793769843,1.075800218713235,Timeline Duration
2564,Health Centre Infrastructure,Nagaland,Nagaland,1529653.31,0.5105461759872107,1.081447963800905,0.1316021713162823,0.9298179722667531,Timeline Duration
2565,Rural Roads,Nagaland,Nagaland,3593528.2,1.040834964666776,0.8860103626943006,0.5254246970965818,1.003529561409423,Timeline Duration
2566,Sports Infrastructure,Nagaland,Nagaland,3148385.98,1.5842974410417843,1.1373626373626373,-0.014106435025837845,0.6791137640910816,Timeline Duration
2567,Community Hall Construction,Nagaland,Nagaland,2188005.11,1.2240353424051296,0.8899082568807339,0.19181001019665345,1.0496647250297517,Timeline Duration
2568,Sports Infrastructure,Nagaland,Nagaland,1294898.34,0.6516050254013819,1.2032967032967032,0.32029206712058633,0.6274182526084587,Timeline Duration
2569,Electrification,Nagaland,Nagaland,798919.48,0.7719572444092222,1.0842105263157895,0.6337229635354215,0.9188440456833208,Timeline Duration
2570,Street Lighting,Nagaland,Nagaland,1919626.41,2.807269913021895,1.0,-7.259235077060312,0.5977098977485007,Cost Multiplier
2571,Sanitation & Drainage,Tamil Nadu,Madurai,344930.77,0.30245176182251815,1.206896551724138,-1.3913533968394605,0.6056517528560166,Cost Multiplier
2572,School Infrastructure,Tamil Nadu,Madurai,613821.91,0.2839047151175923,0.5333333333333333,-1.6881920402714188,-0.14553646090093092,Cost Multiplier
2573,Sanitation & Drainage,Tamil Nadu,Madurai,917170.39,0.8042187722102788,1.0948275862068966,0.5755450002216088,0.9065733051261775,Timeline Duration
2574,Sanitation & Drainage,Tamil Nadu,Madurai,1378449.43,1.2086902501819303,0.9482758620689655,0.2403295753634106,1.094278630988946,Timeline Duration
2575,Street Lighting,Tamil Nadu,Madurai,1183046.0,1.7300915554297367,1.106060606060606,-1.2825381894589682,0.7902548664615713,Cost Multiplier
2576,Drinking Water Supply,Tamil Nadu,Madurai,1918347.02,1.27669508447637,0.5211267605633803,-0.021890264242465245,-0.2677604249009044,Timeline Duration
2577,Rural Roads,Tamil Nadu,Madurai,3647616.56,1.056501199391046,1.1088082901554404,0.5443680153321144,0.8707204824297057,Timeline Duration
2578,Rural Roads,Tamil Nadu,Madurai,2422186.59,0.7015658020490805,0.9740932642487047,0.54221207111477,1.065341301047011,Timeline Duration
2579,Health Centre Infrastructure,Tamil Nadu,Arakkonam,3770407.69,1.2584336695497835,1.4705882352941178,-0.1586383407163045,-0.9364550688722928,Timeline Duration
2580,Electrification,Tamil Nadu,Arakkonam,274525.21,0.2652604297900748,0.9368421052631579,-2.3441471023265676,0.775842529811798,Cost Multiplier
2581,Irrigation Facilities,Tamil Nadu,Arakkonam,3781138.56,1.155144274768526,0.4908256880733945,0.20105264120157784,-0.41503187819836845,Timeline Duration
2582,Community Hall Construction,Tamil Nadu,Arakkonam,1740948.99,0.9739388099895775,1.091743119266055,0.6134377847774926,0.9131230332981566,Timeline Duration
2583,Community Hall Construction,Tamil Nadu,Arakkonam,667713.34,0.37353876506959927,0.7064220183486238,-1.06191413162628,0.7754310354996677,Cost Multiplier
2584,Health Centre Infrastructure,Tamil Nadu,Dindigul,7058642.5,2.355934454216822,0.5520361990950227,-5.518163572463745,0.03286209112575373,Cost Multiplier
2585,Health Centre Infrastructure,Tamil Nadu,Dindigul,2602911.55,0.8687632220960207,1.0497737556561086,0.5389714621315662,1.033452737904326,Timeline Duration
2586,Community Hall Construction,Tamil Nadu,Dindigul,2790809.78,1.5612622607859834,0.944954128440367,0.2438011439766543,1.0713949075916738,Timeline Duration
2587,Health Centre Infrastructure,Tamil Nadu,Dindigul,4672953.17,1.5596726107243308,1.2126696832579185,0.1800164095547923,0.5630158872406181,Timeline Duration
2588,Irrigation Facilities,Tamil Nadu,Dindigul,3936716.83,1.202673701425901,0.7339449541284404,0.29443683850032715,0.9150907565212382,Timeline Duration
2589,Sanitation & Drainage,Tamil Nadu,Dindigul,578067.3,0.5068769983524118,1.0603448275862069,0.1279206161151929,0.9495162933617838,Timeline Duration
2590,Sanitation & Drainage,Tamil Nadu,Dindigul,1778283.84,1.559284143970435,1.0689655172413792,0.21935799192211153,0.9017007923775466,Timeline Duration
2591,Irrigation Facilities,Tamil Nadu,Dindigul,5400189.37,1.6497670567833818,0.981651376146789,-0.3766363981585026,1.1112970168814302,Timeline Duration
2592,Electrification,Karnataka,Bidar,525612.51,0.5078739409966756,8.736842105263158,0.030519530979266355,-6.636478964081727,Timeline Duration
2593,Drinking Water Supply,Karnataka,Bidar,2484055.57,1.6531844878541042,0.44366197183098594,-0.42121847719725014,-0.703832670861152,Timeline Duration
2594,Community Hall Construction,Karnataka,Bidar,756990.86,0.42348327354576126,0.39908256880733944,-0.6338008103734898,-1.2526562796216991,Timeline Duration
2595,Rural Roads,Karnataka,Bidar,3478054.18,1.0073888941651918,1.4663212435233162,0.5651026011870119,-0.8893389507896353,Timeline Duration
2596,School Infrastructure,Karnataka,Bidar,1298050.89,0.6003740859194601,0.8333333333333334,0.2886490719566293,0.9123535311756206,Timeline Duration
2597,School Infrastructure,Karnataka,Bidar,611989.81,0.2830573328067085,0.9555555555555556,-1.9752039034900846,0.8956369659163401,Cost Multiplier
2598,Sanitation & Drainage,Karnataka,Bidar,1305040.48,1.1443217791955897,0.9396551724137931,0.23763883422775578,1.1066786475748922,Timeline Duration
2599,Sanitation & Drainage,Meghalaya,Tura,1978315.99,1.7346818801267256,0.9310344827586207,-1.2870947987348471,1.0467329236331553,Cost Multiplier
2600,Street Lighting,Meghalaya,Tura,1135697.54,1.6608489640101278,1.0909090909090908,-0.5286596679993272,0.8232435732174849,Timeline Duration
2601,Drinking Water Supply,Meghalaya,Tura,1222572.22,0.8136442090083176,3.288732394366197,0.512294817070744,-3.681788501981474,Timeline Duration
2602,Community Hall Construction,Meghalaya,Tura,2160384.5,1.2085835490504109,0.8165137614678899,0.17559062970472222,0.86401325931073,Timeline Duration
2603,Rural Roads,Meghalaya,Tura,4090662.26,1.184825628709638,2.704663212435233,0.24342465545415776,-3.3704974736843845,Timeline Duration
2604,Drinking Water Supply,Meghalaya,Tura,1463971.9,0.9743001183078606,1.408450704225352,0.6523770714381774,-0.40908432470215345,Cost Multiplier
2605,Electrification,Meghalaya,Tura,607111.55,0.5866225206913365,1.0,0.28052251945887513,0.977760598615016,Timeline Duration
2606,Community Hall Construction,Odisha,Puri,576263.85,0.32237919177000834,0.3394495412844037,-1.2066509834544596,-1.7896064787858352,Timeline Duration
2607,Sports Infrastructure,Odisha,Puri,3317826.83,1.669561670640134,0.7912087912087912,-0.5859506150091854,1.0082429276323404,Timeline Duration
2608,Irrigation Facilities,Odisha,Puri,4946003.28,1.5110124321596805,4.353211009174312,-0.061849152715074796,-4.459893308871131,Timeline Duration
2609,Irrigation Facilities,Odisha,Puri,837663.6,0.2559076575395303,0.9311926605504587,-2.393087799728904,0.7606069488817612,Cost Multiplier
2610,Street Lighting,Odisha,Puri,877219.55,1.282849640430612,1.3636363636363635,-0.1251564418309746,-0.27766153764427387,Timeline Duration
2611,Street Lighting,Odisha,Puri,1161083.62,1.697973676517895,0.8333333333333334,-0.8265365127520777,0.9167859615418138,Timeline Duration
2612,Irrigation Facilities,Uttar Pradesh,Ballia,3382547.21,1.0333739379722047,0.9587155963302753,0.5234954925173184,1.0966527493142262,Timeline Duration
2613,Electrification,Uttar Pradesh,Ballia,1216332.5,1.1752832525567911,1.0736842105263158,0.2436887562155713,0.9237602776236724,Timeline Duration
2614,Electrification,Uttar Pradesh,Ballia,285696.66,0.27605486148681524,1.0947368421052632,-2.102251232490118,0.8059517246805062,Cost Multiplier
2615,Electrification,Uttar Pradesh,Ballia,679496.02,0.6565641323281212,3.526315789473684,0.4039365147944509,-3.6442307111023164,Timeline Duration
2616,Drinking Water Supply,Uttar Pradesh,Ballia,756091.9,0.5031930104817006,0.3380281690140845,-0.07506083599732614,-2.060428503588937,Timeline Duration
2617,Community Hall Construction,Uttar Pradesh,Ballia,2876846.05,1.6093935173024319,1.4541284403669725,-0.2889562921995432,-0.9296837280554902,Timeline Duration
2618,Sanitation & Drainage,Maharashtra,Mumbai North East,620045.19,0.5436852158045453,0.6724137931034483,0.006372928737601696,0.5815897386068692,Timeline Duration
2619,School Infrastructure,Maharashtra,Mumbai North East,2702576.98,1.2499950475704964,0.5222222222222223,-0.008655173177645468,-0.2667526250374181,Timeline Duration
2620,Irrigation Facilities,Maharashtra,Mumbai North East,1928068.03,0.5890280694232827,0.8761467889908257,0.3375931710528387,0.9810881172909677,Timeline Duration
2621,Community Hall Construction,Maharashtra,Mumbai North East,1982502.97,1.1090713136877164,0.43577981651376146,0.214908996270828,-0.8262078403748585,Timeline Duration
2622,Irrigation Facilities,Maharashtra,Mumbai North East,5025136.71,1.5351878299021255,0.7798165137614679,0.2706817802167778,1.0087015583427985,Timeline Duration
2623,Irrigation Facilities,Maharashtra,Parbhani,4191966.78,1.280652996206744,1.1788990825688073,-0.003211839453878422,0.7122944110670968,Timeline Duration
2624,Sanitation & Drainage,Maharashtra,Parbhani,1643078.29,1.4407294647062958,2.310344827586207,0.26731970136579414,-3.3039092015158262,Timeline Duration
2625,Community Hall Construction,Maharashtra,Parbhani,698373.54,0.39069099576306865,1.1743119266055047,-0.8762682055077451,0.731737941903184,Cost Multiplier
2626,Irrigation Facilities,Maharashtra,Parbhani,4060097.06,1.240366571983949,1.3256880733944953,0.031280842222888156,-0.07017381930027486,Timeline Duration
2627,Irrigation Facilities,Maharashtra,Parbhani,2551704.22,0.7795499884129313,0.8348623853211009,0.6807011268342351,0.9122897903420437,Timeline Duration
2628,Street Lighting,Maharashtra,Parbhani,420030.48,0.6142543793488155,1.2121212121212122,0.26156595383212805,0.640537518056203,Timeline Duration
2629,Rural Roads,Maharashtra,Parbhani,3979162.16,1.1525305704313025,0.6269430051813472,0.23247115846053004,0.5306331502069094,Timeline Duration
2630,Irrigation Facilities,Maharashtra,Parbhani,4627247.17,1.4136318972569906,0.7431192660550459,0.3520412889993366,0.9306521468670519,Timeline Duration
2631,Community Hall Construction,Bihar,Paschim Champaran,2804911.9,1.5691514074812754,0.944954128440367,0.2549983662849572,1.068869832848123,Timeline Duration
2632,Sports Infrastructure,Bihar,Paschim Champaran,1644711.21,0.8276341521682601,0.7197802197802198,0.35395706477757305,0.802526040104155,Timeline Duration
2633,Irrigation Facilities,Bihar,Paschim Champaran,5359975.82,1.637481748717174,0.5045871559633027,-0.42120646835406167,-0.32176469846334843,Cost Multiplier
2634,School Infrastructure,Bihar,Paschim Champaran,1979080.87,0.9153638562560055,1.0888888888888888,0.4476010801367208,0.886439106692527,Timeline Duration
2635,Sanitation & Drainage,Bihar,Paschim Champaran,670186.44,0.5876514569215189,1.1637931034482758,0.30397674538246516,0.7572149351732113,Timeline Duration
2636,Sports Infrastructure,Bihar,Paschim Champaran,3067376.19,1.5435325526794201,1.1813186813186813,0.1895272376343718,0.6764395087864412,Timeline Duration
2637,Health Centre Infrastructure,Telangana,Karimnagar,3345823.88,1.116722054790763,0.669683257918552,0.28618512974031146,0.6047625647251329,Timeline Duration
2638,Community Hall Construction,Telangana,Karimnagar,2507548.91,1.4027976784064549,1.0688073394495412,0.24322744210344882,0.9354863136846439,Timeline Duration
2639,Irrigation Facilities,Telangana,Karimnagar,1880320.7,0.574441178726269,0.7339449541284404,0.22515928021946266,0.9005366081608986,Timeline Duration
2640,Community Hall Construction,Telangana,Karimnagar,1541962.47,0.8626198135077981,1.0596330275229358,0.5276939784348206,0.9491080770890374,Timeline Duration
2641,Sports Infrastructure,Telangana,Karimnagar,2183536.0,1.098775855056569,0.8021978021978022,0.2171150341909018,0.8222417008951456,Timeline Duration
2642,Sports Infrastructure,Telangana,Karimnagar,1949823.45,0.9811695014339581,1.0714285714285714,0.634298630473306,0.9594807452367189,Timeline Duration
2643,Electrification,Telangana,Karimnagar,1460166.44,1.4108881928892558,0.5789473684210527,0.28381908963609287,0.21182042937749307,Cost Multiplier
2644,Irrigation Facilities,Telangana,Karimnagar,4446992.94,1.3585639227611528,1.1422018348623852,0.13238112190065135,0.7534332515062656,Timeline Duration
2645,Drinking Water Supply,Jharkhand,Ranchi,1095618.44,0.7291541427210957,0.4647887323943662,0.5833625762794808,-0.6018523908069959,Timeline Duration
2646,Irrigation Facilities,Jharkhand,Ranchi,2959602.98,0.9041637548280878,1.31651376146789,0.5603855823147955,0.2114652321891534,Cost Multiplier
2647,Electrification,Jharkhand,Ranchi,661728.81,0.6393965368247045,1.3473684210526315,0.37507682814373533,-0.005701505722661899,Cost Multiplier
2648,Sanitation & Drainage,Jharkhand,Ranchi,1268736.25,1.1124884976211165,8.577586206896552,0.16474386468933053,-6.649643101929694,Timeline Duration
2649,Sports Infrastructure,Jharkhand,Ranchi,3076424.75,1.548085873188462,1.2142857142857142,0.13450487286899807,0.5474739064709248,Timeline Duration
2650,Community Hall Construction,Jharkhand,Ranchi,932371.95,0.521596688166413,1.334862385321101,0.28400611519242364,0.2391894413757721,Cost Multiplier
2651,Sports Infrastructure,Jharkhand,Ranchi,1427061.83,0.7181109367909858,0.8571428571428571,0.48115480683982464,1.0368837762615608,Timeline Duration
2652,School Infrastructure,Jharkhand,Ranchi,3498532.3,1.6181400497111529,2.772222222222222,-0.2745976772762085,-3.3820194711186553,Timeline Duration
2653,Sanitation & Drainage,Maharashtra,Yavatmal-Washim,1870338.88,1.6400023966002086,0.5689655172413793,-0.36202667382388265,0.24774056936541755,Cost Multiplier
2654,School Infrastructure,Maharashtra,Yavatmal-Washim,1877960.63,0.8685937549251119,1.2444444444444445,0.5526658758253352,0.6554390162480487,Timeline Duration
2655,Health Centre Infrastructure,Maharashtra,Yavatmal-Washim,680268.72,0.22705052927301192,0.8959276018099548,-3.0731287207970817,0.7437558798537186,Cost Multiplier
2656,Sports Infrastructure,Maharashtra,Yavatmal-Washim,2508322.9,1.2622116783077872,4.1098901098901095,-0.14724340380481044,-4.112501910456714,Timeline Duration
2657,Irrigation Facilities,Maharashtra,Yavatmal-Washim,4121765.93,1.2592065168792625,1.31651376146789,-0.24862030980244573,-0.07684951559178999,Cost Multiplier
2658,Electrification,Maharashtra,Yavatmal-Washim,1528200.73,1.4766264360395391,0.7684210526315789,0.4709520247282831,0.9238351728963428,Timeline Duration
2659,Sports Infrastructure,Maharashtra,Yavatmal-Washim,2749114.0,1.383380024876157,1.4615384615384615,0.07484237415526844,-0.9373622326165377,Timeline Duration
2660,Electrification,Maharashtra,Yavatmal-Washim,526051.87,0.508298473309874,0.8842105263157894,0.14599187786245846,1.0440472578124476,Timeline Duration
2661,Electrification,Rajasthan,Bharatpur,1506154.55,1.4553242788277139,1.2736842105263158,0.33761407108745717,0.23058513047752047,Cost Multiplier
2662,School Infrastructure,Rajasthan,Bharatpur,3246112.17,1.5013907712476398,1.1666666666666667,0.22527490927179195,0.7104018931650735,Timeline Duration
2663,Drinking Water Supply,Rajasthan,Bharatpur,1299800.06,0.8650407512839313,0.7676056338028169,0.474586436411136,0.8446849262512656,Timeline Duration
2664,Rural Roads,Rajasthan,Bharatpur,4717064.14,1.3662576204321466,0.5647668393782384,0.18225268850004528,0.056955919665888956,Cost Multiplier
2665,Health Centre Infrastructure,Rajasthan,Bharatpur,4892554.97,1.6329682120850786,1.0678733031674208,-0.3315717520101248,0.9038015481883077,Timeline Duration
2666,Sports Infrastructure,Rajasthan,Bharatpur,2805876.56,1.4119434790162306,6.164835164835165,0.07263493151741234,-5.529476573383644,Timeline Duration
2667,Sports Infrastructure,Rajasthan,Bharatpur,4233010.06,2.130090480825394,0.5989010989010989,-4.48095005911258,0.26682557823879316,Cost Multiplier
2668,Sanitation & Drainage,Chhattisgarh,Rajnandgaon,526654.54,0.46179583658143303,1.3793103448275863,0.0573874460127077,-0.14137728438848857,Timeline Duration
2669,Irrigation Facilities,Chhattisgarh,Rajnandgaon,4847120.06,1.4808034399100876,1.3990825688073394,0.1434540847634971,-0.6834044103671042,Timeline Duration
2670,Community Hall Construction,Chhattisgarh,Rajnandgaon,688897.09,0.38538958688265923,1.1743119266055047,-0.9048673093020785,0.7344978542855548,Cost Multiplier
2671,Sanitation & Drainage,Chhattisgarh,Rajnandgaon,1658021.55,1.4538324282788757,3.8189655172413794,0.19782478399045253,-3.9020718579159683,Timeline Duration
2672,Sanitation & Drainage,Chhattisgarh,Rajnandgaon,1460119.65,1.2803025969941113,1.1120689655172413,-0.04820169536050521,0.7614149421905313,Timeline Duration
2673,Irrigation Facilities,Chhattisgarh,Rajnandgaon,3895517.05,1.1900870984137324,1.146788990825688,0.33208475752343697,0.7277654676197436,Timeline Duration
2674,School Infrastructure,Odisha,Koraput,2389420.76,1.1051541320248095,0.8,0.1659506386869982,0.8121813499984378,Timeline Duration
2675,Irrigation Facilities,Odisha,Koraput,4437252.78,1.3555882872797254,1.0688073394495412,0.1730618282413448,0.9358597380438851,Timeline Duration
2676,Health Centre Infrastructure,Odisha,Koraput,3512253.73,1.172270670239858,0.9683257918552036,0.3039330301540743,1.120473057308135,Timeline Duration
2677,Sports Infrastructure,Odisha,Koraput,1006951.89,0.5067076631370301,0.7197802197802198,0.08892292387158116,0.8264183687591392,Timeline Duration
2678,Sports Infrastructure,Odisha,Koraput,638629.63,0.32136443720997054,6.752747252747253,-1.008748148445772,-5.286067577213407,Timeline Duration
2679,Community Hall Construction,Punjab,Faridkot,2351156.51,1.3153071035404937,1.2431192660550459,0.23612793839921087,0.5874783160199369,Timeline Duration
2680,Rural Roads,Punjab,Faridkot,3394735.8,0.9832564320619605,0.7668393782383419,0.6020180842488692,0.8525093536528767,Timeline Duration
2681,Irrigation Facilities,Punjab,Faridkot,2571668.8,0.7856492016311737,1.4862385321100917,0.7278500807609043,-0.8152935833516032,Timeline Duration
2682,Health Centre Infrastructure,Punjab,Faridkot,3304936.43,1.1030752165778819,1.3257918552036199,0.29811397662046984,0.09400252721033006,Cost Multiplier
2683,Electrification,Punjab,Faridkot,1306682.69,1.2625842703067272,0.7684210526315789,0.002178542344113882,0.8953988860576542,Timeline Duration
2684,School Infrastructure,Punjab,Faridkot,1474124.08,0.6818114019103405,0.37777777777777777,0.42426324530898496,-1.510368282831193,Timeline Duration
2685,Irrigation Facilities,Punjab,Faridkot,3454567.22,1.0553761737803187,2.0045871559633026,0.5043230802630027,-2.6945143550690704,Timeline Duration
2686,Community Hall Construction,Punjab,Faridkot,794664.24,0.44455888638464475,1.0779816513761469,-0.3461929258755417,0.844319141909543,Timeline Duration
2687,Street Lighting,Tamil Nadu,Tiruvallur,985684.82,1.4414697174896665,0.8939393939393939,0.48416453960930883,1.0851551280229732,Timeline Duration
2688,Health Centre Infrastructure,Tamil Nadu,Tiruvallur,2863355.83,0.9556906522152957,0.8778280542986425,0.5277979553743525,0.9432910468879883,Timeline Duration
2689,Electrification,Tamil Nadu,Tiruvallur,1240106.43,1.1982548510107152,0.631578947368421,0.36494678436370903,0.573297159168525,Timeline Duration
2690,Health Centre Infrastructure,Tamil Nadu,Tiruvallur,2087516.51,0.6967419117281339,1.0542986425339367,0.4368400205407518,0.9584583628402499,Timeline Duration
2691,Rural Roads,Tamil Nadu,Tiruvallur,2382142.59,0.6899673970817516,4.880829015544041,0.4467382955270154,-4.586218967381944,Timeline Duration
2692,Electrification,Tamil Nadu,Tiruvallur,1345127.24,1.2997313791499772,12.905263157894737,-0.0024737607486576925,-7.895416475956226,Timeline Duration
2693,Sports Infrastructure,Haryana,Sonepat,744337.73,0.374557747493797,1.0384615384615385,-1.1433152534264635,0.9057804709009427,Cost Multiplier
2694,Rural Roads,Haryana,Sonepat,1473761.26,0.4268624492718224,1.1761658031088082,-0.5008253273811757,0.7391943916877968,Timeline Duration
2695,School Infrastructure,Haryana,Sonepat,2013584.93,0.9313226631430067,1.1722222222222223,0.4558820826421551,0.6593128132697655,Timeline Duration
2696,Street Lighting,Haryana,Sonepat,1050594.08,1.5363932983100177,0.5151515151515151,0.19280843132539327,-0.3002503169718677,Timeline Duration
2697,Rural Roads,Haryana,Sonepat,4123074.32,1.194213506986168,1.238341968911917,0.29708848415779215,0.5580755576152001,Timeline Duration
2698,Sports Infrastructure,Haryana,Sonepat,3188410.95,1.6044383824484585,0.7582417582417582,-0.0923582087022138,0.9026936360154578,Timeline Duration
2699,Sports Infrastructure,Haryana,Sonepat,2676085.38,1.3466313363342226,0.8461538461538461,0.23521643939788747,0.9782000772148438,Timeline Duration
2700,Sports Infrastructure,Haryana,Sonepat,654393.1,0.3292967635961206,0.5274725274725275,-1.2262301528332744,-0.1918816644581838,Cost Multiplier
2701,Rural Roads,West Bengal,Bishnupur,1066369.94,0.3088650087180648,1.450777202072539,-1.353849815825341,-0.7677367635472584,Cost Multiplier
2702,Sports Infrastructure,West Bengal,Bishnupur,949574.16,0.47783464966624006,1.1043956043956045,-0.02836243355046551,0.8817675997063046,Timeline Duration
2703,Sanitation & Drainage,West Bengal,Bishnupur,683053.65,0.5989340407694034,0.9827586206896551,0.2390549392090546,1.0407681896412617,Timeline Duration
2704,Sanitation & Drainage,West Bengal,Bishnupur,1534957.39,1.34592389924504,0.7155172413793104,0.2639758093060536,0.8298224559972956,Timeline Duration
2705,School Infrastructure,West Bengal,Bishnupur,2269850.68,1.049850616549144,0.9777777777777777,0.5263524439967209,1.076993149183813,Timeline Duration
2706,Electrification,Madhya Pradesh,Dhar,830607.11,0.8025754683341902,0.7052631578947368,0.47816325446753777,0.6960767364274949,Timeline Duration
2707,Sports Infrastructure,Madhya Pradesh,Dhar,2267778.7,1.1411675741419305,1.2197802197802199,0.30365684055479153,0.559927158852817,Timeline Duration
2708,Rural Roads,Madhya Pradesh,Dhar,1476085.5,0.42753564567481067,1.1088082901554404,-0.5685988356193236,0.8007706636551333,Timeline Duration
2709,Community Hall Construction,Madhya Pradesh,Dhar,1079570.7,0.603944060909915,1.146788990825688,0.21154970458509234,0.6987790777069023,Timeline Duration
2710,Street Lighting,Madhya Pradesh,Dhar,173685.55,0.25399849486424814,0.8636363636363636,-2.2693509366755347,0.91378432361879,Cost Multiplier
2711,Street Lighting,Madhya Pradesh,Dhar,792570.67,1.1590587544764013,1.2727272727272727,0.17478429119991779,0.26985978374618347,Timeline Duration
2712,Electrification,Madhya Pradesh,Dhar,723556.89,0.6991380194881551,0.8736842105263158,0.5937719401520294,1.0172242303326298,Timeline Duration
2713,Health Centre Infrastructure,Madhya Pradesh,Dhar,1716756.98,0.5729950084168761,1.3891402714932126,0.32271445632349816,-0.19057534769104095,Cost Multiplier
2714,Electrification,West Bengal,Jadavpur,1229214.33,1.1877303417049343,0.4,0.318394913945983,-1.1289220130151978,Timeline Duration
2715,Sanitation & Drainage,West Bengal,Jadavpur,645646.32,0.5661335084667144,0.6982758620689655,0.0728260075373269,0.7288057179910007,Timeline Duration
2716,Irrigation Facilities,West Bengal,Jadavpur,4826271.22,1.4744340837546852,0.5596330275229358,0.47110560850587113,0.04690505819476745,Cost Multiplier
2717,School Infrastructure,West Bengal,Jadavpur,2999584.17,1.3873667188828263,0.6944444444444444,0.25889969817476444,0.736813314987362,Timeline Duration
2718,Irrigation Facilities,West Bengal,Jadavpur,2626161.99,0.8022969640560381,3.7752293577981653,0.5184119388125039,-3.6527415823826206,Timeline Duration
2719,Irrigation Facilities,Haryana,Sirsa,3085902.53,0.9427484826219142,0.5688073394495413,0.5034253342362608,0.18523686699178904,Cost Multiplier
2720,Sports Infrastructure,Haryana,Sirsa,3247140.42,1.6339916042026539,1.0164835164835164,-0.33720571305489727,0.9651378151895389,Timeline Duration
2721,Irrigation Facilities,Haryana,Sirsa,3372197.85,1.0302121908524382,0.7155963302752294,0.4539481218358707,0.7454650036786985,Timeline Duration
2722,Health Centre Infrastructure,Haryana,Sirsa,2089291.65,0.6973343930001431,4.266968325791855,0.4896289293141943,-3.998579562742315,Timeline Duration
2723,Sports Infrastructure,Haryana,Sirsa,1582556.93,0.7963575338059224,0.9230769230769231,0.6603224350609823,1.04142621771246,Timeline Duration
2724,Drinking Water Supply,Haryana,Sirsa,2210576.23,1.4711789771494552,0.971830985915493,0.5482682812431691,1.1478982016991033,Timeline Duration
2725,Street Lighting,Tamil Nadu,Salem,864993.24,1.2649698321348515,0.9242424242424242,0.006858648193515767,1.0304196947253272,Timeline Duration
2726,Sports Infrastructure,Tamil Nadu,Salem,2103661.36,1.0585821848522143,1.3021978021978022,0.46990510822950987,0.1455275158565877,Cost Multiplier
2727,Electrification,Tamil Nadu,Salem,1749772.77,1.6907207793600074,0.968421052631579,-0.7115385226674544,1.114668073626846,Timeline Duration
2728,Drinking Water Supply,Tamil Nadu,Salem,1237738.26,0.8237374864586988,0.8732394366197183,0.46370660207264264,0.9937363124177786,Timeline Duration
2729,Rural Roads,Tamil Nadu,Salem,2193033.72,0.6351936168107011,1.2797927461139897,0.3853224079529055,0.3588967970229715,Cost Multiplier
2730,Sanitation & Drainage,Tamil Nadu,Salem,279712.66,0.2452654102765694,0.7586206896551724,-2.4396093101235716,0.8271116891316984,Cost Multiplier
2731,Electrification,Tamil Nadu,Nagapattinam,452578.51,0.4373047199430306,0.7789473684210526,-0.30908696392299045,0.9031150990376553,Timeline Duration
2732,Drinking Water Supply,Tamil Nadu,Nagapattinam,2128949.56,1.416854932925603,0.4295774647887324,0.3038803259325398,-0.925898402968991,Timeline Duration
2733,Sanitation & Drainage,Tamil Nadu,Nagapattinam,1658997.36,1.4546880650598566,0.6724137931034483,0.556738121645023,0.7055524179790733,Timeline Duration
2734,Drinking Water Supply,Tamil Nadu,Nagapattinam,2288883.07,1.5232936136915325,1.0492957746478873,0.2660246009026422,1.0301795463792016,Timeline Duration
2735,Health Centre Infrastructure,Tamil Nadu,Nagapattinam,3069669.03,1.024550971496195,0.5656108597285068,0.5510503038635078,0.09137007600741939,Cost Multiplier
2736,Community Hall Construction,Kerala,Vadakara,1250947.9,0.6998175799998373,0.6834862385321101,0.4959556343462993,0.6754530535903274,Timeline Duration
2737,Community Hall Construction,Kerala,Vadakara,2704671.26,1.5130738025686845,1.0091743119266054,0.3273776190579102,0.973620923885165,Timeline Duration
2738,Irrigation Facilities,Kerala,Vadakara,3077955.36,0.940320608641514,1.1559633027522935,0.40874094081689927,0.657375468676857,Timeline Duration
2739,Irrigation Facilities,Kerala,Vadakara,4859435.15,1.4845657208953047,0.9403669724770642,0.4689045164665037,1.150869446413388,Timeline Duration
2740,Health Centre Infrastructure,Kerala,Vadakara,1151588.65,0.38436106908942286,1.7782805429864252,-0.8092476217606829,-2.1767590791993,Timeline Duration
2741,Street Lighting,Bihar,Samastipur,883951.8,1.2926949117675184,0.803030303030303,-0.005394480651996504,0.9238122769189657,Timeline Duration
2742,Community Hall Construction,Bihar,Samastipur,814726.87,0.45578252021866145,4.293577981651376,-0.25446100565561797,-4.126726013912429,Timeline Duration
2743,Rural Roads,Bihar,Samastipur,4532728.56,1.3128663831249983,5.8549222797927465,0.21071019782154943,-5.173226074688831,Timeline Duration
2744,Rural Roads,Bihar,Samastipur,4711139.06,1.3645414712636366,0.8082901554404145,0.1877259659474515,0.9544696092120539,Timeline Duration
2745,Drinking Water Supply,Bihar,Samastipur,2233364.42,1.486344935056859,1.1549295774647887,0.28284262662949916,0.5909742208881477,Timeline Duration
2746,Sports Infrastructure,Madhya Pradesh,Indore,2903382.06,1.461009163820703,3.0604395604395602,0.3792826916312312,-3.547038256049806,Timeline Duration
2747,Street Lighting,Madhya Pradesh,Indore,1107173.48,1.619135256062532,0.9848484848484849,-0.18189452043886528,1.1159326397859932,Timeline Duration
2748,Community Hall Construction,Madhya Pradesh,Indore,1578190.52,0.8828868656201309,0.8761467889908257,0.6772307175842546,0.9912546914186776,Timeline Duration
2749,Community Hall Construction,Madhya Pradesh,Indore,2012784.73,1.1260118337536087,0.7752293577981652,0.23447872043099413,0.8909183743400982,Timeline Duration
2750,Health Centre Infrastructure,Madhya Pradesh,Indore,1924866.5,0.6424548781324092,0.9909502262443439,0.2543295194547398,1.0386131774160021,Timeline Duration
2751,Community Hall Construction,Madhya Pradesh,Indore,2103244.1,1.176617504382825,0.9220183486238532,0.2710972576696291,1.046625303106506,Timeline Duration
2752,Sports Infrastructure,Madhya Pradesh,Indore,3351093.8,1.686301922876365,3.857142857142857,-0.8283273887842403,-3.797531076326579,Timeline Duration
2753,Sanitation & Drainage,Uttar Pradesh,Deoria,1736608.96,1.522741620148214,1.25,0.11938004252645254,0.4593002506119527,Timeline Duration
2754,Sports Infrastructure,Uttar Pradesh,Deoria,1094384.05,0.5507043484966682,1.1153846153846154,0.03071837079839281,0.8201227632005699,Timeline Duration
2755,Sanitation & Drainage,Uttar Pradesh,Deoria,647393.8,0.5676657823335823,1.25,0.20343349704155408,0.6001959514222543,Timeline Duration
2756,Health Centre Infrastructure,Uttar Pradesh,Deoria,3935873.11,1.31366039111267,0.6289592760180995,0.28279716235084235,0.5256167989868641,Timeline Duration
2757,School Infrastructure,Uttar Pradesh,Deoria,1228545.4,0.5682264287308162,3.261111111111111,0.0009328994384328864,-3.757986099445436,Timeline Duration
2758,Drinking Water Supply,Uttar Pradesh,Deoria,1372442.13,0.9133853796167072,3.535211267605634,0.522396658589019,-3.5574004888304347,Timeline Duration
2759,Health Centre Infrastructure,Uttar Pradesh,Deoria,1268296.05,0.42331402423937764,0.9728506787330317,-0.721552122287485,0.8985736110409518,Timeline Duration
2760,Rural Roads,West Bengal,Asansol,1484298.7,0.42991452939466046,0.9119170984455959,-0.5223527085504245,0.918885111431264,Timeline Duration
2761,Sanitation & Drainage,West Bengal,Asansol,1826153.59,1.6012586254743713,0.9482758620689655,-0.060934775459286106,1.0937843041055497,Timeline Duration
2762,Sanitation & Drainage,West Bengal,Asansol,1445611.74,1.2675813690797026,0.7931034482758621,0.0017521337583517311,0.9414723396801111,Timeline Duration
2763,Community Hall Construction,West Bengal,Asansol,2896981.07,1.6206576482623611,0.7752293577981652,-0.17312503409064448,1.0021097849297762,Timeline Duration
2764,Street Lighting,West Bengal,Asansol,290834.27,0.4253172865269584,0.9393939393939394,-0.6880705019189007,0.9169942746464756,Timeline Duration
2765,Sanitation & Drainage,West Bengal,Asansol,436561.94,0.38279834500603255,0.4224137931034483,-0.9894673300026797,-0.8861373968733919,Cost Multiplier
2766,Sanitation & Drainage,West Bengal,Asansol,1292804.13,1.1335923635050817,1.3017241379310345,0.13987225530861644,0.07069830575460292,Cost Multiplier
2767,Health Centre Infrastructure,Punjab,Firozpur,1435328.85,0.4790638838624295,1.004524886877828,-0.08140848243518437,0.9753231725319512,Timeline Duration
2768,Drinking Water Supply,Punjab,Firozpur,473023.95,0.314806104165969,0.7676056338028169,-1.319041977136258,0.8527283089510046,Cost Multiplier
2769,Irrigation Facilities,Punjab,Firozpur,3550704.68,1.084746331669954,1.0045871559633028,0.36774181441126225,0.9620703974656023,Timeline Duration
2770,Street Lighting,Punjab,Firozpur,1165229.66,1.704036863234619,0.9545454545454546,-0.9319513739139755,1.1540076325660436,Timeline Duration
2771,Sanitation & Drainage,Punjab,Firozpur,1329878.91,1.1661013000959874,1.3275862068965518,0.1409409123230939,-0.0929530870312239,Cost Multiplier
2772,Community Hall Construction,Madhya Pradesh,Morena,1810013.51,1.0125755631671083,1.2339449541284404,0.5849606430955323,0.633483352976998,Timeline Duration
2773,Sports Infrastructure,Madhya Pradesh,Morena,963013.37,0.48459738655678586,0.8516483516483516,-0.03417624495047139,0.9520283958335125,Timeline Duration
2774,Irrigation Facilities,Madhya Pradesh,Morena,1765336.52,0.5393133157537062,1.5688073394495412,0.3373761120629916,-1.119364039129637,Timeline Duration
2775,Health Centre Infrastructure,Madhya Pradesh,Morena,2125389.58,0.7093826525646285,0.5701357466063348,0.49002787470052733,0.17090824974152552,Cost Multiplier
2776,Health Centre Infrastructure,Madhya Pradesh,Morena,3082914.07,1.0289717147316655,1.2307692307692308,0.5304193767272183,0.6170620046036219,Timeline Duration
2777,Rural Roads,Madhya Pradesh,Morena,1236805.63,0.3582302607784515,1.0569948186528497,-1.1795182040234726,0.8828672140399976,Cost Multiplier
2778,Health Centre Infrastructure,Madhya Pradesh,Morena,1695352.71,0.5658509921049069,0.8914027149321267,0.07303982450928595,0.9791253415845026,Timeline Duration
2779,Drinking Water Supply,Madhya Pradesh,Morena,596345.97,0.3968791676420947,1.091549295774648,-0.9502998875396449,0.7968565160966603,Cost Multiplier
2780,Drinking Water Supply,Madhya Pradesh,Vidisha,1789415.13,1.190888549746669,0.8591549295774648,0.29008635803334815,0.9250960393666962,Timeline Duration
2781,Sanitation & Drainage,Madhya Pradesh,Vidisha,709708.35,0.6223061538918443,0.9655172413793104,0.08789635837753271,0.9962378885728443,Timeline Duration
2782,Sanitation & Drainage,Madhya Pradesh,Vidisha,1919548.85,1.6831520469655075,1.0689655172413792,-0.7258379686104506,0.8947816716498457,Timeline Duration
2783,Irrigation Facilities,Madhya Pradesh,Vidisha,5468933.75,1.6707685820434113,0.41743119266055045,-0.570769134546841,-0.8892871988831521,Timeline Duration
2784,School Infrastructure,Madhya Pradesh,Vidisha,2273542.22,1.0515580264590398,0.9555555555555556,0.5186549948697141,1.1163224712196618,Timeline Duration
2785,School Infrastructure,Madhya Pradesh,Vidisha,2294146.88,1.0610880872667336,1.3333333333333333,0.4603485689430778,0.04543942284267598,Cost Multiplier
2786,Electrification,Karnataka,Bangalore North,1702099.53,1.6446564338236342,0.3473684210526316,-0.33856410942143844,-1.6349882404876919,Timeline Duration
2787,Health Centre Infrastructure,Karnataka,Bangalore North,2418574.12,0.8072376663622121,1.1990950226244343,0.5694035823399665,0.7090325210604714,Timeline Duration
2788,Electrification,Karnataka,Bangalore North,1487593.24,1.4373893829102613,0.8736842105263158,0.35055973134265944,0.9879592681298285,Timeline Duration
2789,Drinking Water Supply,Karnataka,Bangalore North,665053.89,0.44260554707921845,0.8732394366197183,-0.39497903173245885,0.8799183011676657,Timeline Duration
2790,Rural Roads,Karnataka,Bangalore North,1759151.45,0.5095232972720953,0.6580310880829016,0.09094398187999808,0.5189866976197238,Timeline Duration
2791,Drinking Water Supply,Karnataka,Bangalore North,1040991.33,0.6927988002887604,1.2112676056338028,0.45418822866644065,0.6061217880638456,Timeline Duration
2792,Electrification,Karnataka,Bangalore North,446989.08,0.43190392413239614,1.0,-0.5431385867586254,0.8689837779981059,Timeline Duration
2793,School Infrastructure,Gujarat,Sabarkantha,1898623.11,0.8781505586208663,1.0277777777777777,0.7010289336867657,1.0425689518959296,Timeline Duration
2794,Community Hall Construction,Gujarat,Sabarkantha,3453478.98,1.9319791834367415,0.3394495412844037,-2.8716578331242815,-1.4501113158839078,Cost Multiplier
2795,Rural Roads,Gujarat,Sabarkantha,2070445.12,0.5996868685543357,1.2538860103626943,0.32678726610069236,0.5252127010134593,Timeline Duration
2796,Irrigation Facilities,Gujarat,Sabarkantha,851517.62,0.2601400842627469,1.298165137614679,-2.050753472337987,0.24995853260532144,Cost Multiplier
2797,School Infrastructure,Gujarat,Sabarkantha,2810330.21,1.2998330373322993,0.8777777777777778,0.018200148958506218,0.9298946867476856,Timeline Duration
2798,Electrification,Gujarat,Sabarkantha,1496568.03,1.4460612883162371,0.42105263157894735,0.48602158569350323,-0.9307553312860899,Timeline Duration
2799,Sports Infrastructure,Gujarat,Sabarkantha,1727620.86,0.8693550679540274,0.9725274725274725,0.49898343484951396,1.0430792440080707,Timeline Duration
2800,School Infrastructure,Gujarat,Sabarkantha,3120226.59,1.443166212715161,1.1444444444444444,0.4283964969904307,0.7132682103484188,Timeline Duration
2801,School Infrastructure,Karnataka,Hassan,963660.55,0.44571197192653533,1.238888888888889,-0.23598792344557634,0.6324922285714769,Timeline Duration
2802,Drinking Water Supply,Karnataka,Hassan,1405121.72,0.9351342454270772,0.5352112676056338,0.4154199372050959,-0.19750369417356678,Cost Multiplier
2803,Health Centre Infrastructure,Karnataka,Hassan,3506561.44,1.1703707777131584,1.2081447963800904,0.25084619963875293,0.6189335594365909,Timeline Duration
2804,Street Lighting,Karnataka,Hassan,435354.58,0.6366644090556578,15.06060606060606,0.20802169945626678,-8.240862922480078,Timeline Duration
2805,Sports Infrastructure,Karnataka,Hassan,2676931.72,1.3470572225834847,0.7472527472527473,0.2556107104149675,0.8867157245643996,Timeline Duration
2806,School Infrastructure,Haryana,Bhiwani Mahendragarh,2590450.94,1.1981345471144866,1.3,0.12042594558478316,-0.012672884694645425,Cost Multiplier
2807,Rural Roads,Haryana,Bhiwani Mahendragarh,822396.4,0.23820014211550747,1.1917098445595855,-2.5741433743380733,0.5292379152743175,Cost Multiplier
2808,Rural Roads,Haryana,Bhiwani Mahendragarh,4454680.0,1.2902602796888565,1.4093264248704662,-0.06012018492552791,-0.5531080123915305,Timeline Duration
2809,Irrigation Facilities,Haryana,Bhiwani Mahendragarh,3592291.37,1.0974511363465838,1.036697247706422,0.3773080229251676,1.0486639793931307,Timeline Duration
2810,Street Lighting,Haryana,Bhiwani Mahendragarh,1127572.01,1.6489661540125529,0.5151515151515151,-0.433177317167386,-0.27060926051469864,Cost Multiplier
2811,Irrigation Facilities,Haryana,Bhiwani Mahendragarh,2517140.92,0.7689908413521828,0.8394495412844036,0.6382298245058142,0.9164135270146267,Timeline Duration
2812,Rural Roads,West Bengal,Diamond Harbour,931836.45,0.2698985243836305,0.689119170984456,-2.0455276044835515,0.6066668659674156,Cost Multiplier
2813,Sports Infrastructure,West Bengal,Diamond Harbour,1439595.89,0.7244181936870618,0.6758241758241759,0.4744707506768561,0.6557970293566394,Timeline Duration
2814,Rural Roads,West Bengal,Diamond Harbour,1375369.98,0.39836424952419863,0.8704663212435233,-0.957760017181181,0.8771550553407862,Cost Multiplier
2815,Electrification,West Bengal,Diamond Harbour,286620.38,0.27694740743625895,1.2842105263157895,-1.999408891362528,0.35496780475240775,Cost Multiplier
2816,Street Lighting,West Bengal,Diamond Harbour,620125.86,0.9068747231211661,1.0757575757575757,0.45494400911557625,0.8833711415346039,Timeline Duration
2817,Sanitation & Drainage,West Bengal,Diamond Harbour,873246.09,0.765703849572844,3.9310344827586206,0.5586177822769579,-3.7515595730137736,Timeline Duration
2818,School Infrastructure,West Bengal,Diamond Harbour,1696695.15,0.7847549026103524,1.0,0.704466366070791,1.0444237183766543,Timeline Duration
2819,Street Lighting,West Bengal,Diamond Harbour,1178944.06,1.7240928607425652,0.8484848484848485,-1.1017689675310471,0.992089980008633,Cost Multiplier
2820,Sports Infrastructure,Punjab,Fatehgarh Sahib,1149367.74,0.5783726585194547,0.8901098901098901,0.3039504122322128,1.0209073024980275,Timeline Duration
2821,Community Hall Construction,Punjab,Fatehgarh Sahib,2822736.14,1.5791228191620788,1.0275229357798166,0.08797626687064619,1.0023914921589927,Timeline Duration
2822,Community Hall Construction,Punjab,Fatehgarh Sahib,2664391.87,1.490540309979849,0.5321100917431193,0.2977345829289888,-0.19468667854931215,Cost Multiplier
2823,Electrification,Punjab,Fatehgarh Sahib,561175.21,0.5422364575994149,2.778947368421053,-0.19202184355786656,-3.5452483885774257,Timeline Duration
2824,Sanitation & Drainage,Punjab,Fatehgarh Sahib,1206587.09,1.0579931479085072,1.1896551724137931,0.5479333292238455,0.6719423676472664,Timeline Duration
2825,Street Lighting,Gujarat,Gandhinagar,293059.86,0.42857199890910486,0.9696969696969697,-0.5773303779490088,0.9429589895341107,Timeline Duration
2826,Health Centre Infrastructure,Gujarat,Gandhinagar,2362834.12,0.7886335528264938,1.3076923076923077,0.6954111759968961,0.1971433238908173,Cost Multiplier
2827,Sports Infrastructure,Gujarat,Gandhinagar,514707.76,0.25900578653076994,1.1373626373626373,-2.207638310723523,0.6480677612135767,Cost Multiplier
2828,Street Lighting,Gujarat,Gandhinagar,1151452.85,1.6838895970744192,0.9090909090909091,-0.6517591849964198,1.0781276404685112,Timeline Duration
2829,Drinking Water Supply,Gujarat,Gandhinagar,1666503.55,1.1090886416094938,3.1901408450704225,0.2504444481666582,-3.504949058331619,Timeline Duration
2830,Street Lighting,Madhya Pradesh,Ujjain,227489.56,0.33268171035143723,0.5303030303030303,-1.2189514405331787,-0.18861811003334508,Cost Multiplier
2831,Rural Roads,Madhya Pradesh,Ujjain,5248161.7,1.5200855241890203,0.917098445595855,0.2772222847927848,1.1284355407773208,Timeline Duration
2832,Street Lighting,Madhya Pradesh,Ujjain,1023818.48,1.4972365457817436,1.2424242424242424,0.2135785726041231,0.5350974475474992,Timeline Duration
2833,Community Hall Construction,Madhya Pradesh,Ujjain,991605.38,0.554733636266082,1.0642201834862386,0.00683468912494722,0.9168006625442097,Timeline Duration
2834,Sports Infrastructure,Madhya Pradesh,Ujjain,3346062.5,1.683770125388462,0.5824175824175825,-0.6538231290191407,0.2893756882032026,Cost Multiplier
2835,Electrification,Madhya Pradesh,Ujjain,464679.46,0.4489972825235973,0.6,-0.2773390703143298,0.2377677442466648,Cost Multiplier
2836,Street Lighting,Madhya Pradesh,Ujjain,1013044.76,1.481481011345581,0.9393939393939394,0.48807576877783465,1.1677968288572198,Timeline Duration
2837,School Infrastructure,Rajasthan,Bikaner,1888455.99,0.8734480655033325,0.9944444444444445,0.5846051189997045,1.073995114525146,Timeline Duration
2838,Electrification,Rajasthan,Bikaner,1166135.13,1.1267799623105823,0.7473684210526316,0.28011951130251583,0.8859484776443235,Timeline Duration
2839,Rural Roads,Rajasthan,Bikaner,4507688.62,1.3056137768799276,4.575129533678757,0.028199276698510845,-4.4460234870324875,Timeline Duration
2840,Rural Roads,Rajasthan,Bikaner,1708985.36,0.49499311478664265,0.5181347150259067,0.07147515643014592,-0.2993604634186579,Timeline Duration
2841,Sanitation & Drainage,Rajasthan,Bikaner,533016.36,0.46737418399125596,0.75,-0.23956569174905007,0.8288318099834485,Timeline Duration
2842,Street Lighting,Rajasthan,Bikaner,955081.12,1.3967147350672544,1.0303030303030303,0.2163178762967629,1.0282683181765035,Timeline Duration
2843,School Infrastructure,Uttar Pradesh,Shahjahanpur,566795.83,0.2621542275119982,0.5388888888888889,-2.0458945787382405,-0.18053079442764938,Cost Multiplier
2844,Sanitation & Drainage,Uttar Pradesh,Shahjahanpur,771075.25,0.6761155807011321,0.6637931034482759,0.43472199263266154,0.514360221123095,Timeline Duration
2845,Electrification,Uttar Pradesh,Shahjahanpur,330802.25,0.3196382110427081,1.2842105263157895,-1.2886643501858983,0.2907277831900887,Cost Multiplier
2846,School Infrastructure,Uttar Pradesh,Shahjahanpur,2084663.46,0.9641978822935047,0.8,0.5773795572516738,0.9209240558441817,Timeline Duration
2847,School Infrastructure,Uttar Pradesh,Shahjahanpur,1566403.18,0.7244923019727182,0.7944444444444444,0.5580049215119732,1.0160937247353938,Timeline Duration
2848,Sports Infrastructure,Uttar Pradesh,Shahjahanpur,2808685.64,1.4133570344963888,1.7472527472527473,-0.000738389608709149,-2.567035584696049,Timeline Duration
2849,Rural Roads,Karnataka,Shimoga,3734490.18,1.0816634066065551,0.6683937823834197,0.3497157289205323,0.5607842707988414,Timeline Duration
2850,School Infrastructure,Karnataka,Shimoga,3955500.42,1.8294967996297438,1.488888888888889,-2.514988360091935,-0.922975894237923,Cost Multiplier
2851,Sports Infrastructure,Karnataka,Shimoga,3088535.67,1.554180202056189,0.8406593406593407,0.30197370003893975,0.9547005468609533,Timeline Duration
2852,Drinking Water Supply,Karnataka,Shimoga,2052261.9,1.3658178903356784,1.119718309859155,0.1645609999240659,0.7852361808837766,Timeline Duration
2853,Health Centre Infrastructure,Karnataka,Shimoga,4974595.67,1.6603506034978843,1.3212669683257918,-0.6571700739662945,-0.07784707419313125,Cost Multiplier
2854,Sports Infrastructure,Karnataka,Shimoga,2548855.73,1.2826081796437454,0.9615384615384616,-0.029631454306125397,1.0931705141773824,Timeline Duration
2855,Health Centre Infrastructure,Karnataka,Shimoga,2996981.69,1.0002904130826795,0.8190045248868778,0.5843606578832482,0.845645103172752,Timeline Duration
2856,Community Hall Construction,Kerala,Chalakudy,1861924.96,1.041616377187646,1.1192660550458715,0.5483260382021513,0.8292158237832112,Timeline Duration
2857,Street Lighting,Kerala,Chalakudy,492559.5,0.7203211299448148,0.45454545454545453,0.47165874693439286,-0.6817509701988744,Timeline Duration
2858,Rural Roads,Kerala,Chalakudy,968277.65,0.28045340888806125,1.2020725388601037,-1.8326528889362634,0.6168743626291829,Cost Multiplier
2859,School Infrastructure,Kerala,Chalakudy,2884294.12,1.3340428015251957,0.7444444444444445,0.2325986489464282,0.8719016084313406,Timeline Duration
2860,Community Hall Construction,Kerala,Chalakudy,2364555.58,1.3228029430887664,1.2935779816513762,0.18431297173046868,0.14371900356434594,Cost Multiplier
2861,School Infrastructure,Kerala,Chalakudy,3984752.62,1.8430265178953606,0.95,-2.7797234070833916,0.9418751879829339,Cost Multiplier
2862,Street Lighting,Kerala,Chalakudy,894937.43,1.3087603442985236,0.8484848484848485,0.1531888092918888,0.9487711550169515,Timeline Duration
2863,School Infrastructure,Odisha,Cuttack,1142828.72,0.5285807770853319,0.6722222222222223,-0.015212015815415479,0.5820193882356182,Timeline Duration
2864,Street Lighting,Odisha,Cuttack,560511.9,0.8196950117813484,1.4393939393939394,0.5111048075678981,-0.7071385753900018,Timeline Duration
2865,Rural Roads,Odisha,Cuttack,2511828.71,0.7275298818085922,0.7150259067357513,0.5278760172112702,0.7768695971667798,Timeline Duration
2866,Electrification,Odisha,Cuttack,450870.59,0.4356544394706213,0.7473684210526316,-0.39787021823274415,0.8655859142051326,Timeline Duration
2867,Rural Roads,Odisha,Cuttack,4600201.03,1.3324092117936117,0.8497409326424871,0.31792264061280956,0.9737909265355769,Timeline Duration
2868,Community Hall Construction,Jharkhand,Giridih,2151647.29,1.203695693082828,1.426605504587156,0.16106503604778039,-0.7379473565071638,Timeline Duration
2869,School Infrastructure,Jharkhand,Giridih,1659429.26,0.7675186949877644,6.294444444444444,0.41714547379188266,-5.607985429432984,Timeline Duration
2870,School Infrastructure,Jharkhand,Giridih,2544931.79,1.1770810442945157,0.7277777777777777,0.25898767154397445,0.8650668063627568,Timeline Duration
2871,Community Hall Construction,Jharkhand,Giridih,1657517.11,0.9272645269467451,0.5458715596330275,0.46836438812872944,-0.09426430427455704,Cost Multiplier
2872,Irrigation Facilities,Jharkhand,Giridih,3520293.11,1.0754555452005412,0.9954128440366973,0.5200378179207819,1.0961662619279715,Timeline Duration
2873,Rural Roads,Jharkhand,Giridih,5151204.2,1.49200260665781,0.3626943005181347,0.35208731905726653,-1.5369718502898735,Timeline Duration
2874,Sanitation & Drainage,West Bengal,Ghatal,1927323.73,1.6899694328251644,0.5775862068965517,-0.6793843216447832,0.26106495540360497,Cost Multiplier
2875,Sanitation & Drainage,West Bengal,Ghatal,1000851.2,0.8775941002949127,1.146551724137931,0.672156739104021,0.7500868808979627,Timeline Duration
2876,Health Centre Infrastructure,West Bengal,Ghatal,3937822.95,1.3143111812945232,1.841628959276018,0.06692655861007972,-2.6625801745222297,Timeline Duration
2877,Street Lighting,West Bengal,Ghatal,150590.46,0.22022413597973328,7.878787878787879,-1.9480062922038912,-5.15415644242597,Timeline Duration
2878,Community Hall Construction,West Bengal,Ghatal,953835.17,0.5336038538360658,1.0091743119266054,0.005320777319254955,0.8915344535334515,Timeline Duration
2879,Irrigation Facilities,West Bengal,Ghatal,1639636.16,0.5009116415261574,1.2706422018348624,0.28134877666777586,0.5937600204073936,Timeline Duration
2880,Sports Infrastructure,West Bengal,Ghatal,1342289.81,0.6754528589024726,1.2527472527472527,0.45761255694474606,0.4791861770274948,Timeline Duration
2881,Rural Roads,Punjab,Amritsar,4093686.24,1.1857014988687906,2.300518134715026,0.13976939385533144,-3.2416554408599745,Timeline Duration
2882,Irrigation Facilities,Punjab,Amritsar,4933255.23,1.5071178811565131,1.2201834862385321,0.24194686598048104,0.5070030114724218,Timeline Duration
2883,Irrigation Facilities,Punjab,Amritsar,4410246.9,1.3473379449100753,3.532110091743119,0.09672058618085491,-3.793067666543829,Timeline Duration
2884,Sports Infrastructure,Punjab,Amritsar,1211635.77,0.609706516951804,1.1263736263736264,0.22558886130169983,0.7703119022597915,Timeline Duration
2885,Sanitation & Drainage,Punjab,Amritsar,1032598.64,0.9054317709131492,0.39655172413793105,0.346557365626062,-1.4085236532991232,Timeline Duration
2886,Electrification,Punjab,Amritsar,1653721.32,1.597910909880407,1.0,-0.06759028076912946,1.000726378162161,Timeline Duration
2887,Health Centre Infrastructure,Punjab,Amritsar,3981805.86,1.3289911786262645,0.5158371040723982,0.20078591369421067,-0.3629108003642172,Timeline Duration
2888,Electrification,Punjab,Amritsar,1261002.1,1.2184453260674561,8.652631578947368,0.053186129354088105,-6.595734462660088,Timeline Duration
2889,Sanitation & Drainage,Rajasthan,Nagaur,1111306.81,0.9744468509140616,0.853448275862069,0.5687944156426714,0.9859507885146895,Timeline Duration
2890,Irrigation Facilities,Rajasthan,Nagaur,1045808.14,0.31949616927746793,0.7889908256880734,-1.3223422566840388,0.9167494611500658,Cost Multiplier
2891,School Infrastructure,Rajasthan,Nagaur,604441.06,0.27956588735106497,0.9444444444444444,-2.102486410148177,0.7996757047563728,Cost Multiplier
2892,School Infrastructure,Rajasthan,Nagaur,1538690.6,0.7116746882611557,0.7888888888888889,0.5724143343607186,1.0409152000967423,Timeline Duration
2893,School Infrastructure,Rajasthan,Nagaur,2975787.59,1.376360332249164,1.0222222222222221,0.2755149611711735,1.017318625401085,Timeline Duration
2894,Irrigation Facilities,Rajasthan,Nagaur,2298547.17,0.7022100781492912,0.7064220183486238,0.5267060553230523,0.7589373124367339,Timeline Duration
2895,School Infrastructure,Rajasthan,Nagaur,971039.25,0.4491247659101163,1.2722222222222221,-0.09786934438416342,0.4742706114669902,Timeline Duration
2896,Health Centre Infrastructure,Rajasthan,Nagaur,3214636.33,1.0729361187542956,0.7058823529411765,0.41921797963629165,0.6996594213786056,Timeline Duration
2897,Street Lighting,Kerala,Ernakulam,981821.18,1.4358195137467686,0.36363636363636365,0.3932819117829714,-1.5425732980532096,Timeline Duration
2898,Community Hall Construction,Kerala,Ernakulam,591869.63,0.33110953073425287,1.1192660550458715,-1.2713001472245038,0.7933272151814672,Cost Multiplier
2899,Electrification,Kerala,Ernakulam,674846.83,0.6520718449437468,0.8947368421052632,0.34708512373649375,1.0016273072393476,Timeline Duration
2900,Electrification,Kerala,Ernakulam,394527.88,0.381213204473888,0.8947368421052632,-1.1587644010993006,0.8813035169602785,Cost Multiplier
2901,Street Lighting,Kerala,Ernakulam,258536.36,0.3780846841184048,0.6363636363636364,-1.0467997254923114,0.5139875499120721,Cost Multiplier
2902,Street Lighting,Kerala,Ernakulam,460841.59,0.6739367220292474,1.303030303030303,0.4688746420035858,0.16509717936763071,Cost Multiplier
2903,Sanitation & Drainage,Kerala,Ernakulam,1660301.33,1.4558314481910968,0.9827586206896551,0.5661126449059609,1.1690689585746357,Timeline Duration
2904,Sports Infrastructure,Bihar,Maharajganj,1961865.71,0.9872292799438217,3.3626373626373627,0.6187665810164024,-3.6792628815617556,Timeline Duration
2905,Electrification,Bihar,Maharajganj,1370921.01,1.3246546512826396,1.0947368421052632,0.3293036015542865,0.8844101729914544,Timeline Duration
2906,Electrification,Bihar,Maharajganj,834395.98,0.8062364701220359,10.094736842105263,0.2857545300528516,-7.422212921046757,Timeline Duration
2907,Community Hall Construction,Bihar,Maharajganj,655172.17,0.3665228603786313,2.2155963302752295,-1.0237872057197042,-2.928023234953257,Timeline Duration
2908,Sports Infrastructure,Bihar,Maharajganj,571270.96,0.2874689208435249,6.115384615384615,-1.380932717714993,-4.968328965151936,Timeline Duration
2909,Health Centre Infrastructure,Bihar,Maharajganj,1961090.35,0.6545451655041499,0.7828054298642534,0.4489934960207234,1.0091959894450693,Timeline Duration
2910,Rural Roads,Bihar,Maharajganj,3666411.71,1.061945055177723,0.5077720207253886,0.4173491203562209,-0.3551274467293271,Cost Multiplier
2911,Electrification,Bihar,Maharajganj,477394.21,0.4612829303505249,0.7894736842105263,-0.11819450163434075,0.9686535398969377,Timeline Duration
2912,Irrigation Facilities,Odisha,Sundargarh,1304432.04,0.39850621153397486,0.9220183486238532,-1.027671545881029,0.8854120305626068,Cost Multiplier
2913,Drinking Water Supply,Odisha,Sundargarh,994224.36,0.6616745250182445,0.7253521126760564,0.5428022010554583,0.8832511463512908,Timeline Duration
2914,Drinking Water Supply,Odisha,Sundargarh,1180504.57,0.7856474172857896,1.1338028169014085,0.6747965149584233,0.7559245129212044,Timeline Duration
2915,Street Lighting,Odisha,Sundargarh,1174842.21,1.7180942976717806,17.303030303030305,-0.7273452907849202,-7.925900312273809,Timeline Duration
2916,Health Centre Infrastructure,Odisha,Sundargarh,2760706.22,0.9214297085691315,0.8552036199095022,0.3948778258744792,1.025974069134342,Timeline Duration
2917,Sanitation & Drainage,Jammu And Kashmir,Jammu,518391.26,0.4545501982916603,1.146551724137931,-0.1435140154163491,0.7377200803530759,Timeline Duration
2918,Drinking Water Supply,Jammu And Kashmir,Jammu,1271341.44,0.8461010183335389,1.3661971830985915,0.4752630096971455,-0.15507649891079583,Cost Multiplier
2919,Community Hall Construction,Jammu And Kashmir,Jammu,2762204.69,1.5452597199451719,0.8899082568807339,0.20617817562744284,1.049348799068883,Timeline Duration
2920,Irrigation Facilities,Jammu And Kashmir,Jammu,994224.27,0.3037372090713379,1.114678899082569,-1.3750379319367663,0.7849960597088241,Cost Multiplier
2921,Health Centre Infrastructure,Jammu And Kashmir,Jammu,1125915.98,0.3757924062360855,0.7782805429864253,-1.131959624310766,0.8440934313969094,Cost Multiplier
2922,Sanitation & Drainage,Jammu And Kashmir,Jammu,896946.61,0.7864855966756317,0.9224137931034483,0.6736151922061407,1.048133460567302,Timeline Duration
2923,Health Centre Infrastructure,Jammu And Kashmir,Jammu,4997610.56,1.6680321899092956,0.5339366515837104,-0.5300517465553987,-0.14388499403706262,Cost Multiplier
2924,Community Hall Construction,West Bengal,Purulia,1891610.98,1.0582236225223454,3.5,0.5171599904903927,-3.5714175829494907,Timeline Duration
2925,Electrification,West Bengal,Purulia,1186091.91,1.1460632333807546,1.0842105263157895,0.1707098171473352,0.8759710745688697,Timeline Duration
2926,Drinking Water Supply,West Bengal,Purulia,1822706.2,1.2130443666988902,1.1830985915492958,0.09222686075340841,0.6125084460447886,Timeline Duration
2927,Rural Roads,West Bengal,Purulia,4567561.95,1.322955579099549,1.0932642487046633,0.2852115867609549,0.8884772148219909,Timeline Duration
2928,Sports Infrastructure,West Bengal,Purulia,2291307.78,1.1530076285288031,0.9010989010989011,0.20074613845909262,1.0224402462712998,Timeline Duration
2929,Rural Roads,West Bengal,Purulia,981936.32,0.28440952680772724,1.455958549222798,-1.6908124816631793,-0.7401688367418376,Cost Multiplier
2930,Sanitation & Drainage,West Bengal,Purulia,250538.69,0.21968428097964618,0.6551724137931034,-2.967165930824731,0.4785363869103499,Cost Multiplier
2931,Electrification,Tamil Nadu,Sivaganga,522219.03,0.5045949854381533,12.905263157894737,0.04473474665497433,-7.937980349713695,Timeline Duration
2932,Health Centre Infrastructure,Tamil Nadu,Sivaganga,3453057.81,1.1525130883142878,0.579185520361991,0.22162055082809762,0.23650505569213226,Timeline Duration
2933,Health Centre Infrastructure,Tamil Nadu,Sivaganga,4258232.87,1.421253099659259,0.9909502262443439,0.38466204632752116,1.1691388176827853,Timeline Duration
2934,Drinking Water Supply,Tamil Nadu,Sivaganga,918817.44,0.6114898383605079,0.9788732394366197,0.18588390114704198,1.0329290403126798,Timeline Duration
2935,School Infrastructure,Tamil Nadu,Sivaganga,1258079.66,0.5818866052981676,1.288888888888889,0.40856744669080297,0.3757877072639029,Cost Multiplier
2936,Irrigation Facilities,Tamil Nadu,Sivaganga,1253018.92,0.3827994157438763,1.2889908256880733,-0.9115375774744374,0.3669837349559205,Cost Multiplier
2937,Sanitation & Drainage,Kerala,Kannur,1137736.98,0.9976220854162448,1.103448275862069,0.6453540458793087,0.8922993989188076,Timeline Duration
2938,Drinking Water Supply,Kerala,Kannur,765165.55,0.5092316907791052,0.9577464788732394,0.10001624064574291,1.037150425959011,Timeline Duration
2939,Health Centre Infrastructure,Kerala,Kannur,2055084.47,0.6859172013880738,0.4841628959276018,0.42837094270703774,-0.452537290276015,Timeline Duration
2940,Sports Infrastructure,Kerala,Kannur,2709912.5,1.3636534613196138,5.774725274725275,-0.014134751336036101,-5.15061686348227,Timeline Duration
2941,Rural Roads,Kerala,Kannur,5803231.28,1.6808567202205145,0.844559585492228,-0.669247890638181,1.003582186391692,Timeline Duration
2942,School Infrastructure,Karnataka,Bangalore South,1685077.07,0.7793813119338427,1.2222222222222223,0.6862526853859491,0.6012175957024173,Cost Multiplier
2943,Irrigation Facilities,Karnataka,Bangalore South,739907.8,0.2260430940215467,0.7844036697247706,-2.9331598022668453,0.8448220771067131,Cost Multiplier
2944,Drinking Water Supply,Karnataka,Bangalore South,1036882.24,0.6900641256183397,0.8943661971830986,0.512926936688761,1.0574667653587067,Timeline Duration
2945,Rural Roads,Karnataka,Bangalore South,5240098.87,1.5177501938643094,1.4870466321243523,-0.000814144196028208,-1.0845519218218012,Timeline Duration
2946,Street Lighting,Karnataka,Bangalore South,155165.86,0.2269152206059551,11.257575757575758,-1.6738547705568314,-6.345156104919308,Timeline Duration
2947,Rural Roads,Kerala,Kozhikode,2163702.53,0.6266980863993118,0.7564766839378239,0.24305040892745866,0.9539224164966043,Timeline Duration
2948,Electrification,Kerala,Kozhikode,1539878.62,1.4879102162083668,0.8736842105263158,0.368631518388131,0.986898270419816,Timeline Duration
2949,Sports Infrastructure,Kerala,Kozhikode,1491928.64,0.7507525257652651,0.9230769230769231,0.6090227579376792,1.068267986233242,Timeline Duration
2950,Drinking Water Supply,Kerala,Kozhikode,554202.68,0.3688320361138991,1.0985915492957747,-1.1675774866639415,0.8168643779775445,Cost Multiplier
2951,Sanitation & Drainage,Kerala,Kozhikode,1932609.79,1.6946045025236423,0.41379310344827586,-0.6803356478562086,-0.8621340538816418,Timeline Duration
2952,Street Lighting,Kerala,Kozhikode,1090603.26,1.5949028951115523,0.9848484848484849,0.08125960882270111,1.11259790913547,Timeline Duration
2953,Electrification,Uttar Pradesh,Varanasi,625721.76,0.6046046663131668,1.0,0.19736548211574972,0.9575278315144398,Timeline Duration
2954,Community Hall Construction,Uttar Pradesh,Varanasi,2253076.43,1.26043818035689,5.151376146788991,-0.07718722330055601,-4.783228201890367,Timeline Duration
2955,Health Centre Infrastructure,Uttar Pradesh,Varanasi,2881224.22,0.9616545122127929,0.9819004524886877,0.5823002176499132,1.0688376372296988,Timeline Duration
2956,Health Centre Infrastructure,Uttar Pradesh,Varanasi,1661598.79,0.554585083243128,1.167420814479638,0.06191076827815487,0.7624077015070552,Timeline Duration
2957,Irrigation Facilities,Uttar Pradesh,Varanasi,2686510.57,0.8207335581060086,0.908256880733945,0.49461680371524364,1.0547102013321519,Timeline Duration
2958,Rural Roads,Uttar Pradesh,Varanasi,1890475.99,0.5475603364556978,0.616580310880829,-0.08635652218445673,0.3191941917925647,Timeline Duration
2959,Street Lighting,Uttar Pradesh,Varanasi,231452.98,0.3384778327952149,1.378787878787879,-1.2183852260738344,-0.34512188350569245,Cost Multiplier
2960,Sanitation & Drainage,Uttar Pradesh,Varanasi,979415.13,0.8587979310286834,1.1724137931034482,0.48981735381468033,0.7044031545589379,Timeline Duration
2961,Rural Roads,Kerala,Kollam,5678336.48,1.644682000694155,0.7409326424870466,-0.3611849862971563,0.9788061693638093,Timeline Duration
2962,Electrification,Kerala,Kollam,1679630.83,1.6229460159759466,0.4421052631578947,-0.15122252901186867,-0.6775504281154952,Timeline Duration
2963,Drinking Water Supply,Kerala,Kollam,1022344.84,0.6803892196041678,0.6619718309859155,0.43221148013957633,0.5094229439083466,Timeline Duration
2964,Community Hall Construction,Kerala,Kollam,1024020.45,0.5728675935978983,0.926605504587156,0.08726265109374709,0.9629616640895001,Timeline Duration
2965,Community Hall Construction,Kerala,Kollam,2469120.08,1.3812994442970845,0.6100917431192661,0.23217572153141805,0.3786326543547483,Timeline Duration
2966,Sports Infrastructure,Kerala,Kollam,932075.43,0.46902912412502895,2.60989010989011,-0.3577216489835622,-3.5730524143241844,Timeline Duration
2967,Health Centre Infrastructure,Rajasthan,Pali,2525578.71,0.8429521540048919,0.8914027149321267,0.4180962876864753,1.0309738152348742,Timeline Duration
2968,Sanitation & Drainage,Rajasthan,Pali,1663878.49,1.4589680728080339,1.2672413793103448,0.391526812969904,0.3730225634222869,Cost Multiplier
2969,Community Hall Construction,Rajasthan,Pali,2646945.98,1.4807805585779374,0.6605504587155964,0.4989787477715157,0.6866923679102028,Timeline Duration
2970,Irrigation Facilities,Rajasthan,Pali,2410973.75,0.7365565899626022,1.31651376146789,0.5536939902864194,0.12414665714594524,Cost Multiplier
2971,Irrigation Facilities,Rajasthan,Pali,2353076.45,0.7188688661306685,1.188073394495413,0.32049120914478746,0.5465130734243858,Timeline Duration
2972,Sanitation & Drainage,Rajasthan,Pali,807952.07,0.7084509365159,1.0948275862068966,0.479583328252053,0.8393417460137333,Timeline Duration
2973,Health Centre Infrastructure,Kerala,Kasaragod,1058749.17,0.35337441271129155,1.239819004524887,-1.2185030856463936,0.5571387627858055,Cost Multiplier
2974,Health Centre Infrastructure,Kerala,Kasaragod,2358816.01,0.7872924445624284,1.2352941176470589,0.655651234208349,0.611286848586668,Cost Multiplier
2975,Irrigation Facilities,Kerala,Kasaragod,3921775.37,1.1981090599292183,0.9908256880733946,0.35064837368455054,1.1072405226142454,Timeline Duration
2976,Rural Roads,Kerala,Kasaragod,5817182.3,1.6848975148381176,0.8652849740932642,-0.6663254328422777,1.0223432429169128,Timeline Duration
2977,Drinking Water Supply,Kerala,Kasaragod,1750318.02,1.164868706812187,1.1830985915492958,0.3324822425501119,0.6375966650206163,Timeline Duration
2978,Health Centre Infrastructure,Assam,Dibrugarh,739804.5,0.24692154489119528,0.8914027149321267,-2.583737742617096,0.7728202752949541,Cost Multiplier
2979,School Infrastructure,Assam,Dibrugarh,3494036.67,1.616060732349503,0.7944444444444444,-0.25228237253572927,0.9851291501645232,Timeline Duration
2980,Community Hall Construction,Assam,Dibrugarh,1860754.37,1.0409615142145583,1.0871559633027523,0.5582383803313977,0.9035053226233464,Timeline Duration
2981,Irrigation Facilities,Assam,Dibrugarh,3933561.04,1.201709602202076,0.3165137614678899,0.3580693900764897,-1.9995788787316668,Timeline Duration
2982,Sports Infrastructure,Assam,Dibrugarh,563527.52,0.2835723489953487,1.1978021978021978,-1.7946764725500266,0.6144899581365297,Cost Multiplier
2983,Sanitation & Drainage,Assam,Dibrugarh,1294675.29,1.1352330858988882,1.4310344827586208,0.2007594157786579,-0.6739872951774232,Timeline Duration
2984,Sanitation & Drainage,Assam,Dibrugarh,1223022.74,1.0724047102611447,4.232758620689655,0.4550276968274364,-4.035592633087484,Timeline Duration
2985,Community Hall Construction,Assam,Dibrugarh,1907862.54,1.067315230086835,0.8623853211009175,0.4511685576578501,0.9705933735484383,Timeline Duration
2986,Community Hall Construction,Uttar Pradesh,Aligarh,2224197.01,1.2442821711288485,0.7844036697247706,0.06053409680029871,0.9452695307342034,Timeline Duration
2987,Street Lighting,Uttar Pradesh,Aligarh,832616.9,1.217622533357186,0.5757575757575758,0.11956636875400213,0.22909934321635367,Timeline Duration
2988,Health Centre Infrastructure,Uttar Pradesh,Aligarh,2006545.54,0.6697165597550943,0.8687782805429864,0.5278249113884976,0.9998380311387834,Timeline Duration
2989,Health Centre Infrastructure,Uttar Pradesh,Aligarh,2638209.38,0.8805444355313362,0.4298642533936652,0.5437542746314298,-0.9912873195997587,Timeline Duration
2990,Sanitation & Drainage,Uttar Pradesh,Aligarh,1429763.6,1.2536849635354541,0.7241379310344828,-0.07080006846800256,0.8625408309847848,Timeline Duration
2991,Community Hall Construction,Uttar Pradesh,Aligarh,1956873.87,1.0947336304480118,1.1330275229357798,0.3898394149645374,0.7512430379997302,Timeline Duration
2992,Rural Roads,Uttar Pradesh,Aligarh,5078251.57,1.4708724961251034,0.41450777202072536,0.4849359940969186,-0.9475594469486879,Timeline Duration
2993,Health Centre Infrastructure,West Bengal,Bangaon,4670321.05,1.5587940987164435,1.3484162895927603,0.08338354060729988,-0.19488194317901678,Timeline Duration
2994,Street Lighting,West Bengal,Bangaon,158569.13,0.2318921772820669,16.242424242424242,-1.4995140239084166,-7.143731579150302,Timeline Duration
2995,Irrigation Facilities,West Bengal,Bangaon,4108251.25,1.2550777591044273,1.348623853211009,-0.17620880621315546,-0.12359445498078615,Cost Multiplier
2996,Sports Infrastructure,West Bengal,Bangaon,1782556.9,0.8969994000485848,0.9505494505494505,0.5444657593064169,1.060244860160687,Timeline Duration
2997,Community Hall Construction,West Bengal,Bangaon,564799.78,0.31596584895665164,0.3669724770642202,-1.2440163840186866,-1.490630521808229,Timeline Duration
2998,Electrification,Madhya Pradesh,Mandsour,1581911.32,1.5285243808136402,1.1894736842105262,0.2435082536770613,0.6206262258404961,Timeline Duration
2999,Street Lighting,Madhya Pradesh,Mandsour,467119.5,0.683117564597286,1.121212121212121,0.4837700052879735,0.7555263296773403,Timeline Duration
3000,Rural Roads,Madhya Pradesh,Mandsour,4287645.97,1.2418802895963343,0.9792746113989638,0.2229723324844362,1.1267037258659662,Timeline Duration
3001,Community Hall Construction,Madhya Pradesh,Mandsour,1083761.44,0.606288485905719,1.2110091743119267,0.25172290582450874,0.6701453247568685,Timeline Duration
3002,Rural Roads,Madhya Pradesh,Mandsour,858994.96,0.24880060460929138,0.6632124352331606,-2.346250442725205,0.5260489011258042,Cost Multiplier
3003,Sanitation & Drainage,Madhya Pradesh,Mandsour,1663652.81,1.4587701858128894,0.5258620689655172,0.4690168813818584,-0.22092737708518384,Cost Multiplier
3004,Health Centre Infrastructure,Madhya Pradesh,Mandsour,3206708.35,1.0702900290515882,5.402714932126697,0.46760578183789414,-4.79407658429152,Timeline Duration
3005,Sports Infrastructure,Kerala,Mavelikkara,1861345.83,0.936646730767997,1.3296703296703296,0.5172078650728474,0.1560650393898999,Cost Multiplier
3006,School Infrastructure,Kerala,Mavelikkara,823618.88,0.3809399431373677,0.75,-1.078812952483733,0.8470190842787718,Cost Multiplier
3007,Sanitation & Drainage,Kerala,Mavelikkara,1586977.79,1.3915378687691626,3.0172413793103448,0.09950746771619598,-3.587188671851562,Timeline Duration
3008,Drinking Water Supply,Kerala,Mavelikkara,1233956.2,0.8212204562442202,1.2112676056338028,0.4770832344017028,0.6504967762865113,Timeline Duration
3009,Electrification,Kerala,Mavelikkara,630624.83,0.609342265659656,10.210526315789474,0.16833947759103432,-7.181058362713286,Timeline Duration
3010,Sanitation & Drainage,Arunachal Pradesh,Arunachal East,1141246.91,1.0006997595604614,0.6637931034482759,0.5796095172656782,0.5357483675272285,Cost Multiplier
3011,Street Lighting,Arunachal Pradesh,Arunachal East,357795.77,0.5232420719443541,0.4090909090909091,-0.13873015642255498,-1.2252343037130418,Timeline Duration
3012,Sports Infrastructure,Arunachal Pradesh,Arunachal East,1379457.76,0.6941561209700318,0.8956043956043956,0.5087765472457074,1.0616171548017599,Timeline Duration
3013,Sports Infrastructure,Arunachal Pradesh,Arunachal East,1505161.31,0.7574113297849522,0.7527472527472527,0.5608441234474975,0.9332340506716869,Timeline Duration
3014,Sanitation & Drainage,Arunachal Pradesh,Arunachal East,1190737.33,1.0440953218709401,0.8189655172413793,0.45594221371379545,0.8175742557079019,Timeline Duration
3015,Health Centre Infrastructure,Tamil Nadu,Kanniyakumari,2885273.06,0.9630058771042165,0.9547511312217195,0.5732158953852075,1.098960551540953,Timeline Duration
3016,Street Lighting,Tamil Nadu,Kanniyakumari,1071936.16,1.5676040478356539,1.2575757575757576,0.11604337263854911,0.37498626210156366,Timeline Duration
3017,Street Lighting,Tamil Nadu,Kanniyakumari,418102.97,0.611435580439892,0.9696969696969697,0.14725589931452446,0.9948577985272343,Timeline Duration
3018,Health Centre Infrastructure,Tamil Nadu,Kanniyakumari,1032365.65,0.3445684923389936,0.5248868778280543,-1.1448658515169967,-0.1391389370422027,Cost Multiplier
3019,Sanitation & Drainage,Tamil Nadu,Kanniyakumari,1802470.58,1.5804922319752923,1.0344827586206897,0.09515626472932914,1.0399057661408517,Timeline Duration
3020,Irrigation Facilities,Tamil Nadu,Kanniyakumari,1196505.32,0.3655344146203633,0.9174311926605505,-1.2922484704495942,0.8530575137754141,Cost Multiplier
3021,Rural Roads,Maharashtra,Kalyan,1177996.63,0.34119673271622886,1.3523316062176165,-1.249781204632231,-0.12020771239755788,Cost Multiplier
3022,Rural Roads,Maharashtra,Kalyan,1264495.0,0.3662502519519159,1.0310880829015545,-1.1950362401088312,0.9013560133763079,Cost Multiplier
3023,Sanitation & Drainage,Maharashtra,Kalyan,1837580.42,1.6112782153925058,0.7068965517241379,-0.02988179716676258,0.8691751399078461,Timeline Duration
3024,Sports Infrastructure,Maharashtra,Kalyan,768514.56,0.3867237557738562,1.0,-1.0053490867580988,0.868626497233409,Cost Multiplier
3025,Sanitation & Drainage,Maharashtra,Kalyan,1725679.27,1.5131579463093334,1.2155172413793103,0.19459192333356812,0.5490884437916477,Timeline Duration
3026,Electrification,Maharashtra,Kalyan,1730685.63,1.6722777993514923,1.0,-0.6463243086238625,1.000093934872872,Timeline Duration
3027,Sports Infrastructure,Maharashtra,Kalyan,3221291.29,1.6209840788317793,0.9615384615384616,-0.1479064377694684,1.1326378397927177,Timeline Duration
3028,Irrigation Facilities,Maharashtra,Kalyan,1812419.46,0.5536972341733131,5.215596330275229,-0.020207332240511855,-4.784454392465834,Timeline Duration
3029,Health Centre Infrastructure,Maharashtra,Satara,729257.31,0.2434012520988955,1.3755656108597285,-2.378439075596118,-0.30039350498079537,Cost Multiplier
3030,Street Lighting,Maharashtra,Satara,993704.6,1.4531978782327013,0.6060606060606061,0.5214038192890055,0.4189552737946444,Cost Multiplier
3031,Irrigation Facilities,Maharashtra,Satara,2005648.89,0.6127291543844797,1.3761467889908257,0.43909929485921373,-0.16799647582610963,Cost Multiplier
3032,Rural Roads,Maharashtra,Satara,2385380.84,0.6909053287290758,0.9844559585492227,0.4555830261801967,1.0593069029905522,Timeline Duration
3033,Community Hall Construction,Maharashtra,Satara,2588267.13,1.447953859077364,0.944954128440367,0.5660016950886722,1.1030242444151155,Timeline Duration
3034,Rural Roads,Maharashtra,Satara,2957511.33,0.8566180726401812,0.7305699481865285,0.4076962620337914,0.7508128225570824,Timeline Duration
3035,Sanitation & Drainage,Goa,North Goa,1413484.21,1.2394104174087173,0.33620689655172414,0.31901207770062695,-1.7239450961047964,Timeline Duration
3036,Rural Roads,Goa,North Goa,4371628.12,1.266205007050309,0.6010362694300518,-0.001231679164592906,0.3217746737092479,Timeline Duration
3037,Electrification,Goa,North Goa,689998.26,0.6667119387760555,0.9473684210526315,0.45981059824035614,1.011292115930071,Timeline Duration
3038,Electrification,Goa,North Goa,717690.14,0.6934692627773564,1.305263157894737,0.48949665434489303,0.16654665375008468,Cost Multiplier
3039,Sanitation & Drainage,Goa,North Goa,1592963.12,1.3967860917780557,1.1551724137931034,0.1459764971294338,0.6748055915443012,Timeline Duration
3040,Sports Infrastructure,Goa,North Goa,2221334.9,1.1177966170992821,0.7307692307692307,0.2681384450289393,0.8086849130062832,Timeline Duration
3041,Sports Infrastructure,Maharashtra,Maval,787568.92,0.39631208896440384,0.6758241758241759,-0.8944695016487044,0.6561796180271465,Cost Multiplier
3042,Drinking Water Supply,Maharashtra,Maval,1785298.71,1.1881489968269683,0.9929577464788732,0.29097964861630105,1.075986512583056,Timeline Duration
3043,Rural Roads,Maharashtra,Maval,1195546.25,0.3462798313023525,1.305699481865285,-1.1981480031620662,0.1521031790174204,Cost Multiplier
3044,Electrification,Maharashtra,Maval,959088.63,0.9267209455939366,1.2105263157894737,0.5039163783728382,0.6570849538364123,Timeline Duration
3045,Community Hall Construction,Maharashtra,Maval,1102938.56,0.6170167390246272,0.40825688073394495,0.14869223048315502,-1.1199471020230407,Timeline Duration
3046,Sports Infrastructure,Maharashtra,Maval,2180952.45,1.0974757883939028,1.0164835164835164,0.3743342536717618,0.9826122353216692,Timeline Duration
3047,Irrigation Facilities,Maharashtra,Maval,4675899.15,1.4284951600709175,0.7477064220183486,0.37185392284969365,0.9208741262121329,Timeline Duration
3048,Street Lighting,Maharashtra,Maval,582531.48,0.8518965402190503,0.5909090909090909,0.3759115207347448,0.22260664079830217,Cost Multiplier
3049,Rural Roads,Maharashtra,Ramtek,2931309.4,0.8490289058470135,0.8549222797927462,0.49690908031628156,1.0341467193544058,Timeline Duration
3050,Sports Infrastructure,Maharashtra,Ramtek,528878.8,0.26613678716141714,1.1868131868131868,-2.128439821296596,0.5856029613603301,Cost Multiplier
3051,Street Lighting,Maharashtra,Ramtek,939033.13,1.3732460855129505,1.606060606060606,-0.007678137273965325,-1.7262899375988925,Timeline Duration
3052,Irrigation Facilities,Maharashtra,Ramtek,1825976.19,0.5578388382948195,1.201834862385321,0.12356728968951995,0.7310977860836273,Timeline Duration
3053,Sports Infrastructure,Maharashtra,Ramtek,3095695.58,1.5577831361192769,0.6263736263736264,0.3082233558735217,0.581471151311896,Timeline Duration
3054,Street Lighting,Maharashtra,Ramtek,482495.18,0.705603025117832,0.696969696969697,0.5227275705996753,0.7838982111944971,Timeline Duration
3055,Rural Roads,Maharashtra,Ramtek,3123092.56,0.9045772715346079,1.5077720207253886,0.5340428213386077,-0.8935854312414232,Timeline Duration
3056,Sanitation & Drainage,Maharashtra,Ramtek,1576485.54,1.3823377632002036,0.646551724137931,0.2994148217334931,0.6320462870875214,Timeline Duration
3057,Street Lighting,Andhra Pradesh,Vijayawada,846467.29,1.2378774032256514,1.4393939393939394,0.12276607059503543,-0.7914037278251513,Timeline Duration
3058,Electrification,Andhra Pradesh,Vijayawada,1661306.75,1.6052403439310814,12.452631578947368,-0.1874266749989415,-7.8392886382583455,Timeline Duration
3059,School Infrastructure,Andhra Pradesh,Vijayawada,1606041.02,0.7428255831569572,1.0833333333333333,0.5076602669337736,0.8729997647226709,Timeline Duration
3060,Sanitation & Drainage,Andhra Pradesh,Vijayawada,419908.98,0.36819623487373,0.9224137931034483,-1.2679584760066334,0.8588674791931948,Cost Multiplier
3061,School Infrastructure,Andhra Pradesh,Vijayawada,1837985.59,0.850104512103828,0.45,0.37610933451125433,-0.7814117552127813,Timeline Duration
3062,Health Centre Infrastructure,Andhra Pradesh,Vijayawada,1169881.28,0.390466525949611,0.4298642533936652,-0.8241755838906968,-0.8509224423744022,Timeline Duration
3063,School Infrastructure,West Bengal,Basirhat,2190252.84,1.0130350488396502,0.9111111111111111,0.5405990204849144,1.011424695558088,Timeline Duration
3064,Sports Infrastructure,West Bengal,Basirhat,2973656.4,1.4963718727579662,1.3296703296703296,0.11270646845879981,-0.09871859484556936,Cost Multiplier
3065,Drinking Water Supply,West Bengal,Basirhat,749710.72,0.49894621829330965,1.0140845070422535,0.12648379341088475,0.958193892085185,Timeline Duration
3066,Irrigation Facilities,West Bengal,Basirhat,2048467.65,0.6258103585460875,1.275229357798165,0.24272787794454637,0.4240050677363145,Timeline Duration
3067,Sports Infrastructure,West Bengal,Basirhat,1157361.56,0.5823952239388792,0.9285714285714286,0.2477401922324213,0.9611649625113424,Timeline Duration
3068,Street Lighting,West Bengal,Basirhat,749935.18,1.0967084306423247,1.2121212121212122,0.4325550391511435,0.6758969395119637,Timeline Duration
3069,Health Centre Infrastructure,Maharashtra,Jalgaon,3802788.25,1.2692411976192155,0.9638009049773756,0.038133391310448045,1.0867183810188015,Timeline Duration
3070,Street Lighting,Maharashtra,Jalgaon,453833.94,0.6636887045486023,0.8939393939393939,0.5392499488855447,1.0444112457080212,Timeline Duration
3071,Electrification,Maharashtra,Jalgaon,566476.23,0.547358576779383,1.3263157894736841,0.18348451475162178,0.2333705043104605,Timeline Duration
3072,Electrification,Maharashtra,Jalgaon,958062.02,0.925728982014975,3.0631578947368423,0.4820080726292475,-3.4373819535362027,Timeline Duration
3073,Sanitation & Drainage,Maharashtra,Jalgaon,241143.06,0.21144574416562836,1.0172413793103448,-3.4697975106158387,0.6915061666872196,Cost Multiplier
3074,Sanitation & Drainage,Maharashtra,Jalgaon,1602879.34,1.4054811067505375,1.1379310344827587,0.24461572760747546,0.7293601609672772,Timeline Duration
3075,Street Lighting,Maharashtra,Jalgaon,828543.97,1.2116662630187067,0.8939393939393939,0.16565974038229794,1.034588456352382,Timeline Duration
3076,Irrigation Facilities,Uttar Pradesh,Mirzapur,3501160.28,1.069610433024959,0.8165137614678899,0.42548289868774586,0.819927674962513,Timeline Duration
3077,Community Hall Construction,Uttar Pradesh,Mirzapur,881759.87,0.4932827804933932,0.6834862385321101,0.0024559917806186347,0.6665116064162573,Timeline Duration
3078,Electrification,Uttar Pradesh,Mirzapur,1298829.78,1.2549963832718616,0.9052631578947369,-0.0833034103582515,1.0554362016412362,Timeline Duration
3079,School Infrastructure,Uttar Pradesh,Mirzapur,2402793.23,1.1113391626076519,0.6,0.3130860958442667,0.3026899368391488,Cost Multiplier
3080,Sports Infrastructure,Uttar Pradesh,Mirzapur,674623.42,0.339476850920565,0.967032967032967,-1.314897556223548,0.9481948301659283,Cost Multiplier
3081,Sports Infrastructure,Uttar Pradesh,Mirzapur,3320043.9,1.6706773211194346,0.8956043956043956,-0.561522404725205,1.1092477382324737,Timeline Duration
3082,Community Hall Construction,Odisha,Bhubaneswar,2867684.04,1.604268015540021,3.0596330275229358,-0.1415308273653863,-3.4762907201520123,Timeline Duration
3083,Street Lighting,Odisha,Bhubaneswar,155342.82,0.22717400767057377,0.3181818181818182,-2.587653670804436,-1.8989461256857776,Cost Multiplier
3084,Drinking Water Supply,Odisha,Bhubaneswar,1945137.75,1.294524806077279,0.8450704225352113,-0.05881369964517825,0.9360905861871105,Timeline Duration
3085,Irrigation Facilities,Odisha,Bhubaneswar,2415538.87,0.7379512419035328,1.165137614678899,0.46220972171106295,0.6653270586517562,Timeline Duration
3086,Sports Infrastructure,Odisha,Bhubaneswar,790182.47,0.39762725190927084,3.576923076923077,-0.8508756072598995,-3.5481643863942405,Timeline Duration
3087,Health Centre Infrastructure,Odisha,Bhubaneswar,2140305.79,0.7143611754272516,0.8099547511312217,0.6001178887189791,0.9668528876910552,Timeline Duration
3088,School Infrastructure,Uttar Pradesh,Mainpuri,2342422.79,1.0834166458474994,0.7333333333333333,0.297315124225866,0.7988927862426606,Timeline Duration
3089,Sanitation & Drainage,Uttar Pradesh,Mainpuri,900183.94,0.7893242421293292,1.0948275862068966,0.6770760170680318,0.9101237842949759,Timeline Duration
3090,Rural Roads,Uttar Pradesh,Mainpuri,3885758.1,1.1254768766576364,1.1398963730569949,0.40498932752073763,0.7813152650919734,Timeline Duration
3091,Electrification,Uttar Pradesh,Mainpuri,1520087.29,1.4687868114692637,0.42105263157894735,0.4913631033101559,-0.9338791441940879,Timeline Duration
3092,Community Hall Construction,Uttar Pradesh,Mainpuri,1099359.13,0.6150142990825809,1.389908256880734,0.36850604008729115,-0.2454517222047342,Cost Multiplier
3093,Health Centre Infrastructure,Uttar Pradesh,Mainpuri,4007925.28,1.3377089514136185,0.9909502262443439,0.34349697917953703,1.1528258676911374,Timeline Duration
3094,Sanitation & Drainage,Punjab,Bhatinda,899976.61,0.7891424452899847,0.646551724137931,0.583138678695681,0.501437471892217,Cost Multiplier
3095,Health Centre Infrastructure,Punjab,Bhatinda,2446273.17,0.8164826658425051,1.0316742081447965,0.5339937520200413,1.018892274407672,Timeline Duration
3096,Street Lighting,Punjab,Bhatinda,422534.88,0.6179168246733577,1.0454545454545454,0.1898755747763816,0.97875268105721,Timeline Duration
3097,Rural Roads,Punjab,Bhatinda,1768565.99,0.5122501389337953,0.772020725388601,0.13619095124238959,0.9236349657615185,Timeline Duration
3098,Irrigation Facilities,Punjab,Bhatinda,4485526.55,1.3703360062940193,0.9587155963302753,0.2775120718418316,1.1685247621133152,Timeline Duration
3099,School Infrastructure,Uttar Pradesh,Mathura,1180030.06,0.5457871290623942,0.7555555555555555,0.04468565763712533,0.9473208797173025,Timeline Duration
3100,Irrigation Facilities,Uttar Pradesh,Mathura,2206217.62,0.6740032432549745,0.7155963302752294,0.4765636727988994,0.8202373139106335,Timeline Duration
3101,Rural Roads,Uttar Pradesh,Mathura,5955894.4,1.7250742981182252,0.6735751295336787,-1.10906052444555,0.5853094072667752,Cost Multiplier
3102,Sanitation & Drainage,Uttar Pradesh,Mathura,1206085.83,1.057553619216616,1.1810344827586208,0.5162411440319157,0.6675699187222086,Timeline Duration
3103,Sanitation & Drainage,Uttar Pradesh,Mathura,265127.68,0.23247660370780143,0.8275862068965517,-2.586718061678539,0.8479647144000767,Cost Multiplier
3104,Irrigation Facilities,Uttar Pradesh,Mathura,2802506.51,0.8561705154830462,0.8532110091743119,0.5203377829325779,0.9982275250537289,Timeline Duration
3105,Electrification,Madhya Pradesh,Shahdol,1568569.16,1.5156324970557589,3.8,-0.040540547520341814,-3.8825498730129255,Timeline Duration
3106,Sports Infrastructure,Madhya Pradesh,Shahdol,3255227.19,1.6380609429364306,0.7307692307692307,-0.3109875992146967,0.9412029548952139,Timeline Duration
3107,Rural Roads,Madhya Pradesh,Shahdol,4764512.09,1.380000516720469,0.9533678756476683,0.3402817178879377,1.2108759153182658,Timeline Duration
3108,School Infrastructure,Madhya Pradesh,Shahdol,2120801.74,0.9809125480965547,6.116666666666666,0.4616812448691161,-5.407808546913644,Timeline Duration
3109,Sports Infrastructure,Madhya Pradesh,Shahdol,1264659.85,0.6363887327891375,0.5989010989010989,0.2948157230564829,0.22900450394063096,Cost Multiplier
3110,Drinking Water Supply,Madhya Pradesh,Shahdol,1729266.39,1.1508584613972488,1.1901408450704225,0.2010879043634775,0.6311426256683914,Timeline Duration
3111,Community Hall Construction,Gujarat,Jamnagar,775418.56,0.4337922787561006,1.4541284403669725,-0.1972504155791976,-0.5482272187322793,Timeline Duration
3112,Community Hall Construction,Gujarat,Jamnagar,2658699.01,1.4873555542370414,0.9357798165137615,0.4425696746182118,1.1762365181367986,Timeline Duration
3113,Community Hall Construction,Gujarat,Jamnagar,648919.05,0.36302467847525344,0.8761467889908257,-1.2241966515751315,0.8009820935835334,Cost Multiplier
3114,Irrigation Facilities,Gujarat,Jamnagar,4065346.57,1.2419703062363747,0.7155963302752294,0.17573739851796522,0.8159402817647224,Timeline Duration
3115,Drinking Water Supply,Gujarat,Jamnagar,2427150.35,1.615313021483517,0.8802816901408451,-0.23505319828547597,0.9722853992709531,Timeline Duration
3116,Irrigation Facilities,Maharashtra,Raver,1287755.91,0.39341162539566743,4.76605504587156,-0.7784273608976443,-4.35760876096145,Timeline Duration
3117,Drinking Water Supply,Maharashtra,Raver,2228174.11,1.4828906886693056,1.1338028169014085,0.33050808203715226,0.7030643709984867,Timeline Duration
3118,Street Lighting,Maharashtra,Raver,742119.14,1.0852782201510156,0.7121212121212122,0.27550246258904365,0.6810852335261185,Timeline Duration
3119,Street Lighting,Maharashtra,Raver,1019080.56,1.49030779120897,1.2727272727272727,0.13743691185507553,0.20426344205353458,Timeline Duration
3120,Electrification,Maharashtra,Raver,1263484.92,1.2208443549227346,0.9789473684210527,0.13339493077844386,1.0826869936012238,Timeline Duration
3121,Sports Infrastructure,Tamil Nadu,Karur,3289738.15,1.655427182642496,1.8846153846153846,-0.6317550530508531,-2.7586051243077976,Timeline Duration
3122,Street Lighting,Tamil Nadu,Karur,940386.75,1.3752256252191504,1.0303030303030303,0.2863481186397601,1.0453506589689707,Timeline Duration
3123,Sports Infrastructure,Tamil Nadu,Karur,916951.84,0.46141879137403463,1.1153846153846154,-0.05598827639353315,0.838829249726821,Timeline Duration
3124,Drinking Water Supply,Tamil Nadu,Karur,596451.51,0.39694940644550764,1.3380281690140845,-0.830128044018501,0.05477646957346551,Cost Multiplier
3125,Street Lighting,Tamil Nadu,Karur,293960.82,0.4298895666856579,0.9242424242424242,-0.5329560106413159,0.9080760112951038,Timeline Duration
3126,Street Lighting,Tamil Nadu,Karur,1069935.72,1.5646785957812588,0.8333333333333334,0.2649253114301669,0.9502154247758574,Timeline Duration
3127,Sports Infrastructure,Tamil Nadu,Karur,2738034.56,1.3778047464472474,1.1758241758241759,0.23128281076077217,0.714490525897411,Timeline Duration
3128,Community Hall Construction,West Bengal,Uluberia,1305723.48,0.7304606737998969,4.0504587155963305,0.5066934189942214,-3.9674610181112264,Timeline Duration
3129,Drinking Water Supply,West Bengal,Uluberia,1446197.56,0.9624709694253963,0.6126760563380281,0.5561000303530222,0.3554199922870339,Cost Multiplier
3130,Sanitation & Drainage,West Bengal,Uluberia,1590886.38,1.394965107028428,4.422413793103448,-0.0633068907370684,-4.487115886942156,Timeline Duration
3131,Irrigation Facilities,West Bengal,Uluberia,2006536.5,0.6130003207523494,1.2798165137614679,0.3670481938294305,0.4021129430471338,Timeline Duration
3132,Community Hall Construction,West Bengal,Uluberia,817188.44,0.4571595959229335,0.6146788990825688,-0.21402577499988848,0.2928004918530486,Timeline Duration
3133,Rural Roads,Madhya Pradesh,Bhind,4922718.0,1.4258235167305775,0.9119170984455959,0.41226721017890416,1.1514906927420703,Timeline Duration
3134,School Infrastructure,Madhya Pradesh,Bhind,2851290.13,1.3187778065387934,0.5555555555555556,0.3073976640784786,0.006324537086485729,Cost Multiplier
3135,Community Hall Construction,Madhya Pradesh,Bhind,741672.17,0.4149135412934687,1.724770642201835,-0.2403459531045695,-1.8457226094747525,Timeline Duration
3136,Rural Roads,Madhya Pradesh,Bhind,4196346.68,1.2154362246015886,0.694300518134715,0.18171763384537826,0.7771548730689428,Timeline Duration
3137,Irrigation Facilities,Madhya Pradesh,Bhind,4407313.13,1.3464416731746676,1.2568807339449541,0.2148304108232732,0.43980302080839434,Timeline Duration
3138,Street Lighting,Madhya Pradesh,Bhind,373867.28,0.5467451172477528,1.4090909090909092,0.22866590184362034,-0.2697633787278577,Timeline Duration
3139,Sanitation & Drainage,Odisha,Bolangir,759469.51,0.6659391139560689,0.9913793103448276,0.4864556725426315,1.0650436379001957,Timeline Duration
3140,Sanitation & Drainage,Odisha,Bolangir,282912.44,0.24807113009809897,0.7758620689655172,-2.376103565046909,0.8517222763501658,Cost Multiplier
3141,Community Hall Construction,Odisha,Bolangir,517788.37,0.2896662635154193,1.0504587155963303,-1.8210404824903799,0.8667272434925196,Cost Multiplier
3142,Irrigation Facilities,Odisha,Bolangir,3320713.4,1.0144836036257625,1.3990825688073394,0.5679610893206453,-0.42572648165376886,Cost Multiplier
3143,Drinking Water Supply,Odisha,Bolangir,1676691.29,1.1158687692111846,0.9014084507042254,0.26503089237625543,0.9940970019574752,Timeline Duration
3144,Rural Roads,Odisha,Bolangir,2731372.12,0.7911187684604832,0.9378238341968912,0.6411459635696575,1.0681833264809266,Timeline Duration
3145,Health Centre Infrastructure,West Bengal,Birbhum,1567418.01,0.5231507466087094,0.7782805429864253,0.04713504740096895,0.942673822836331,Timeline Duration
3146,Health Centre Infrastructure,West Bengal,Birbhum,2151119.77,0.7179705136348761,1.2036199095022624,0.4023315670297759,0.6070252803470393,Timeline Duration
3147,Rural Roads,West Bengal,Birbhum,4354330.79,1.261194982122891,1.0984455958549222,-0.05704208301539068,0.8569681184100224,Timeline Duration
3148,Electrification,West Bengal,Birbhum,974474.92,0.9415879732824857,0.4,0.44034125398199486,-1.2163316641921478,Timeline Duration
3149,Health Centre Infrastructure,West Bengal,Birbhum,3238924.04,1.0810425291303738,0.3891402714932127,0.41864004132321336,-1.391983849600559,Timeline Duration
3150,Irrigation Facilities,West Bengal,Birbhum,3212766.06,0.9815055072670057,0.7385321100917431,0.5408621460422501,0.8323371358075146,Timeline Duration
3151,Electrification,West Bengal,Birbhum,1165683.31,1.1263433905021583,1.0842105263157895,0.3047000705695711,0.9100507533545386,Timeline Duration
3152,Electrification,Maharashtra,Baramati,1594602.45,1.540787205777226,1.2105263157894737,0.12659108967386506,0.5572229111665564,Timeline Duration
3153,Irrigation Facilities,Maharashtra,Baramati,896594.72,0.2739112151435386,1.1926605504587156,-2.04913289066077,0.5956497814020308,Cost Multiplier
3154,Irrigation Facilities,Maharashtra,Baramati,2923953.65,0.8932728237512764,0.7339449541284404,0.46612474623763694,0.7914709274859607,Timeline Duration
3155,Street Lighting,Maharashtra,Baramati,581686.61,0.8506609986995861,0.9545454545454546,0.44588534976803934,1.1160012630458376,Timeline Duration
3156,Community Hall Construction,Maharashtra,Baramati,905135.6,0.5063598613209237,1.311926605504587,0.32244662412696473,0.3435598685908576,Timeline Duration
3157,Electrification,Maharashtra,Baramati,1534939.99,1.483138256954154,0.968421052631579,0.4718685632462032,1.1608596631588834,Timeline Duration
3158,Community Hall Construction,Maharashtra,Baramati,1566654.2,0.8764331040010388,0.8715596330275229,0.6650005101230634,0.9919695214141978,Timeline Duration
3159,Electrification,Bihar,Vaishali,507454.61,0.49032884064656496,12.368421052631579,-0.031395721012737396,-7.811849882045979,Timeline Duration
3160,School Infrastructure,Bihar,Vaishali,740202.63,0.3423582856458196,1.05,-1.2516730463529433,0.935863476312334,Cost Multiplier
3161,Irrigation Facilities,Bihar,Vaishali,3857554.4,1.1784894441340275,1.1972477064220184,0.2244966223601288,0.6438979460537965,Timeline Duration
3162,Sports Infrastructure,Bihar,Vaishali,2171990.81,1.0929662068464912,0.6758241758241759,0.33712103571241286,0.6153729455804602,Timeline Duration
3163,Health Centre Infrastructure,Bihar,Vaishali,3354043.92,1.119465624174117,1.339366515837104,0.22526996774620353,-0.05659677192785352,Cost Multiplier
3164,Irrigation Facilities,Bihar,Vaishali,4571154.29,1.3964954268105656,1.2339449541284404,0.15702411887448767,0.5652695112186898,Timeline Duration
3165,School Infrastructure,Bihar,Vaishali,3147024.56,1.4555608012996248,4.7444444444444445,0.12530968017207753,-4.798327736978927,Timeline Duration
3166,Sports Infrastructure,Bihar,Vaishali,1783009.19,0.8972269966311388,1.120879120879121,0.5598040289381544,0.7806918117834326,Timeline Duration
3167,Health Centre Infrastructure,Andhra Pradesh,Visakhapatnam,992914.9,0.3314011756531444,0.4343891402714932,-1.2804526249285901,-0.8491304748891337,Cost Multiplier
3168,Community Hall Construction,Andhra Pradesh,Visakhapatnam,1580882.56,0.8843928731189745,1.3669724770642202,0.7497520096994574,-0.0974439309874709,Cost Multiplier
3169,Rural Roads,Andhra Pradesh,Visakhapatnam,2689261.13,0.7789216773708034,0.6062176165803109,0.6357545259140928,0.3415283255053153,Cost Multiplier
3170,Irrigation Facilities,Andhra Pradesh,Visakhapatnam,5341683.4,1.6318933832290123,1.0321100917431192,-0.2968114987650087,1.010081893139752,Timeline Duration
3171,Rural Roads,Andhra Pradesh,Visakhapatnam,2160052.26,0.6256408166535299,1.4870466321243523,0.28595519735870656,-0.7701798838833719,Timeline Duration
3172,Sports Infrastructure,Andhra Pradesh,Visakhapatnam,2612107.2,1.3144369143350145,0.3626373626373626,0.3398215550633616,-1.5171857373994364,Timeline Duration
3173,School Infrastructure,Bihar,Arrah,2309136.07,1.068020882671175,1.4555555555555555,0.46291141953217196,-0.7967505894624952,Timeline Duration
3174,Street Lighting,Bihar,Arrah,624695.13,0.9135568432090396,0.42424242424242425,0.4251773883512758,-0.945013194041558,Timeline Duration
3175,Health Centre Infrastructure,Bihar,Arrah,1584372.35,0.5288095278480918,0.918552036199095,-0.03460568413985396,0.9790921987935036,Timeline Duration
3176,Sanitation & Drainage,Bihar,Arrah,1316809.79,1.1546416719234418,1.2586206896551724,0.17874694302956196,0.3946973673850374,Timeline Duration
3177,Community Hall Construction,Bihar,Arrah,2420551.95,1.3541289832397394,1.224770642201835,0.21679549255083808,0.5849478197620197,Timeline Duration
3178,Sports Infrastructure,Bihar,Arrah,1116805.81,0.5619871890433197,0.8626373626373627,0.09301743810741753,1.0202852275060428,Timeline Duration
3179,Street Lighting,Bihar,Arrah,683805.43,1.0,0.9848484848484849,0.6471814132301688,1.100633479752295,Timeline Duration
3180,Electrification,Bihar,Arrah,985138.25,0.9518914332044118,1.4210526315789473,0.5937890812749187,-0.5002448109677433,Cost Multiplier
3181,Street Lighting,Tamil Nadu,Mayiladuthurai,437496.99,0.6397974786482756,1.4393939393939394,0.3952704852074118,-0.6983590704476624,Timeline Duration
3182,Street Lighting,Tamil Nadu,Mayiladuthurai,1079271.85,1.5783317924222977,0.7121212121212122,0.18657504464311914,0.873674077747291,Timeline Duration
3183,Street Lighting,Tamil Nadu,Mayiladuthurai,554261.42,0.8105542829632107,10.727272727272727,0.2865424821531089,-7.523000873147014,Timeline Duration
3184,Sports Infrastructure,Tamil Nadu,Mayiladuthurai,3221373.21,1.6210253017463756,1.1758241758241759,-0.23785920607628472,0.7022856233764306,Timeline Duration
3185,Sports Infrastructure,Tamil Nadu,Mayiladuthurai,1985464.96,0.9991046445347621,1.2417582417582418,0.6661950803636665,0.6578608646650899,Cost Multiplier
3186,School Infrastructure,Tamil Nadu,Mayiladuthurai,2710057.95,1.2534551434420387,0.7277777777777777,-0.07080006846800256,0.8625408309847848,Timeline Duration
3187,Irrigation Facilities,Bihar,Buxar,734998.62,0.22454333116418976,0.7339449541284404,-2.9791287318636708,0.7756363744458851,Cost Multiplier
3188,Electrification,Bihar,Buxar,437341.73,0.4225821565346761,1.0947368421052632,-0.5982663193586859,0.8341497942677538,Timeline Duration
3189,School Infrastructure,Bihar,Buxar,2050953.0,0.9486061310267847,0.6222222222222222,0.47307944099640015,0.3599530552072504,Cost Multiplier
3190,Health Centre Infrastructure,Bihar,Buxar,4289096.5,1.431554328160235,1.0135746606334841,0.38465114301610315,0.9939119635075433,Timeline Duration
3191,Electrification,Bihar,Buxar,919415.95,0.8883871541446045,6.88421052631579,0.4583415385281985,-5.67934243797457,Timeline Duration
3192,Drinking Water Supply,Bihar,Buxar,844808.07,0.5622352468298301,0.9014084507042254,0.0422170090427135,0.989711511511341,Timeline Duration
3193,Electrification,Bihar,Buxar,477286.74,0.46117908728857243,1.2210526315789474,-0.010651886213297435,0.6761851396625798,Timeline Duration
3194,Street Lighting,Bihar,Buxar,197166.67,0.2883373856800172,1.5757575757575757,-1.5527610999828148,-1.287907561974827,Cost Multiplier
3195,Sports Infrastructure,West Bengal,Kolkata Uttar,2197344.41,1.1057243768600664,0.989010989010989,0.3078485690408496,1.079583381294943,Timeline Duration
3196,Health Centre Infrastructure,West Bengal,Kolkata Uttar,1707089.07,0.5697681893409323,0.35294117647058826,-0.06266218194033642,-1.8873536001289932,Timeline Duration
3197,Drinking Water Supply,West Bengal,Kolkata Uttar,2380841.59,1.5844936933620617,0.9154929577464789,0.1437725330240616,1.1323776312320168,Timeline Duration
3198,Sanitation & Drainage,West Bengal,Kolkata Uttar,978883.68,0.8583319303038986,1.25,0.57752511166709,0.6049697836211495,Timeline Duration
3199,Electrification,West Bengal,Kolkata Uttar,532616.79,0.5146418379164887,4.557894736842106,0.033436269637389875,-4.382615379396852,Timeline Duration
3200,Sports Infrastructure,West Bengal,Kolkata Uttar,1260660.83,0.6343763883075773,1.010989010989011,0.26532632108310783,0.8851563669458051,Timeline Duration
3201,Sports Infrastructure,West Bengal,Kolkata Uttar,1733677.77,0.8724029620415307,1.1703296703296704,0.5664079692385925,0.7161841763694786,Timeline Duration
3202,Drinking Water Supply,West Bengal,Kolkata Uttar,1681530.71,1.1190894918756984,0.8943661971830986,0.2984694788395572,1.0163565819908746,Timeline Duration
3203,Sports Infrastructure,Odisha,Kandhamal,2083130.89,1.0482510592243504,0.5879120879120879,0.5473500510642489,0.29990307949596595,Cost Multiplier
3204,School Infrastructure,Odisha,Kandhamal,1315498.76,0.6084440692176432,1.3277777777777777,0.2971440685217778,0.1659234745779892,Cost Multiplier
3205,Health Centre Infrastructure,Odisha,Kandhamal,4461620.01,1.489136799771656,0.7737556561085973,0.3775075048461586,0.9734957660197575,Timeline Duration
3206,Irrigation Facilities,Odisha,Kandhamal,4871847.85,1.4883578219018911,0.6146788990825688,0.3871546759143856,0.43780274733521884,Timeline Duration
3207,Street Lighting,Odisha,Kandhamal,667070.28,0.9755264447081095,0.4090909090909091,0.5234765291780606,-1.1009519081099832,Timeline Duration
3208,Electrification,Jharkhand,Lohardaga,584198.72,0.5644829615102072,9.147368421052631,0.044952903353522616,-6.691432720043759,Timeline Duration
3209,Sanitation & Drainage,Jharkhand,Lohardaga,478127.15,0.4192447049379776,1.2672413793103448,-0.4496534647081886,0.5503921377052174,Timeline Duration
3210,Electrification,Jharkhand,Lohardaga,1718750.56,1.6607455185901934,1.063157894736842,-0.47982436689119856,0.9403066445484762,Timeline Duration
3211,Sanitation & Drainage,Jharkhand,Lohardaga,1729435.1,1.5164512373097445,0.8275862068965517,0.26748666453892306,0.9323540146414538,Timeline Duration
3212,Sanitation & Drainage,Jharkhand,Lohardaga,695321.31,0.6096909105622595,0.8103448275862069,0.2442530522202364,0.9827564989739643,Timeline Duration
3213,School Infrastructure,Jharkhand,Lohardaga,736304.8,0.340555462550556,1.3333333333333333,-1.225685060208703,0.006499771706313751,Cost Multiplier
3214,Street Lighting,Jharkhand,Lohardaga,1129944.35,1.6524354742254679,0.45454545454545453,-0.39904856159611,-0.6731143947435732,Timeline Duration
3215,Health Centre Infrastructure,Punjab,Gurdaspur,2935021.35,0.9796101619152648,3.6425339366515836,0.5570129693318319,-3.6441740386254566,Timeline Duration
3216,Electrification,Punjab,Gurdaspur,1507590.26,1.4567115359457536,1.5789473684210527,0.21342376319805825,-1.706943734987316,Timeline Duration
3217,Irrigation Facilities,Punjab,Gurdaspur,4683362.63,1.4307752659319015,1.1972477064220184,0.3096931478270615,0.6474046377247302,Timeline Duration
3218,Street Lighting,Punjab,Gurdaspur,1128387.53,1.6501587739658632,0.4696969696969697,-0.41407331493570326,-0.5478214504207679,Timeline Duration
3219,Sanitation & Drainage,Punjab,Gurdaspur,1363738.31,1.1957908380408144,0.7844827586206896,0.3166495084300169,0.9524611033786667,Timeline Duration
3220,Electrification,Punjab,Gurdaspur,313578.96,0.3029961791222186,0.7894736842105263,-1.448873669935224,0.9025142269842273,Cost Multiplier
3221,Health Centre Infrastructure,Punjab,Gurdaspur,3863661.54,1.289558628520771,1.2307692307692308,-0.04172814931927891,0.5852979014097869,Timeline Duration
3222,Sanitation & Drainage,Karnataka,Chamarajanagar,1526769.59,1.3387444454217399,1.1551724137931034,0.2921201219988504,0.7371526056938166,Timeline Duration
3223,Drinking Water Supply,Karnataka,Chamarajanagar,1275963.38,0.8491770040739837,1.0492957746478873,0.49557603525306415,1.0371944888471012,Timeline Duration
3224,Irrigation Facilities,Karnataka,Chamarajanagar,3151742.28,0.9628626384662035,0.6513761467889908,0.5061428413641408,0.48060165042529207,Cost Multiplier
3225,Sports Infrastructure,Karnataka,Chamarajanagar,2802917.48,1.4104544421250684,1.2802197802197801,0.14487549267019825,0.20966065758006466,Timeline Duration
3226,Rural Roads,Karnataka,Chamarajanagar,1456193.35,0.4217740531423252,1.3160621761658031,-0.3949397324250071,0.2612947076706978,Cost Multiplier
3227,Electrification,Maharashtra,Raigad,309733.09,0.2992801009918467,0.8631578947368421,-1.541625483362509,0.9018624645054304,Cost Multiplier
3228,Electrification,Maharashtra,Raigad,1316382.9,1.271957113965253,0.42105263157894735,-0.02516805560109579,-1.005616385371128,Timeline Duration
3229,Community Hall Construction,Maharashtra,Raigad,993694.95,0.5559026040709284,0.5825688073394495,-0.02169757897236291,0.1702197023544702,Timeline Duration
3230,Electrification,Maharashtra,Raigad,592545.14,0.5725477033836711,12.51578947368421,0.07504346790832249,-7.827884690932145,Timeline Duration
3231,Health Centre Infrastructure,Maharashtra,Raigad,1145269.6,0.38225198542171784,0.9819004524886877,-1.1711429811127594,0.9202968768924501,Cost Multiplier
3232,Health Centre Infrastructure,Maharashtra,Raigad,4194957.74,1.4001340163706453,0.8778280542986425,0.2527055889364951,0.9713787605312373,Timeline Duration
3233,Sanitation & Drainage,Maharashtra,Raigad,709251.82,0.6219058465988044,0.5344827586206896,0.14077837295781356,-0.1926399707099583,Timeline Duration
3234,Street Lighting,Maharashtra,Raigad,991491.12,1.4499608755666067,5.787878787878788,0.22183509428654788,-5.236064010914543,Timeline Duration
3235,Street Lighting,Bihar,Valmiki Nagar,684423.37,1.0009036781120617,0.7424242424242424,0.5985437419640579,0.8652773168848717,Timeline Duration
3236,Irrigation Facilities,Bihar,Valmiki Nagar,2703400.84,0.8258935643793028,0.8165137614678899,0.3853318843000881,0.855728007357611,Timeline Duration
3237,Sanitation & Drainage,Bihar,Valmiki Nagar,1578725.68,1.3843020248685063,0.8620689655172413,0.2459457788473932,1.023190510104363,Timeline Duration
3238,Street Lighting,Bihar,Valmiki Nagar,187849.16,0.27471141900701196,2.878787878787879,-1.724840711663098,-3.111467177145183,Timeline Duration
3239,Sanitation & Drainage,Bihar,Valmiki Nagar,869249.98,0.7621998696004669,1.0689655172413792,0.5491353585250366,0.8979953681581092,Timeline Duration
3240,Community Hall Construction,Bihar,Valmiki Nagar,1514743.08,0.8473924745923471,0.9220183486238532,0.42079307403640004,1.0305162339029927,Timeline Duration
3241,Street Lighting,Bihar,Valmiki Nagar,405143.46,0.5924835373126534,0.7878787878787878,0.360943657433642,1.065912399164599,Timeline Duration
3242,Community Hall Construction,Bihar,Valmiki Nagar,2859092.45,1.5994616237453263,0.4724770642201835,-0.054530032781448856,-0.5379867321445226,Timeline Duration
3243,Street Lighting,Bihar,Jahanabad,961571.07,1.4062056658426942,0.8939393939393939,0.31977177291039927,1.074081295336626,Timeline Duration
3244,School Infrastructure,Bihar,Jahanabad,1476319.53,0.6828268407479748,1.1388888888888888,0.4561483035229941,0.697391692519833,Timeline Duration
3245,Sports Infrastructure,Bihar,Jahanabad,1334282.23,0.6714233693216121,1.0934065934065933,0.41636611624899733,0.814412960177454,Timeline Duration
3246,Community Hall Construction,Bihar,Jahanabad,2404063.64,1.344904930661301,1.3027522935779816,0.22846941570295837,0.08536180632753383,Cost Multiplier
3247,Irrigation Facilities,Bihar,Jahanabad,2976983.22,0.909473447771502,0.9770642201834863,0.41181417214662497,1.0480242612992852,Timeline Duration
3248,Street Lighting,Kerala,Thrissur,1006219.83,1.4715002043783125,0.7272727272727273,0.5116588066219243,0.9132822500216015,Timeline Duration
3249,Community Hall Construction,Kerala,Thrissur,989960.51,0.5538134469098231,5.6422018348623855,-0.10812228243369634,-5.029496641410493,Timeline Duration
3250,Health Centre Infrastructure,Kerala,Thrissur,3968958.63,1.3247032108196717,1.4796380090497738,0.24070619991635261,-0.9544457452135389,Timeline Duration
3251,Irrigation Facilities,Kerala,Thrissur,1573896.2,0.4808279716969534,0.9678899082568807,-0.13103377487955228,1.0105988790856377,Timeline Duration
3252,Street Lighting,Kerala,Thrissur,738194.18,1.079538341776549,13.181818181818182,0.2541963822723874,-8.073057492639593,Timeline Duration
3253,Street Lighting,Kerala,Thrissur,859264.41,1.256591966518897,0.7575757575757576,-0.0672040398283265,0.8882196598245831,Timeline Duration
3254,Irrigation Facilities,Kerala,Thrissur,1874116.18,0.5725456872910948,1.036697247706422,0.13129086538066734,0.9974576160026167,Timeline Duration
3255,Sports Infrastructure,Himachal Pradesh,Shimla,2007247.07,1.0100656071844214,1.0879120879120878,0.5699637557969804,0.8960733990005718,Timeline Duration
3256,Sports Infrastructure,Himachal Pradesh,Shimla,2454975.61,1.2353668201581158,3.9945054945054945,0.08335962450352441,-3.9179230417418136,Timeline Duration
3257,Drinking Water Supply,Himachal Pradesh,Shimla,1108819.11,0.7379394304323852,5.126760563380282,0.49626287367795663,-4.795151454981917,Timeline Duration
3258,Drinking Water Supply,Himachal Pradesh,Shimla,942046.53,0.6269492232948662,0.7183098591549296,0.19578492889898386,0.8709175388682647,Timeline Duration
3259,Drinking Water Supply,Himachal Pradesh,Shimla,849032.66,0.5650467888661235,0.8591549295774648,0.11967093669193297,1.0138683744612622,Timeline Duration
3260,Sanitation & Drainage,Himachal Pradesh,Shimla,1329229.12,1.1655315332111293,0.9482758620689655,0.3721946359936695,1.1109087990543445,Timeline Duration
3261,Health Centre Infrastructure,Himachal Pradesh,Shimla,4951120.04,1.6525152377669459,0.9095022624434389,-0.397454397160609,1.1040273514341203,Timeline Duration
3262,Community Hall Construction,Telangana,Zahirabad,2635521.07,1.4743891230370039,0.7339449541284404,0.49087316064188397,0.9106898385266228,Timeline Duration
3263,Irrigation Facilities,Telangana,Zahirabad,3654892.93,1.1165760196266026,0.8119266055045872,0.26162058022502205,0.8858667687930507,Timeline Duration
3264,Sanitation & Drainage,Telangana,Zahirabad,1026430.52,0.9000232689081449,0.9655172413793104,0.5171975647034152,1.0472075939784027,Timeline Duration
3265,Community Hall Construction,Telangana,Zahirabad,1682703.84,0.9413547352093828,0.9954128440366973,0.4887786081774535,1.058444768736822,Timeline Duration
3266,Irrigation Facilities,Telangana,Zahirabad,4643829.13,1.4186977142997916,2.802752293577982,0.16744553078783106,-3.474054935719085,Timeline Duration
3267,School Infrastructure,Telangana,Zahirabad,544534.57,0.25185795659775423,0.3333333333333333,-2.0496687124596917,-1.7962980165868847,Cost Multiplier
3268,Health Centre Infrastructure,Uttar Pradesh,Unnao,2092269.78,0.6983283913611789,0.9683257918552036,0.4878265525861272,1.02173172449697,Timeline Duration
3269,School Infrastructure,Uttar Pradesh,Unnao,697664.57,0.32268359562708915,0.7,-1.2597936174763098,0.7675494255926,Cost Multiplier
3270,Street Lighting,Uttar Pradesh,Unnao,1048688.44,1.5336064821830968,0.4696969696969697,0.23852647742477312,-0.555993523917437,Timeline Duration
3271,Drinking Water Supply,Uttar Pradesh,Unnao,1220743.87,0.8124274085893286,0.8028169014084507,0.5532630791351777,0.9356846231426714,Timeline Duration
3272,Drinking Water Supply,Uttar Pradesh,Unnao,1783794.76,1.1871480905507419,0.5774647887323944,0.21624719313560348,0.20979288215376796,Cost Multiplier
3273,Sanitation & Drainage,Uttar Pradesh,Unnao,1826156.76,1.6012614050816674,1.1551724137931034,-0.16724883058921622,0.6503171841879458,Timeline Duration
3274,Rural Roads,Uttar Pradesh,Unnao,4817527.26,1.395355911063486,1.067357512953368,0.27607540817474624,0.9905007120463147,Timeline Duration
3275,Sanitation & Drainage,Uttar Pradesh,Unnao,1638988.64,1.4371434643974874,1.2241379310344827,0.2748006867799371,0.536111952379168,Timeline Duration
3276,Electrification,Tamil Nadu,Chennai South,1336337.49,1.2912382689443704,0.5578947368421052,0.061670989820969926,0.10000830518456867,Timeline Duration
3277,Community Hall Construction,Tamil Nadu,Chennai South,2651715.42,1.4834487256205091,1.31651376146789,0.23688825873632924,-0.023601599081088716,Cost Multiplier
3278,Irrigation Facilities,Tamil Nadu,Chennai South,4463782.27,1.3636930916924015,0.6513761467889908,0.2560510041809968,0.6336179261678389,Timeline Duration
3279,Health Centre Infrastructure,Tamil Nadu,Chennai South,2995241.47,0.9997095869173204,0.8190045248868778,0.5847815271696287,0.8452242338863715,Timeline Duration
3280,School Infrastructure,Tamil Nadu,Chennai South,1207373.59,0.5584340498850142,0.48333333333333334,-0.020792728169462125,-0.48285178792094136,Timeline Duration
3281,Sports Infrastructure,Tamil Nadu,Chennai South,2601671.69,1.3091856675393576,0.44505494505494503,0.1489709264141791,-0.7926884206640101,Timeline Duration
3282,Sports Infrastructure,Tamil Nadu,Chennai South,3287228.44,1.6541642729624202,0.7582417582417582,-0.41017862741362565,0.9543773682389575,Timeline Duration
3283,Rural Roads,Andhra Pradesh,Kakinada,5058358.48,1.4651106313295905,0.9585492227979274,0.5892911073357215,1.1853674459690868,Timeline Duration
3284,Sports Infrastructure,Andhra Pradesh,Kakinada,2425831.41,1.2207011845675237,0.7967032967032966,0.10818572817831991,0.8935787905579526,Timeline Duration
3285,Drinking Water Supply,Andhra Pradesh,Kakinada,1080133.13,0.7188483852369295,1.6901408450704225,0.44090840123506675,-1.9241024681696528,Timeline Duration
3286,Rural Roads,Andhra Pradesh,Kakinada,5901364.96,1.7092803083129693,0.37305699481865284,-0.9506630019659035,-1.405797121505902,Timeline Duration
3287,Rural Roads,Andhra Pradesh,Kakinada,3338255.7,0.9668974501322025,0.9844559585492227,0.5646296121507427,1.0663636226544806,Timeline Duration
3288,Sanitation & Drainage,Uttar Pradesh,Barabanki,1467573.25,1.2868382692158744,5.551724137931035,-0.023130894855964562,-4.8602675668713164,Timeline Duration
3289,Sanitation & Drainage,Uttar Pradesh,Barabanki,1040752.23,0.9125812277756914,1.043103448275862,0.44937450780095084,1.034982978163873,Timeline Duration
3290,Community Hall Construction,Uttar Pradesh,Barabanki,2673371.18,1.4955636039110098,1.275229357798165,0.12625332003836048,0.20716931465397115,Timeline Duration
3291,Rural Roads,Uttar Pradesh,Barabanki,3821026.88,1.1067280278016465,0.7927461139896373,0.1996736206917576,0.833159246457333,Timeline Duration
3292,Irrigation Facilities,Uttar Pradesh,Barabanki,2793328.01,0.8533664680889294,0.8165137614678899,0.40985473111779275,0.8168319942538127,Timeline Duration
3293,Electrification,Uttar Pradesh,Barabanki,1256497.25,1.214092507442384,0.4,0.19088076290622735,-1.0748775993859767,Timeline Duration
3294,Drinking Water Supply,Uttar Pradesh,Barabanki,2219186.08,1.4769089900503947,0.8309859154929577,0.5195090311499319,0.955222273583392,Timeline Duration
3295,Sports Infrastructure,Uttar Pradesh,Barabanki,3053411.49,1.5365053842777505,1.3571428571428572,0.0480098239635266,-0.3031116470744639,Timeline Duration
3296,Rural Roads,Bihar,Katihar,3728474.41,1.079920989848731,1.1139896373056994,0.44321569016154594,0.7897761216516731,Timeline Duration
3297,Electrification,Bihar,Katihar,811126.32,0.7837521233741765,0.6842105263157895,0.6338145461423913,0.6860778964708744,Timeline Duration
3298,Rural Roads,Bihar,Katihar,5848858.76,1.6940723328136293,1.217616580310881,-0.9636539042318025,0.41821508594015855,Cost Multiplier
3299,Sanitation & Drainage,Bihar,Katihar,280790.8,0.24621077488550625,1.1810344827586208,-2.464086372366639,0.5485751190056304,Cost Multiplier
3300,School Infrastructure,Bihar,Katihar,1707182.06,0.7896053048972532,0.6722222222222223,0.581683259676203,0.5645020700824578,Cost Multiplier
3301,Sports Infrastructure,Tamil Nadu,Sriperumbudur,1853380.5,0.9326385017845693,3.181318681318681,0.5230957835631453,-3.4802859124488896,Timeline Duration
3302,School Infrastructure,Tamil Nadu,Sriperumbudur,2333369.12,1.0792291452707954,0.46111111111111114,0.42099779898102496,-0.7252052256726402,Timeline Duration
3303,Drinking Water Supply,Tamil Nadu,Sriperumbudur,2153177.47,1.4329790508675884,1.2464788732394365,0.24608224443356955,0.4935637527413695,Timeline Duration
3304,Street Lighting,Tamil Nadu,Sriperumbudur,1000348.73,1.4629142825028458,0.6212121212121212,0.537685040982728,0.4326243416610166,Cost Multiplier
3305,Drinking Water Supply,Tamil Nadu,Sriperumbudur,768352.55,0.5113526976625347,0.6267605633802817,0.05791251982629901,0.42371236911678,Timeline Duration
3306,Irrigation Facilities,Tamil Nadu,Sriperumbudur,4529643.4,1.3838137791631318,1.275229357798165,0.09413860501722848,0.23534034637198029,Timeline Duration
3307,Drinking Water Supply,Tamil Nadu,Sriperumbudur,598653.2,0.39841467147380305,1.2464788732394365,-0.8907862534783535,0.5715891804458386,Cost Multiplier
3308,Street Lighting,Tamil Nadu,Theni,770434.8,1.1266871630428557,1.2121212121212122,0.3023725694820381,0.6296142471826319,Timeline Duration
3309,Community Hall Construction,Tamil Nadu,Theni,1947522.83,1.0895023796634813,0.8990825688073395,0.34419421911862025,1.0174095972178545,Timeline Duration
3310,Sports Infrastructure,Tamil Nadu,Theni,1620565.01,0.815483557192328,1.2747252747252746,0.6371846444645451,0.45883131932235266,Cost Multiplier
3311,Sports Infrastructure,Tamil Nadu,Theni,1401966.77,0.7054828665374173,1.1868131868131868,0.4775479120605303,0.5979318977287873,Timeline Duration
3312,Irrigation Facilities,Tamil Nadu,Theni,5139963.75,1.570267686336854,0.45871559633027525,0.2574643086036708,-0.6626076013568412,Timeline Duration
3313,Community Hall Construction,Tamil Nadu,Theni,625409.58,0.3498727795013003,0.8899082568807339,-1.3865482618915452,0.8451893779871168,Cost Multiplier
3314,Street Lighting,Tamil Nadu,Arani,345775.97,0.5056642647602256,1.3636363636363635,0.31196191327621803,-0.0036125360315713475,Cost Multiplier
3315,Drinking Water Supply,Tamil Nadu,Arani,2074490.51,1.380611437502,1.1830985915492958,0.2304653489741602,0.6644757027531584,Timeline Duration
3316,Health Centre Infrastructure,Tamil Nadu,Arani,4128208.12,1.3778552666586603,0.7194570135746606,0.2535910888776708,0.8793486935399193,Timeline Duration
3317,Electrification,Tamil Nadu,Arani,549074.66,0.5305442815194976,0.6526315789473685,-0.02233425715247515,0.503722005470266,Timeline Duration
3318,Electrification,Tamil Nadu,Arani,1635158.15,1.579974216734935,0.9789473684210527,0.1438131780354263,1.1447419576227726,Timeline Duration
3319,Sports Infrastructure,Tamil Nadu,Arani,3413391.83,1.7176508775909152,0.978021978021978,-1.0289553404044383,1.0986787339426038,Timeline Duration
3320,Sanitation & Drainage,Tamil Nadu,Arani,1489951.22,1.306460341356645,0.6206896551724138,0.20154965529448055,0.39496216481420127,Timeline Duration
3321,Community Hall Construction,Tamil Nadu,Chennai Central,1460870.67,0.8172546410383206,2.596330275229358,0.3827871752792635,-3.441101239715436,Timeline Duration
3322,School Infrastructure,Tamil Nadu,Chennai Central,1630057.37,0.7539336177413116,1.0555555555555556,0.5475592847986398,0.9972009485483867,Timeline Duration
3323,Sports Infrastructure,Tamil Nadu,Chennai Central,3009600.55,1.5144593071536123,0.7307692307692307,0.35196676271748406,0.9224012604800984,Timeline Duration
3324,Electrification,Tamil Nadu,Chennai Central,1685173.11,1.6283012530225438,1.063157894736842,-0.31651873044700046,0.9512555247043063,Timeline Duration
3325,School Infrastructure,Tamil Nadu,Chennai Central,3734816.13,1.7274259718168719,1.1555555555555554,-1.2620099133439164,0.6350259585462928,Cost Multiplier
3326,School Infrastructure,Tamil Nadu,Chennai Central,1614269.28,0.7466313153622699,0.35,0.44185609589271335,-1.8247986357156472,Timeline Duration
3327,Health Centre Infrastructure,Tamil Nadu,Chennai Central,3385675.16,1.1300230547488488,1.2805429864253393,0.3012506730396621,0.28023714906929836,Cost Multiplier
3328,Rural Roads,Tamil Nadu,Chidambaram,3549664.23,1.0281301377879735,1.0518134715025906,0.5496548476453297,1.0266147221538673,Timeline Duration
3329,Drinking Water Supply,Tamil Nadu,Chidambaram,609052.54,0.40533562275184587,1.0211267605633803,-0.95662080970441,0.8441451678491992,Cost Multiplier
3330,Electrification,Tamil Nadu,Chidambaram,403301.06,0.3896903038900972,1.0947368421052632,-0.9357512174662792,0.8183465712114764,Cost Multiplier
3331,Health Centre Infrastructure,Tamil Nadu,Chidambaram,3207654.38,1.0706057816444874,0.38461538461538464,0.4811633508599691,-1.4242429516766222,Timeline Duration
3332,Electrification,Tamil Nadu,Chidambaram,1153490.08,1.1145616622217966,1.063157894736842,0.3119451620847408,0.9660243030380858,Timeline Duration
3333,Irrigation Facilities,Tamil Nadu,Chidambaram,5315092.1,1.6237696957559848,0.7431192660550459,-0.16188895425800237,0.9559874934602005,Timeline Duration
3334,Rural Roads,Tamil Nadu,Chidambaram,5110012.65,1.4800718235659118,0.5906735751295337,0.43873406386742164,0.3467697178154253,Cost Multiplier
3335,Street Lighting,Chhattisgarh,Bilaspur,532186.47,0.7782717811995145,1.0303030303030303,0.741576603391618,1.0554307329979449,Timeline Duration
3336,Street Lighting,Chhattisgarh,Bilaspur,629915.24,0.9211907545103875,8.803030303030303,0.2274739510707561,-6.6668545210464005,Timeline Duration
3337,Sanitation & Drainage,Chhattisgarh,Bilaspur,544499.76,0.47744337718533575,0.7241379310344828,-0.1065449538856221,0.8035780761470757,Timeline Duration
3338,Community Hall Construction,Chhattisgarh,Bilaspur,1044320.76,0.5842241927156127,0.908256880733945,0.27841420165194725,1.0190423275670635,Timeline Duration
3339,Irrigation Facilities,Chhattisgarh,Bilaspur,1903387.13,0.5814880124063997,0.7064220183486238,0.31589838278355903,0.7905581329502502,Timeline Duration
3340,School Infrastructure,Chhattisgarh,Bilaspur,3996659.38,1.8485336287539051,6.833333333333333,-1.9743806311550074,-4.877148610489447,Timeline Duration
3341,Irrigation Facilities,Chhattisgarh,Bilaspur,2734776.95,0.8354790194627071,0.6697247706422018,0.24421237455274197,0.5255487211695504,Timeline Duration
3342,Street Lighting,Chhattisgarh,Bilaspur,893744.7,1.3070160908198694,1.621212121212121,0.011829872367572073,-1.7199694525993698,Timeline Duration
3343,Drinking Water Supply,Uttarakhand,Hardwar,3843464.31,2.557895907663965,0.7183098591549296,-6.379193184500555,0.6112432902680194,Cost Multiplier
3344,Drinking Water Supply,Uttarakhand,Hardwar,2241433.42,1.4917150023748356,1.1619718309859155,0.2688669212422095,0.7356048687734296,Timeline Duration
3345,Sports Infrastructure,Uttarakhand,Hardwar,2912980.76,1.4658393199527435,0.8186813186813187,0.5643517931126408,0.9671444822464037,Timeline Duration
3346,Irrigation Facilities,Uttarakhand,Hardwar,3544531.43,1.0828603932730774,0.9862385321100917,0.3988573156091117,1.0727238544825313,Timeline Duration
3347,Irrigation Facilities,Uttarakhand,Hardwar,2231500.6,0.681727236738061,0.518348623853211,0.45597150867259945,-0.31058111851375964,Cost Multiplier
3348,Community Hall Construction,Uttar Pradesh,Allahabad,2442665.76,1.3665001083671535,0.8165137614678899,0.20627557842744215,0.9047518687907087,Timeline Duration
3349,Community Hall Construction,Uttar Pradesh,Allahabad,2126783.76,1.189786292543562,2.426605504587156,0.2972818694264972,-3.3618743226264867,Timeline Duration
3350,Rural Roads,Uttar Pradesh,Allahabad,5067216.95,1.4676764120320909,0.6476683937823834,0.5444075522862771,0.640885586820114,Timeline Duration
3351,Sanitation & Drainage,Uttar Pradesh,Allahabad,212305.78,0.18615984073008024,1.103448275862069,-3.797882533552655,0.6929677734090463,Cost Multiplier
3352,Electrification,Uttar Pradesh,Allahabad,1194603.54,1.1542876096848986,1.231578947368421,0.17437983829430903,0.5738995144499919,Timeline Duration
3353,Community Hall Construction,Uttar Pradesh,Allahabad,2421742.37,1.3547949397064982,0.6009174311926605,0.12043942757024569,0.26834687867837564,Timeline Duration
3354,Sanitation & Drainage,Rajasthan,Barmer,700227.16,0.6139925939862608,7.905172413793103,0.17792486550805278,-6.206569699108403,Timeline Duration
3355,Sanitation & Drainage,Rajasthan,Barmer,1302200.63,1.1418316631766225,0.9913793103448276,0.3322993137967675,1.0813401031096739,Timeline Duration
3356,Rural Roads,Rajasthan,Barmer,934730.38,0.27073672666330045,1.1191709844559585,-2.0416652363147922,0.7390802432113809,Cost Multiplier
3357,Sanitation & Drainage,Rajasthan,Barmer,1521442.33,1.334073249596889,2.6724137931034484,0.2656907242879118,-3.38306799423157,Timeline Duration
3358,School Infrastructure,Rajasthan,Barmer,1338933.45,0.6192830746032917,0.9833333333333333,0.13003216725584338,1.0460141433657677,Timeline Duration
3359,School Infrastructure,Rajasthan,Barmer,2679883.4,1.239498820146978,0.9944444444444445,0.197222427133253,1.0936756002618748,Timeline Duration
3360,Sports Infrastructure,Rajasthan,Barmer,2725170.74,1.3713315512172197,0.8956043956043956,0.32154056331391795,1.0838588495958297,Timeline Duration
3361,School Infrastructure,Uttar Pradesh,Kheri,3126712.14,1.4461659072440365,1.038888888888889,0.5181657504754137,1.0803209925156891,Timeline Duration
3362,Drinking Water Supply,Uttar Pradesh,Kheri,2491885.52,1.658395463017866,1.0845070422535212,-0.45926780717891397,0.8706183884865405,Timeline Duration
3363,Drinking Water Supply,Uttar Pradesh,Kheri,358852.31,0.23882278620788353,1.0140845070422535,-2.6538026312739382,0.7649620215204147,Cost Multiplier
3364,Rural Roads,Uttar Pradesh,Kheri,9500549.98,2.7517537229144993,0.6476683937823834,-6.963069222399259,0.3150791558891561,Cost Multiplier
3365,Sports Infrastructure,Uttar Pradesh,Kheri,636623.53,0.3203549488192003,3.923076923076923,-1.2032088776462586,-3.7162987598217248,Timeline Duration
3366,Community Hall Construction,Uttar Pradesh,Kheri,2398720.71,1.341915936201413,0.8302752293577982,0.17825795402079303,0.8594871606919559,Timeline Duration
3367,School Infrastructure,Uttar Pradesh,Kheri,2719218.03,1.257691860738191,1.1277777777777778,-0.12352494667831312,0.7148193567637604,Timeline Duration
3368,Street Lighting,Uttar Pradesh,Kheri,529284.4,0.7740277815576866,0.6212121212121212,0.6049761801978907,0.3365150629455359,Cost Multiplier
3369,School Infrastructure,Tamil Nadu,Namakkal,839051.36,0.3880777688920038,0.9833333333333333,-1.0197406478021418,0.934596699446105,Cost Multiplier
3370,Community Hall Construction,Tamil Nadu,Namakkal,2211581.32,1.237224577726415,0.5229357798165137,0.14820814297506393,-0.25858623142652587,Timeline Duration
3371,Rural Roads,Tamil Nadu,Namakkal,3343430.91,0.9683964058152255,1.2849740932642486,0.6430554095473486,0.3947334584002692,Cost Multiplier
3372,Street Lighting,Tamil Nadu,Namakkal,649927.03,0.9504560822221022,0.36363636363636365,0.4161609902215302,-1.6659382664503066,Timeline Duration
3373,School Infrastructure,Tamil Nadu,Namakkal,2583297.28,1.194825838560326,0.8833333333333333,0.34117758301977985,0.9462953326155159,Timeline Duration
3374,School Infrastructure,Karnataka,Tumkur,539805.49,0.24967066401615137,0.5055555555555555,-2.266260664802458,-0.29005112172769315,Cost Multiplier
3375,Sports Infrastructure,Karnataka,Tumkur,2984897.62,1.502028560404691,0.9230769230769231,0.3420837719254874,1.1113822372634914,Timeline Duration
3376,Street Lighting,Karnataka,Tumkur,967802.57,1.4153186382272511,1.5303030303030303,0.0450910184712966,-1.460189154728578,Timeline Duration
3377,Irrigation Facilities,Karnataka,Tumkur,2290967.46,0.6998944638252009,1.2477064220183487,0.5238920063818858,0.5661079919747135,Timeline Duration
3378,Community Hall Construction,Karnataka,Tumkur,582420.47,0.32582338869409977,1.0688073394495412,-1.2316562315771618,0.8991906710281268,Cost Multiplier
3379,Electrification,Karnataka,Tumkur,740110.19,0.7151326724835723,0.6947368421052632,0.5630181654053885,0.6952890034514901,Timeline Duration
3380,Drinking Water Supply,Karnataka,Tumkur,1925539.42,1.2814817584356974,1.0704225352112675,-0.0699229764930259,0.8804626846673747,Timeline Duration
3381,Sanitation & Drainage,Karnataka,Tumkur,846274.46,0.7420538371001235,0.5948275862068966,0.5647985842736843,0.2867569645854542,Cost Multiplier
3382,Irrigation Facilities,Puducherry,Puducherry,4099390.74,1.2523708581973023,1.2477064220183487,-0.07884561076000111,0.4908560442940237,Timeline Duration
3383,Community Hall Construction,Puducherry,Puducherry,2937386.42,1.6432616066334862,0.42201834862385323,-0.30670319865771273,-0.7995672237402178,Timeline Duration
3384,Drinking Water Supply,Puducherry,Puducherry,1991862.7,1.3256211162680203,1.1126760563380282,0.31920520759409676,0.799118161116988,Timeline Duration
3385,Rural Roads,Puducherry,Puducherry,4378029.68,1.26805916460956,1.0259067357512954,-0.009363178315324733,0.9761091312570891,Timeline Duration
3386,Health Centre Infrastructure,Puducherry,Puducherry,3028587.78,1.0108394494440023,1.1719457013574661,0.5351831602028264,0.7037503118541374,Timeline Duration
3387,Community Hall Construction,Puducherry,Puducherry,3463913.73,1.937816693930107,1.0412844036697249,-3.485730049442243,0.8501129962356433,Cost Multiplier
3388,Rural Roads,Puducherry,Puducherry,4987062.84,1.4444604538966443,0.6994818652849741,0.49572359856817516,0.8108031825872635,Timeline Duration
3389,Drinking Water Supply,Puducherry,Puducherry,1824463.92,1.214214161558991,1.1267605633802817,0.05268003453060882,0.6989441805932237,Timeline Duration
3390,Irrigation Facilities,Telangana,Peddapalle,3418214.49,1.0442703528046107,3.2477064220183487,0.4593356516509499,-3.640189090673482,Timeline Duration
3391,School Infrastructure,Telangana,Peddapalle,2248335.02,1.0398992003104062,0.8611111111111112,0.5455926522969546,1.0046510193106701,Timeline Duration
3392,Electrification,Telangana,Peddapalle,499307.97,0.4824571365223972,1.1263157894736842,-0.014993642729620877,0.8214035623790321,Timeline Duration
3393,Rural Roads,Telangana,Peddapalle,3460619.44,1.002339069596715,0.9481865284974094,0.6137977616256981,1.0646109785356606,Timeline Duration
3394,Rural Roads,Telangana,Peddapalle,3452543.7,1.0,0.9015544041450777,0.6333302588143237,1.0377418950737127,Timeline Duration
3395,School Infrastructure,Telangana,Peddapalle,1376418.02,0.6366204260301175,1.2722222222222221,0.4064567974710863,0.41079987019918474,Timeline Duration
3396,Drinking Water Supply,Telangana,Peddapalle,2439510.77,1.623539107427062,1.204225352112676,-0.3343609615298275,0.5374013882450469,Timeline Duration
3397,Rural Roads,Telangana,Peddapalle,5072418.95,1.4691831272113949,0.7357512953367875,0.5022523487488514,0.9129754268919964,Timeline Duration
3398,Drinking Water Supply,Haryana,Ambala,1375360.47,0.9153275883484886,0.4295774647887324,0.39856824025838516,-0.9584040459486669,Timeline Duration
3399,Rural Roads,Haryana,Ambala,5884408.18,1.7043689208046808,1.0932642487046633,-1.0262777292228304,0.8313877408969963,Cost Multiplier
3400,School Infrastructure,Haryana,Ambala,2417937.32,1.118343602310961,1.2055555555555555,0.3452100915741024,0.6993684376201078,Timeline Duration
3401,Electrification,Haryana,Ambala,1134856.9,1.0965573218001796,0.9789473684210527,0.3998570151505942,1.0987503129715297,Timeline Duration
3402,Sanitation & Drainage,Haryana,Ambala,766250.41,0.6718849307115364,0.9482758620689655,0.4312674584456392,1.0032642838462351,Timeline Duration
3403,Irrigation Facilities,Haryana,Ambala,1211038.65,0.3699743717064166,2.81651376146789,-1.1052995697271508,-3.4054928171973473,Timeline Duration
3404,Electrification,Haryana,Ambala,606484.3,0.5860164393606425,0.8421052631578947,0.3269127812040369,0.9714918668332692,Timeline Duration
3405,Irrigation Facilities,Haryana,Ambala,3185783.52,0.9732622953071369,5.472477064220183,0.48447764554260686,-4.905579569077859,Timeline Duration
3406,Sanitation & Drainage,Kerala,Palakkad,666644.69,0.584545881482613,0.853448275862069,0.3666152617066634,1.0649423962218207,Timeline Duration
3407,Sports Infrastructure,Kerala,Palakkad,1259336.02,0.633709731453494,0.8351648351648352,0.34121665414795627,0.9068659488646265,Timeline Duration
3408,Health Centre Infrastructure,Kerala,Palakkad,4149622.96,1.3850028108766228,0.8280542986425339,0.24649959862575807,0.8977439902899647,Timeline Duration
3409,Health Centre Infrastructure,Kerala,Palakkad,3003881.47,1.0025933246451388,0.8597285067873304,0.5968036473801348,1.0009985659797824,Timeline Duration
3410,Irrigation Facilities,Kerala,Palakkad,2387853.94,0.7294934486014889,0.9862385321100917,0.5292510342040676,1.082593251792528,Timeline Duration
3411,Sports Infrastructure,Kerala,Palakkad,971480.02,0.48885788447997774,0.532967032967033,-0.06962908634794092,-0.2567797930559334,Timeline Duration
3412,Drinking Water Supply,Chhattisgarh,Durg,1561710.29,1.0393468073462362,1.3591549295774648,0.5294540537827774,-0.15309542427909306,Cost Multiplier
3413,Electrification,Chhattisgarh,Durg,472152.1,0.45621773305368335,1.168421052631579,-0.07481589562250349,0.7975854708157872,Timeline Duration
3414,Street Lighting,Chhattisgarh,Durg,962544.05,1.4076285559768076,1.0454545454545454,0.3040234283128235,1.0534827063776373,Timeline Duration
3415,Electrification,Chhattisgarh,Durg,1038199.07,1.003161536661263,7.589473684210526,0.4466016867552984,-6.068410577387914,Timeline Duration
3416,School Infrastructure,Chhattisgarh,Durg,1938567.05,0.8966254170800148,0.8611111111111112,0.569067052867565,1.0366933175771582,Timeline Duration
3417,Electrification,Chhattisgarh,Durg,1332906.38,1.2879229533372645,0.968421052631579,0.03114203086557442,1.1094108214687173,Timeline Duration
3418,Sports Infrastructure,Chhattisgarh,Durg,2675409.67,1.346291312706025,1.1813186813186813,0.2850951779798372,0.6971915296877083,Timeline Duration
3419,Rural Roads,Chhattisgarh,Durg,3551234.89,1.028585066135441,4.937823834196891,0.44971581748566913,-4.680827851035431,Timeline Duration
3420,Sports Infrastructure,Uttar Pradesh,Kushi Nagar,1662388.68,0.8365296213588239,2.2747252747252746,0.25694247343262117,-3.2520439657316325,Timeline Duration
3421,Health Centre Infrastructure,Uttar Pradesh,Kushi Nagar,3804964.16,1.269967442267287,0.6561085972850679,0.08158135109505717,0.6295260616719945,Timeline Duration
3422,Rural Roads,Uttar Pradesh,Kushi Nagar,5776409.08,1.6730878974826588,0.6062176165803109,-0.5254624232881017,0.49838929108309316,Cost Multiplier
3423,Sports Infrastructure,Uttar Pradesh,Kushi Nagar,2824834.76,1.4214834235902305,0.6978021978021978,0.33185470086429264,0.839812119555522,Timeline Duration
3424,Street Lighting,Uttar Pradesh,Kushi Nagar,664886.55,0.9723329485698877,1.5757575757575757,0.6074666465169882,-1.374836872727525,Timeline Duration
3425,School Infrastructure,Uttar Pradesh,Kushi Nagar,3351710.45,1.5502320542189625,1.25,0.14811444631468043,0.47045970950052807,Timeline Duration
3426,Rural Roads,Jharkhand,Rajmahal,5089333.4,1.4740822541942047,1.0414507772020725,0.510514174776149,1.0742365079524074,Timeline Duration
3427,Rural Roads,Jharkhand,Rajmahal,2138790.33,0.6194824789618159,0.9378238341968912,0.09549163399539035,1.0027781339992337,Timeline Duration
3428,Sports Infrastructure,Jharkhand,Rajmahal,704849.56,0.35468692889663667,1.2472527472527473,-1.1595534389431676,0.5439305943750937,Cost Multiplier
3429,Irrigation Facilities,Jharkhand,Rajmahal,3425414.92,1.0464700964422444,1.0458715596330275,0.5525091909219048,1.04048687138742,Timeline Duration
3430,Sports Infrastructure,Jharkhand,Rajmahal,2368090.37,1.1916453500871873,1.2417582417582418,0.2413247022855426,0.5852625093706886,Timeline Duration
3431,Health Centre Infrastructure,Jharkhand,Rajmahal,4741902.56,1.5826855687397328,0.8597285067873304,0.10032088772336475,1.0220220276519116,Timeline Duration
3432,Irrigation Facilities,Bihar,Siwan,1417012.6,0.4328997644997341,1.2706422018348624,-0.2966421446057118,0.5296740543337952,Timeline Duration
3433,Rural Roads,Bihar,Siwan,5331337.3,1.5441766312762384,0.7409326424870466,0.21111897130916446,0.9293270807144351,Timeline Duration
3434,Electrification,Bihar,Siwan,890966.47,0.8608977979135168,0.5368421052631579,0.4414814402828868,-0.24182358404149262,Cost Multiplier
3435,Rural Roads,Bihar,Siwan,3193268.93,0.9249032619051281,1.1968911917098446,0.399993141175192,0.6260030686851931,Timeline Duration
3436,Electrification,Bihar,Siwan,688664.58,0.6654232683111374,0.6210526315789474,0.43892522118933147,0.3334521849480284,Cost Multiplier
3437,Drinking Water Supply,Gujarat,Kachchh,403574.52,0.2685862362399429,0.9225352112676056,-2.23392316674165,0.7511452677229026,Cost Multiplier
3438,Irrigation Facilities,Gujarat,Kachchh,2322805.12,0.7096209232202851,0.7614678899082569,0.5888032823647817,0.9894196144196006,Timeline Duration
3439,School Infrastructure,Gujarat,Kachchh,1806975.55,0.835761758238973,0.38333333333333336,0.2131382542405889,-1.5632473027123204,Timeline Duration
3440,Irrigation Facilities,Gujarat,Kachchh,5074105.66,1.5501479275913057,1.018348623853211,0.24457876950044294,1.0086013451795979,Timeline Duration
3441,Health Centre Infrastructure,Gujarat,Kachchh,4589325.74,1.5317606228804068,0.8868778280542986,0.30329109544255306,1.0182137907059818,Timeline Duration
3442,School Infrastructure,Gujarat,Kachchh,3489930.74,1.6141616589082461,1.4722222222222223,-0.45024490005106566,-1.1069828871830047,Timeline Duration
3443,Sports Infrastructure,Uttar Pradesh,Bhadohi,2167738.31,1.0908263088445218,0.6153846153846154,0.3428142726649752,0.3447670319491326,Timeline Duration
3444,Sanitation & Drainage,Uttar Pradesh,Bhadohi,1003733.55,0.880121482342299,9.448275862068966,0.382047162378327,-7.080187048199717,Timeline Duration
3445,Community Hall Construction,Uttar Pradesh,Bhadohi,2945842.72,1.6479923131655112,1.1376146788990826,-0.5012791383372666,0.6861438713154667,Timeline Duration
3446,Electrification,Uttar Pradesh,Bhadohi,1633789.74,1.578651988351141,0.6526315789473685,0.19369929082634452,0.6628822075321756,Timeline Duration
3447,Street Lighting,Uttar Pradesh,Bhadohi,927561.92,1.3564705387028002,2.757575757575758,0.05019355523832465,-3.3809949256420633,Timeline Duration
3448,Health Centre Infrastructure,Madhya Pradesh,Tikamgarh,2537741.83,0.847011789193779,1.1131221719457014,0.44567438156786304,0.8319380359365568,Timeline Duration
3449,Sanitation & Drainage,Madhya Pradesh,Tikamgarh,909042.04,0.7970914469843791,7.629310344827586,0.38402417226832536,-6.182288836799117,Timeline Duration
3450,Community Hall Construction,Madhya Pradesh,Tikamgarh,1674057.39,0.936517653093821,0.7293577981651376,0.35221060220900535,0.772880308881534,Timeline Duration
3451,Community Hall Construction,Madhya Pradesh,Tikamgarh,2631587.42,1.472188521858037,0.7064220183486238,0.5154977144289103,0.8401040082710641,Timeline Duration
3452,Sanitation & Drainage,Madhya Pradesh,Tikamgarh,621431.28,0.5449006056711687,1.3706896551724137,0.22284535726733867,-0.04351153701871337,Cost Multiplier
3453,Irrigation Facilities,Uttar Pradesh,Chandauli,1721715.51,0.5259870228497189,0.7477064220183486,0.027339916111319407,0.9016850040238608,Timeline Duration
3454,School Infrastructure,Uttar Pradesh,Chandauli,850035.53,0.39315816371638085,1.1333333333333333,-0.9301741215341932,0.7134085727825608,Cost Multiplier
3455,Sports Infrastructure,Uttar Pradesh,Chandauli,2903804.41,1.4612216943136205,0.967032967032967,0.593673649971311,1.1609849033334985,Timeline Duration
3456,School Infrastructure,Uttar Pradesh,Chandauli,3538766.25,1.6367490435035146,0.9444444444444444,-0.37976587493954395,1.044821602979038,Timeline Duration
3457,School Infrastructure,Uttar Pradesh,Chandauli,1795069.47,0.8302549618938128,0.5944444444444444,0.26411072432168187,0.20811992532716994,Cost Multiplier
3458,Street Lighting,Uttar Pradesh,Chandauli,345781.48,0.5056723226079091,0.7121212121212122,0.07653786113093014,0.7424825616647917,Timeline Duration
3459,Sanitation & Drainage,Uttar Pradesh,Chandauli,1700012.09,1.4906517378547623,0.9396551724137931,0.3940325924791959,1.1667619459757042,Timeline Duration
3460,Rural Roads,Uttar Pradesh,Chandauli,2225079.67,0.644475454430888,1.1036269430051813,0.2591050406927926,0.8308002134775321,Timeline Duration
3461,Street Lighting,Maharashtra,Sangli,367601.9,0.5375825986055712,0.6212121212121212,-0.03392850031148131,0.3044675205197555,Timeline Duration
3462,Rural Roads,Maharashtra,Sangli,2433024.94,0.7047050382012543,0.6113989637305699,0.5015410631281164,0.33638115703615346,Cost Multiplier
3463,Health Centre Infrastructure,Maharashtra,Sangli,4771531.21,1.5925746029792387,1.0452488687782806,0.036904233489735205,0.995199366519893,Timeline Duration
3464,Sports Infrastructure,Maharashtra,Sangli,2449710.53,1.2327173823751156,0.9505494505494505,0.2043978357395702,1.0847889949036071,Timeline Duration
3465,Rural Roads,Maharashtra,Sangli,2889720.8,0.8369831205901896,1.0829015544041452,0.39700128105820653,0.9550490441717212,Timeline Duration
3466,Sports Infrastructure,Maharashtra,Sangli,2658730.05,1.3378979710219314,3.9505494505494507,0.10296188407944959,-3.939461464174949,Timeline Duration
3467,Irrigation Facilities,Jharkhand,Palamu,3921828.51,1.1981252942897918,0.4724770642201835,0.3091425954010146,-0.5654585498630976,Timeline Duration
3468,Sanitation & Drainage,Jharkhand,Palamu,311641.5,0.27326214107257607,1.2844827586206897,-1.9542674769578214,0.35982639034770025,Cost Multiplier
3469,Sports Infrastructure,Jharkhand,Palamu,1581778.47,0.7959658054111869,1.0934065934065933,0.6821596340318704,0.9150401673311365,Timeline Duration
3470,Street Lighting,Jharkhand,Palamu,1084931.74,1.5866088398859306,1.0303030303030303,0.054067726681672756,0.9935300114461376,Timeline Duration
3471,Drinking Water Supply,Jharkhand,Palamu,435747.63,0.28999803033198235,1.147887323943662,-1.7757829105678153,0.6048276418953318,Cost Multiplier
3472,Health Centre Infrastructure,Madhya Pradesh,Khajuraho,1687555.51,0.5632485523119269,0.8868778280542986,0.09489704054256681,1.0102383100948606,Timeline Duration
3473,Rural Roads,Madhya Pradesh,Khajuraho,1364169.95,0.39512025582760907,0.694300518134715,-0.9461670428071604,0.6913607778566949,Cost Multiplier
3474,Irrigation Facilities,Madhya Pradesh,Khajuraho,3091132.81,0.944346342076564,1.2477064220183487,0.5393176639629239,0.6089358954329428,Timeline Duration
3475,Health Centre Infrastructure,Madhya Pradesh,Khajuraho,1448572.24,0.4834840763840978,1.3438914027149322,0.1347074424082626,0.21943406047239158,Timeline Duration
3476,Sports Infrastructure,Madhya Pradesh,Khajuraho,3372937.67,1.6972939637389817,0.7197802197802198,-0.8136728818023866,0.9018508089040528,Timeline Duration
3477,Street Lighting,Karnataka,Uttara Kannada,1153002.39,1.6861556510307323,5.545454545454546,-0.7472381280433794,-4.905181860573282,Timeline Duration
3478,Health Centre Infrastructure,Karnataka,Uttara Kannada,900483.7,0.30055078923329015,1.420814479638009,-1.3765884799442374,-0.5803085091227277,Cost Multiplier
3479,Street Lighting,Karnataka,Uttara Kannada,285354.54,0.41730370582169835,5.7727272727272725,-0.5348198511682289,-4.954635509494683,Timeline Duration
3480,Street Lighting,Karnataka,Uttara Kannada,991793.01,1.450402360800206,1.2878787878787878,0.3452142420714792,0.13621717930787186,Cost Multiplier
3481,Electrification,Karnataka,Uttara Kannada,959240.17,0.9268673713649265,0.7684210526315789,0.4873756885614668,0.8951900431330226,Timeline Duration
3482,Community Hall Construction,Karnataka,Uttara Kannada,2137447.35,1.1957518229608646,0.9908256880733946,0.35064837368455054,1.1072405226142454,Timeline Duration
3483,Drinking Water Supply,Karnataka,Uttara Kannada,713319.97,0.4747275075172956,1.176056338028169,-0.003393339584658105,0.7624982715663935,Timeline Duration
3484,Sanitation & Drainage,Bihar,Nawada,1515817.43,1.329141068814422,0.6637931034482759,0.31692763682528613,0.6108436061564723,Timeline Duration
3485,Drinking Water Supply,Bihar,Nawada,506471.06,0.3370657685967248,1.1126760563380282,-1.167501683276595,0.8205726414224945,Cost Multiplier
3486,Irrigation Facilities,Bihar,Nawada,1447162.59,0.44211063783330173,0.9311926605504587,-0.4146973863568093,0.895481990239337,Timeline Duration
3487,Drinking Water Supply,Bihar,Nawada,817038.65,0.5437541891050605,1.3732394366197183,0.25791686110368917,-0.0485830408550631,Cost Multiplier
3488,Community Hall Construction,Bihar,Nawada,653220.75,0.3654311778057893,0.7614678899082569,-1.1959275228188793,0.8217146837551145,Cost Multiplier
3489,Electrification,Bihar,Nawada,579155.25,0.5596097004358114,7.842105263157895,-0.02966333294341894,-6.158867193018759,Timeline Duration
3490,Community Hall Construction,Bihar,Nawada,1162495.52,0.6503346794595143,2.8944954128440368,0.2586204993797629,-3.493613824070574,Timeline Duration
3491,Rural Roads,Andhra Pradesh,Kadapa,4280228.05,1.2397317519833275,0.7409326424870466,0.18719259577852965,0.8825504652554597,Timeline Duration
3492,School Infrastructure,Andhra Pradesh,Kadapa,2162267.79,1.0000914123901115,0.9722222222222222,0.6518405251192485,1.079654264280057,Timeline Duration
3493,Sports Infrastructure,Andhra Pradesh,Kadapa,3341040.81,1.6812431637429572,0.8461538461538461,-0.6617894698873815,1.014640324712286,Timeline Duration
3494,Street Lighting,Andhra Pradesh,Kadapa,599390.22,0.8765508340581617,0.4090909090909091,0.5377979074672229,-1.130129613531597,Timeline Duration
3495,Sports Infrastructure,Andhra Pradesh,Kadapa,2623408.27,1.32012371906473,5.3076923076923075,0.17235794080393005,-4.8986454664497145,Timeline Duration
3496,School Infrastructure,Andhra Pradesh,Kadapa,2691715.65,1.2449714686639561,1.15,0.03193343287764053,0.651885251754662,Timeline Duration
3497,Sports Infrastructure,Andhra Pradesh,Kadapa,1919462.81,0.9658917417926861,0.5054945054945055,0.56095299342507,-0.3020287761797205,Cost Multiplier
3498,Sports Infrastructure,Andhra Pradesh,Kadapa,3256876.46,1.6388908711146102,1.2142857142857142,-0.5520478878144877,0.47530904311995403,Cost Multiplier
3499,Rural Roads,Karnataka,Mysore,5734461.98,1.6609382757414484,0.7357512953367875,-0.3708917401988096,0.9739278674330092,Timeline Duration
3500,Street Lighting,Karnataka,Mysore,1049193.67,1.5343453327067027,0.7121212121212122,0.317226994477264,0.8702823536656115,Timeline Duration
3501,Health Centre Infrastructure,Karnataka,Mysore,4456830.29,1.4875381543700719,1.1221719457013575,0.28248423222952673,0.7040218159260657,Timeline Duration
3502,Rural Roads,Karnataka,Mysore,2114989.45,0.6125887559366736,0.38341968911917096,0.1941323705850765,-1.5327199073266318,Timeline Duration
3503,Irrigation Facilities,Karnataka,Mysore,1847087.22,0.5642882939421064,0.9862385321100917,0.0760523629892941,1.0601705915035373,Timeline Duration
3504,Sports Infrastructure,Karnataka,Mysore,819270.72,0.4122647329335586,1.1263736263736264,-0.6472480221938512,0.7221356519585644,Timeline Duration
3505,Drinking Water Supply,Karnataka,Mysore,2278927.25,1.5166678330984409,1.1830985915492958,0.20877166311612178,0.654798228257503,Timeline Duration
3506,Sanitation & Drainage,Karnataka,Mysore,710635.32,0.6231189654298135,1.0344827586206897,0.14225854773473356,0.9926946360970151,Timeline Duration
3507,School Infrastructure,Delhi,North West Delhi,1441461.7,0.6667044082727843,1.1722222222222223,0.45043226737531866,0.6678036384614848,Timeline Duration
3508,Street Lighting,Delhi,North West Delhi,1048454.22,1.5332639578483602,10.106060606060606,-0.016771004218818084,-7.38113883575437,Timeline Duration
3509,School Infrastructure,Delhi,North West Delhi,1598428.91,0.7393048324542106,1.0222222222222221,0.5531870660143795,0.9882757328444216,Timeline Duration
3510,Sports Infrastructure,Delhi,North West Delhi,1687649.91,0.8492413099195029,1.2472527472527473,0.5029124830221751,0.6366467565052213,Timeline Duration
3511,Street Lighting,Delhi,North West Delhi,163237.41,0.23871909001951036,1.0606060606060606,-2.605261865270455,0.8038452682612702,Cost Multiplier
3512,Irrigation Facilities,Uttar Pradesh,Sambhal,1930178.06,0.5896726871846825,0.8256880733944955,0.30576910270893226,0.9071004025543633,Timeline Duration
3513,Health Centre Infrastructure,Uttar Pradesh,Sambhal,2089450.47,0.6973874017068483,0.5248868778280543,0.49177964206774916,-0.2360910422000725,Cost Multiplier
3514,Street Lighting,Uttar Pradesh,Sambhal,197327.55,0.28857265728351994,0.696969696969697,-1.7225993858835547,0.7790641669780783,Cost Multiplier
3515,Drinking Water Supply,Uttar Pradesh,Sambhal,1499271.2,0.9977924491143362,0.9859154929577465,0.645446484179407,1.1023684088030563,Timeline Duration
3516,Sanitation & Drainage,Uttar Pradesh,Sambhal,1349073.63,1.182932146708164,1.0862068965517242,0.1895201780207198,0.8770320511492053,Timeline Duration
3517,Rural Roads,Uttar Pradesh,Sambhal,9972410.89,2.888424233413758,0.37823834196891193,-6.270895346342363,-0.8530461083374575,Cost Multiplier
3518,Electrification,Uttar Pradesh,Sambhal,334374.58,0.3230899807040517,0.968421052631579,-1.381695341897935,0.9485571760613912,Cost Multiplier
3519,Sports Infrastructure, ,Unknown District,2561114.18,1.2887767469952425,6.302197802197802,-0.016218386270481965,-5.409079878175415,Timeline Duration
3520,Street Lighting, ,Unknown District,546150.09,0.798692239106671,1.1666666666666667,0.554197925074032,0.7262644877870313,Timeline Duration
3521,Irrigation Facilities, ,Unknown District,2660678.5,0.8128418166920363,2.389908256880734,0.43055633654208997,-3.328068806787197,Timeline Duration
3522,Street Lighting, ,Unknown District,323425.73,0.4729791777172638,1.2272727272727273,0.008260472312317512,0.6927805305079293,Timeline Duration
3523,Sanitation & Drainage, ,Unknown District,1006266.62,0.8823425990154209,0.7241379310344828,0.5470460084308272,0.7716660383266295,Timeline Duration
3524,Drinking Water Supply, ,Unknown District,1900842.29,1.265045365987957,1.0704225352112675,-0.023909342206119517,0.8905375296431814,Timeline Duration
3525,Street Lighting, ,Unknown District,567645.46,0.8301271605871862,0.5454545454545454,0.28007775252303674,-0.1381468158218857,Cost Multiplier
3526,Irrigation Facilities, ,Unknown District,931346.79,0.28452803176103253,0.908256880733945,-1.9660526381172896,0.7956122911189749,Cost Multiplier
3527,Irrigation Facilities,Jammu And Kashmir,Anantnag,5143732.39,1.5714190122802396,1.0963302752293578,0.16061076877092492,0.823190706542824,Timeline Duration
3528,School Infrastructure,Uttar Pradesh,Kheri,3225058.68,1.4916531177307084,1.038888888888889,0.3446263085570136,1.068084021520784,Timeline Duration
3529,Sanitation & Drainage,Arunachal Pradesh,Arunachal East,1032006.0,0.9049121158759181,0.9396551724137931,0.4558843107438127,1.0611243218510402,Timeline Duration
3530,Drinking Water Supply,Tamil Nadu,Chennai North,770387.53,0.512707014131829,0.8309859154929577,0.12938509532083198,0.8649009650247512,Timeline Duration
3531,Irrigation Facilities,Uttar Pradesh,Bansgaon,1447027.86,0.44206947758866383,0.4954128440366973,-0.253436945700124,-0.2947877252713863,Timeline Duration
3532,Irrigation Facilities,Maharashtra,Mumbai South,4311975.4,1.3173158341631168,1.2798165137614679,0.14630864659970486,0.2155160682847279,Timeline Duration
3533,Health Centre Infrastructure,West Bengal,Jalpaiguri,4463165.61,1.4896526684096325,0.8823529411764706,0.3501833878288449,0.9668199850973304,Timeline Duration
3534,School Infrastructure,Maharashtra,Beed,803362.71,0.3715710658139376,1.0777777777777777,-1.1418561627812125,0.828581336026574,Cost Multiplier
3535,Sanitation & Drainage,Tamil Nadu,Tenkasi,1068158.85,0.9366126602414012,5.844827586206897,0.388498259996406,-5.156038891855044,Timeline Duration
3536,Drinking Water Supply,Maharashtra,Pune,339367.34,0.2258551817229716,0.6549295774647887,-2.8909657640806485,0.4914509243799476,Cost Multiplier
3537,Electrification,Uttar Pradesh,Etah,1714591.72,1.6567270326892876,11.021052631578947,-0.5279683789180551,-7.447104665809621,Timeline Duration
3538,Community Hall Construction,Chhattisgarh,Korba,609543.11,0.340996602772805,1.261467889908257,-1.2375837933039096,0.39676883614983605,Cost Multiplier
3539,Community Hall Construction,Uttar Pradesh,Azamgarh,2066764.82,1.1562099067125013,0.7981651376146789,0.20290547737018566,0.8708789874747882,Timeline Duration
3540,Sports Infrastructure,Uttar Pradesh,Aonla,3319096.52,1.67020059059172,4.549450549450549,-0.7435124971564809,-4.367606922559812,Timeline Duration
3541,Rural Roads,Meghalaya,Tura,3948292.61,1.1435894670934938,2.704663212435233,0.22103615939142682,-3.337037770647806,Timeline Duration
3542,Drinking Water Supply,Chhattisgarh,Mahasamund,1497569.96,0.9966602427289062,0.9577464788732394,0.5836938682755116,1.098836989124895,Timeline Duration
3543,Street Lighting,Andhra Pradesh,Kadapa,569240.21,0.8324593298418235,0.9545454545454546,0.31425729921151013,1.081983432235768,Timeline Duration
3544,Health Centre Infrastructure,Jammu And Kashmir,Baramullah,3103813.4,1.0359471992695277,0.918552036199095,0.5530083865106358,1.0561142719873537,Timeline Duration
3545,Electrification,Maharashtra,Thane,1487445.01,1.4372461554321445,0.6631578947368421,0.37909588991361753,0.6417179283350765,Timeline Duration
3546,Health Centre Infrastructure,Haryana,Sirsa,2169825.9,0.7242139827115517,4.266968325791855,0.45138791484550966,-4.02931696848836,Timeline Duration
3547,Sanitation & Drainage,Karnataka,Koppal,1906005.53,1.6712766176005767,0.4482758620689655,-0.5617198676001619,-0.6191087647096494,Timeline Duration
3548,Electrification,Tamil Nadu,Chennai Central,1827666.03,1.7659852682765262,1.063157894736842,-1.6589651224788617,0.9314521229253108,Cost Multiplier
3549,Health Centre Infrastructure,Punjab,Faridkot,3529671.96,1.1780842821614808,1.3257918552036199,0.05658887868413265,-0.10525463855083664,Timeline Duration
3550,Sports Infrastructure,Bihar,Madhubani,2860997.04,1.439680623053759,0.4065934065934066,0.3803933886000311,-1.039798608255108,Timeline Duration
3551,Street Lighting,Jharkhand,Palamu,1069382.21,1.5638691403781335,1.0303030303030303,0.2528805936071582,1.0151599122927468,Timeline Duration
3552,Sanitation & Drainage,Uttar Pradesh,Deoria,1835226.13,1.609213861556108,0.5603448275862069,-0.08555065105457561,0.06561034899371225,Cost Multiplier
3553,Community Hall Construction,Rajasthan,Karauli-Dholpur,1065914.49,0.5963043695733138,1.0642201834862386,0.2444738193705575,0.909893959958635,Timeline Duration
3554,Community Hall Construction,Karnataka,Udupi Chikmagalur,1805746.4,1.0101884145146398,1.5642201834862386,0.5215315010862751,-1.4518406823426904,Timeline Duration
3555,Street Lighting,Kerala,Thrissur,811074.77,1.1861192298516845,0.7575757575757576,0.19537747176969522,0.8658247929224614,Timeline Duration
3556,Drinking Water Supply,Kerala,Kollam,1101051.67,0.7327700568187596,0.6619718309859155,0.49541493168984696,0.5412759152440865,Timeline Duration
3557,Sports Infrastructure,Tamil Nadu,Karur,3067000.55,1.5433435270978895,1.8846153846153846,-0.07856580502894045,-2.860757503639305,Timeline Duration
3558,Community Hall Construction,Maharashtra,Hatkanangle,1167347.34,0.6530489323320718,0.9357798165137615,0.33825082839256276,1.0180383252966008,Timeline Duration
3559,Street Lighting,Uttar Pradesh,Fatehpur,718759.24,1.0511166019842808,0.48484848484848486,0.5001512216981964,-0.41016989874398085,Cost Multiplier
3560,Sanitation & Drainage,Tamil Nadu,Tiruvannamalai,983919.56,0.8627476302379079,1.1982758620689655,0.5289532849432339,0.6944534467928902,Timeline Duration
3561,Sports Infrastructure,Jharkhand,Hazaribagh,1342261.0,0.6754383614394658,0.45604395604395603,0.5014372875563805,-0.7003924685177951,Timeline Duration
3562,Sports Infrastructure,Tamil Nadu,Chennai South,2608052.18,1.3123963901266793,1.0604395604395604,0.2819190362196379,0.9919594316608096,Timeline Duration
3563,Sports Infrastructure,Jharkhand,Ranchi,1561689.69,0.785856942346166,0.8571428571428571,0.7234870608349475,1.0684807547682114,Timeline Duration
3564,Irrigation Facilities,Assam,Kokrajhar,2008969.23,0.6137435239137691,1.9357798165137614,0.3621718852542482,-2.5477239557692144,Timeline Duration
3565,School Infrastructure,West Bengal,Bolpur,1657921.68,0.7668214095643474,1.2777777777777777,0.6259063760874365,0.4272826050604026,Cost Multiplier
3566,Drinking Water Supply,Tamil Nadu,Chidambaram,651636.01,0.43367570213380613,1.0211267605633803,-0.5079440634234673,0.8686824777411825,Timeline Duration
3567,Sports Infrastructure,Kerala,Mavelikkara,1826333.11,0.9190280007100285,1.3296703296703296,0.4976874102193702,0.18114406519785647,Cost Multiplier
3568,Drinking Water Supply,Tripura,Tripura East,1520081.87,1.0116423312350695,0.38028169014084506,0.5172116442089197,-1.4884306055598642,Timeline Duration
3569,Street Lighting,Uttar Pradesh,Farrukhabad,1040801.41,1.522072455610655,1.2575757575757576,0.09818343526072679,0.37102938364630755,Timeline Duration
3570,Health Centre Infrastructure,Uttar Pradesh,Ambedkar Nagar,4311470.45,1.4390219906296013,0.9909502262443439,0.4396787758704359,1.162250942791082,Timeline Duration
3571,Health Centre Infrastructure,Uttar Pradesh,Mainpuri,4249706.25,1.4184072043137992,0.9909502262443439,0.41728810889414836,1.1697829556365864,Timeline Duration
3572,Street Lighting,Tamil Nadu,Kanniyakumari,381863.69,0.5584391016023373,0.9696969696969697,-0.004066779612612255,0.9939927463122614,Timeline Duration
3573,Electrification,Telangana,Bhongir,679212.53,0.6562902096554414,0.9368421052631579,0.4158393737793215,1.0321161418821088,Timeline Duration
3574,Community Hall Construction,Uttar Pradesh,Bareilly,1564388.8,0.8751657716479235,4.155963302752293,0.5650767289234604,-4.0568118264629245,Timeline Duration
3575,Rural Roads,Maharashtra,Dindori,1889990.53,0.5474197270841206,0.7668393782383419,0.05773592524622861,0.9199284625246289,Timeline Duration
3576,School Infrastructure,Uttar Pradesh,Hamirpur,3970905.45,1.8366219292190868,3.35,-2.192767856625781,-3.316303057240526,Timeline Duration
3577,Street Lighting,Gujarat,Navsari,503923.8,0.7369403311114391,0.7121212121212122,0.5431985483595951,0.7766435357371456,Timeline Duration
3578,Electrification,Karnataka,Bijapur,1590459.43,1.5367840059770006,1.0421052631578946,0.2614412934083888,1.062276385192384,Timeline Duration
